id_dpe,ligne_source_dpe,annee,date_dpe,source_date_dpe,date_modification_source,modifie_apres_2023,champs_imputes,methodes_imputation,type_logement,etiquette_dpe,etiquette_ges,adresse_brute,adresse_ban_source,adresse,commune,code_postal,code_commune,departement,adresse_normalisee,surface_source_m2,surface_m2,conso_dpe_toutes_energies_ef_source_kwh,conso_dpe_toutes_energies_ep_kwh,energies_source,tout_electrique,energie,conso_electrique_energies_source_kwh,ecart_bilan_ef_kwh,bilan_ef_incoherent,conso_dpe_kwh,methode_conso_dpe,conso_dpe_imputee,conso_dpe_kwh_m2,conso_ep_kwh_m2,emissions_ges_kgco2_m2,emissions_ges_kgco2,cout_energie_source_eur,cout_energie_eur,periode_construction,annee_construction_source,annee_construction,longitude,latitude,statut_geocodage_source,score_ban_source,coordonnees_fiables,groupe_adresse,methode_rapprochement,score_rapprochement,raison_rapprochement,conso_enedis_synthetique,conso_enedis_kwh,conso_enedis_observee_moyenne_adresse_kwh,conso_enedis_totale_adresse_kwh,nombre_logements_enedis,ligne_source_enedis,adresse_enedis_source,origine_enedis,reference_simulation,conso_enedis_kwh_m2,intensite_enedis_estimee,conso_enedis_individuelle_mesuree,ecart_kwh,ecart_absolu_kwh,ecart_pourcentage,ratio_reel_dpe,donnee_imputee,nb_dpe_adresse,plus_dpe_que_logements_enedis
2310E0898211B,220,2023,2023-03-17,etablissement,2026-01-07,True,conso_enedis_kwh,conso_enedis_kwh:simulation_locale_graine_fixe,Maison,C,A,30 bis rue du moulin,30bis Rue du Moulin 10100 Romilly-sur-Seine,30bis Rue du Moulin,Romilly-sur-Seine,10100,10323,10,30 BIS RUE DU MOULIN,218,218,13493.7,25638.1,Électricité,True,Électricité,13493.7,0,False,13493.7,total_EF_logement_tout_electrique,False,61.89770642,117.6059633,4.639908257,1011.5,2217.2,2217.2,2006-2012,2009,2009,3.735052986,48.51670402,adresse géocodée ban à l'adresse,0.59,False,10323|30 BIS RUE DU MOULIN,aucun,0,adresse_absente_ou_incomplete,True,4861.524918,,,,,Non appariée,Simulation pédagogique locale,département : médiane + surface/énergie + aléa,22.30057302,True,False,-8632.175082,8632.175082,-63.9718912,0.360281088,True,1,False
2313E1244565M,9628,2023,2023-02-24,etablissement,2026-01-06,True,conso_enedis_kwh,conso_enedis_kwh:simulation_locale_graine_fixe,Maison,C,B,28 Route de Saint Andiol,28 Route de Saint Andiol 13440 Cabannes,28 Route de Saint Andiol,Cabannes,13440,13018,13,28 ROUTE DE SAINT ANDIOL,75.5,75.5,6683.7,12699,Électricité,True,Électricité,6683.7,0,False,6683.7,total_EF_logement_tout_electrique,False,88.52582781,168.1986755,6,453,1146,1146,avant 1948,1945,1945,4.951631983,43.85608399,adresse non géocodée ban car aucune correspondance trouvée,0.81,False,13018|28 ROUTE DE SAINT ANDIOL,aucun,0,adresse_absente_ou_incomplete,True,6137.281956,,,,,Non appariée,Simulation pédagogique locale,département : médiane + surface/énergie + aléa,81.28850272,True,False,-546.4180444,546.4180444,-8.175382564,0.9182461744,True,1,False
2313E2094979S,7283,2023,2023-06-22,etablissement,2026-01-08,True,conso_enedis_kwh,conso_enedis_kwh:simulation_locale_graine_fixe,Maison,B,A,8 Chemin de l'Ormeau,8 Chemin de l'Ormeau 13200 Arles,8 Chemin de l'Ormeau,Arles,13200,13004,13,8 CHEMIN DE L ORMEAU,156.4,156.4,5853.5,11121.7,Électricité,True,Électricité,5853.5,0,False,5853.5,total_EF_logement_tout_electrique,False,37.42647059,71.11061381,2.682225064,419.5,1015.1,1015.1,1978-1982,1980,1980,4.673226025,43.66073199,adresse géocodée ban à l'adresse,0.63,False,13004|8 CHEMIN DE L ORMEAU,aucun,0,adresse_absente_ou_incomplete,True,3427.739757,,,,,Non appariée,Simulation pédagogique locale,commune : médiane + surface/énergie + aléa,21.91649461,True,False,-2425.760243,2425.760243,-41.44119318,0.5855880682,True,1,False
2314E0142423L,407,2023,2023-01-16,etablissement,2026-01-09,True,conso_enedis_kwh,conso_enedis_kwh:simulation_locale_graine_fixe,Maison,D,D,8 RUE DES PRAIRIES,1 Rue Georges Brassens 14160 Dives-sur-Mer,8 RUE DES PRAIRIES,Dives-sur-Mer,14160,14225,14,8 RUE DES PRAIRIES,81.7,81.7,10097.6,10908.2,GPL + Électricité,False,Gaz / GPL,900.8,1.818989404e-12,False,900.8,somme_des_seules_energies_electriques_EF,False,11.02570379,133.5152999,30.99265606,2532.1,1578,1578,2001-2005,2002,2002,-0.109335963,49.28306304,adresse géocodée ban à l'adresse,0.63,False,14225|8 RUE DES PRAIRIES,aucun,0,adresse_absente_ou_incomplete,True,2363.586578,,,,,Non appariée,Simulation pédagogique locale,commune : médiane + surface/énergie + aléa,28.93006827,True,False,1462.786578,1462.786578,162.3874975,2.623874975,True,1,False
2314E0216896U,1906,2023,2023-01-23,etablissement,2026-01-09,True,conso_enedis_kwh,conso_enedis_kwh:simulation_locale_graine_fixe,Maison,D,D,25 Place du Millénaire,31 Place du Millénaire 14810 Merville-Franceville-Plage,25 Place du Millénaire,Merville-Franceville-Plage,14810,14409,14,25 PLACE DU MILLENAIRE,54.3,54.3,8346.7,9076.2,GPL + Électricité,False,Gaz / GPL,810.6,0,False,810.6,somme_des_seules_energies_electriques_EF,False,14.9281768,167.1491713,38.00736648,2063.8,1315,1315,2001-2005,2001,2001,-0.1992439733,49.27886899,adresse géocodée ban à l'adresse,0.63,False,14409|25 PLACE DU MILLENAIRE,aucun,0,adresse_absente_ou_incomplete,True,1941.557762,,,,,Non appariée,Simulation pédagogique locale,département : médiane + surface/énergie + aléa,35.75612821,True,False,1130.957762,1130.957762,139.5210661,2.395210661,True,1,False
2314E0511788U,145,2023,2023-02-15,etablissement,2026-01-09,True,conso_enedis_kwh,conso_enedis_kwh:simulation_locale_graine_fixe,Maison,C,C,42 Chemin de l’Epinay,42 Chemin de l’Epinay 14800 Touques,42 Chemin de l’Epinay,Touques,14800,14699,14,42 CHEMIN DE L EPINAY,81.2,81.2,8126.4,8553.3,Gaz naturel + Électricité,False,Gaz / GPL,474.3,0.1,False,474.3,somme_des_seules_energies_electriques_EF,False,5.841133005,105.3362069,21,1705.2,868,868,après 2021,2015,2015,0.09910004441,49.35723101,adresse géocodée ban à l'adresse,0.43,False,14699|42 CHEMIN DE L EPINAY,aucun,0,adresse_absente_ou_incomplete,True,1384.713376,,,,,Non appariée,Simulation pédagogique locale,département : médiane + surface/énergie + aléa,17.05312039,True,False,910.4133758,910.4133758,191.9488458,2.919488458,True,1,False
2314E0536108E,5487,2023,2023-01-30,etablissement,2026-01-09,True,conso_enedis_kwh,conso_enedis_kwh:simulation_locale_graine_fixe,Appartement,D,C,2 Rue Maurice Ravel,2 Rue Maurice Ravel 14100 Lisieux,2 Rue Maurice Ravel,Lisieux,14100,14366,14,2 RUE MAURICE RAVEL,76,76,16775.1,17005.5,Réseau de Chauffage urbain + Électricité,False,Réseau de chaleur,74.3,181.7,True,74.3,somme_des_seules_energies_electriques_EF,False,0.9776315789,223.7565789,26.09078947,1982.9,1374.2,1374.2,1978-1982,1979,1979,0.2538539989,49.14310996,adresse non géocodée ban car aucune correspondance trouvée,0.8,False,14366|2 RUE MAURICE RAVEL,aucun,0,adresse_absente_ou_incomplete,True,1833.204133,,,,,Non appariée,Simulation pédagogique locale,département : médiane + surface/énergie + aléa,24.12110701,True,False,1758.904133,1758.904133,2367.300313,24.67300313,True,3,False
2314E0536110G,6600,2023,2023-01-30,etablissement,2026-01-09,True,conso_enedis_kwh,conso_enedis_kwh:simulation_locale_graine_fixe,Appartement,D,C,2 Rue Maurice Ravel,2 Rue Maurice Ravel 14100 Lisieux,2 Rue Maurice Ravel,Lisieux,14100,14366,14,2 RUE MAURICE RAVEL,63,63,13905.7,14096.7,Réseau de Chauffage urbain + Électricité,False,Réseau de chaleur,61.6,150.6,True,61.6,somme_des_seules_energies_electriques_EF,False,0.9777777778,223.7571429,26.09047619,1643.7,1139.2,1139.2,1978-1982,1979,1979,0.2538539989,49.14310996,adresse non géocodée ban car aucune correspondance trouvée,0.8,False,14366|2 RUE MAURICE RAVEL,aucun,0,adresse_absente_ou_incomplete,True,1833.204133,,,,,Non appariée,Simulation pédagogique locale,département : médiane + surface/énergie + aléa,29.0984783,True,False,1771.604133,1771.604133,2875.980735,29.75980735,True,3,False
2314E0536123T,7466,2023,2023-01-30,etablissement,2026-01-09,True,conso_enedis_kwh,conso_enedis_kwh:simulation_locale_graine_fixe,Appartement,D,C,2 Rue Maurice Ravel,2 Rue Maurice Ravel 14100 Lisieux,2 Rue Maurice Ravel,Lisieux,14100,14366,14,2 RUE MAURICE RAVEL,63,63,13905.7,14096.7,Réseau de Chauffage urbain + Électricité,False,Réseau de chaleur,61.6,150.6,True,61.6,somme_des_seules_energies_electriques_EF,False,0.9777777778,223.7571429,26.09047619,1643.7,1139.2,1139.2,1978-1982,1979,1979,0.2538539989,49.14310996,adresse non géocodée ban car aucune correspondance trouvée,0.8,False,14366|2 RUE MAURICE RAVEL,aucun,0,adresse_absente_ou_incomplete,True,1833.204133,,,,,Non appariée,Simulation pédagogique locale,département : médiane + surface/énergie + aléa,29.0984783,True,False,1771.604133,1771.604133,2875.980735,29.75980735,True,3,False
2314E0536278S,1412,2023,2023-01-30,etablissement,2026-01-09,True,conso_enedis_kwh,conso_enedis_kwh:simulation_locale_graine_fixe,Appartement,D,C,13 Place Mozart,13 Place Mozart 14100 Lisieux,13 Place Mozart,Lisieux,14100,14366,14,13 PLACE MOZART,89,89,16662,16926,Réseau de Chauffage urbain + Électricité,False,Réseau de chaleur,85.1,208.2,True,85.1,somme_des_seules_energies_electriques_EF,False,0.9561797753,190.1797753,22.10674157,1967.5,1373.2,1373.2,1978-1982,1979,1979,0.2543369526,49.14377204,adresse non géocodée ban car aucune correspondance trouvée,0.79,False,14366|13 PLACE MOZART,aucun,0,adresse_absente_ou_incomplete,True,2411.551077,,,,,Non appariée,Simulation pédagogique locale,département : médiane + surface/énergie + aléa,27.09607952,True,False,2326.451077,2326.451077,2733.78505,28.3378505,True,1,False
2314E0536372I,8089,2023,2023-01-30,etablissement,2026-01-09,True,conso_enedis_kwh,conso_enedis_kwh:simulation_locale_graine_fixe,Appartement,D,C,17 Place Mozart,17 Place Mozart 14100 Lisieux,17 Place Mozart,Lisieux,14100,14366,14,17 PLACE MOZART,65,65,13125.1,13319.4,Réseau de Chauffage urbain + Électricité,False,Réseau de chaleur,62.6,153.3,True,62.6,somme_des_seules_energies_electriques_EF,False,0.9630769231,204.9138462,23.85538462,1550.6,1078.6,1078.6,1978-1982,1979,1979,0.2546199976,49.14372003,adresse non géocodée ban car aucune correspondance trouvée,0.79,False,14366|17 PLACE MOZART,aucun,0,adresse_absente_ou_incomplete,True,1700.097861,,,,,Non appariée,Simulation pédagogique locale,département : médiane + surface/énergie + aléa,26.15535171,True,False,1637.497861,1637.497861,2615.811279,27.15811279,True,1,False
2314E0537276C,8233,2023,2023-01-30,etablissement,2026-01-09,True,conso_enedis_kwh,conso_enedis_kwh:simulation_locale_graine_fixe,Appartement,D,C,1 Allée du Chien,1 Allée du Chien 14100 Lisieux,1 Allée du Chien,Lisieux,14100,14366,14,1 ALLEE DU CHIEN,67,67,16135.2,16344.6,Réseau de Chauffage urbain + Électricité,False,Réseau de chaleur,67.5,165.1,True,67.5,somme_des_seules_energies_electriques_EF,False,1.007462687,243.9492537,28.4761194,1907.9,1319,1319,1978-1982,1979,1979,0.254850995,49.14398502,adresse non géocodée ban car aucune correspondance trouvée,0.78,False,14366|1 ALLEE DU CHIEN,aucun,0,adresse_absente_ou_incomplete,True,2356.637941,,,,,Non appariée,Simulation pédagogique locale,département : médiane + surface/énergie + aléa,35.17370062,True,False,2289.137941,2289.137941,3391.315469,34.91315469,True,1,False
2314E0537355D,7371,2023,2023-01-30,etablissement,2026-01-09,True,conso_enedis_kwh,conso_enedis_kwh:simulation_locale_graine_fixe,Appartement,D,C,2 Allée du Chien,2 Allée du Chien 14100 Lisieux,2 Allée du Chien,Lisieux,14100,14366,14,2 ALLEE DU CHIEN,83,83,16286.9,17122.6,Réseau de Chauffage urbain + Électricité,False,Réseau de chaleur,78.2,850.2,True,78.2,somme_des_seules_energies_electriques_EF,False,0.9421686747,206.2963855,22.74578313,1887.9,1478.1,1478.1,1978-1982,1979,1979,0.2552909317,49.14366102,adresse non géocodée ban car aucune correspondance trouvée,0.78,False,14366|2 ALLEE DU CHIEN,aucun,0,adresse_absente_ou_incomplete,True,2272.495656,,,,,Non appariée,Simulation pédagogique locale,département : médiane + surface/énergie + aléa,27.37946574,True,False,2194.295656,2194.295656,2806.004675,29.06004675,True,1,False
2314E0537631T,7325,2023,2023-01-30,etablissement,2026-01-09,True,conso_enedis_kwh,conso_enedis_kwh:simulation_locale_graine_fixe,Appartement,D,C,4 Allée du Chien,4 Allée du Chien 14100 Lisieux,4 Allée du Chien,Lisieux,14100,14366,14,4 ALLEE DU CHIEN,67,67,13363.6,14041.9,Réseau de Chauffage urbain + Électricité,False,Réseau de chaleur,64.3,689.3,True,64.3,somme_des_seules_energies_electriques_EF,False,0.9597014925,209.580597,23.12686567,1549.5,1211,1211,1978-1982,1979,1979,0.2554649447,49.14366104,adresse non géocodée ban car aucune correspondance trouvée,0.78,False,14366|4 ALLEE DU CHIEN,aucun,0,adresse_absente_ou_incomplete,True,1750.831538,,,,,Non appariée,Simulation pédagogique locale,département : médiane + surface/énergie + aléa,26.131814,True,False,1686.531538,1686.531538,2622.910635,27.22910635,True,2,False
2314E0537657T,2520,2023,2023-01-30,etablissement,2026-01-09,True,conso_enedis_kwh,conso_enedis_kwh:simulation_locale_graine_fixe,Appartement,D,C,4 Allée du Chien,4 Allée du Chien 14100 Lisieux,4 Allée du Chien,Lisieux,14100,14366,14,4 ALLEE DU CHIEN,64,64,12765.2,13413.1,Réseau de Chauffage urbain + Électricité,False,Réseau de chaleur,61.5,658.3,True,61.5,somme_des_seules_energies_electriques_EF,False,0.9609375,209.5796875,23.1265625,1480.1,1156.8,1156.8,1978-1982,1979,1979,0.2554649447,49.14366104,adresse non géocodée ban car aucune correspondance trouvée,0.78,False,14366|4 ALLEE DU CHIEN,aucun,0,adresse_absente_ou_incomplete,True,1750.831538,,,,,Non appariée,Simulation pédagogique locale,département : médiane + surface/énergie + aléa,27.35674278,True,False,1689.331538,1689.331538,2746.88055,28.4688055,True,2,False
2314E0539127H,702,2023,2023-02-16,etablissement,2026-01-09,True,conso_enedis_kwh,conso_enedis_kwh:simulation_locale_graine_fixe,Maison,C,C,28 Rue des Ecureuils,25 Rue des Ecureuils 14800 Touques,28 Rue des Ecureuils,Touques,14800,14699,14,28 RUE DES ECUREUILS,81.3,81.3,8677.8,9106.3,Gaz naturel + Électricité,False,Gaz / GPL,476.1,-0.1,False,476.1,somme_des_seules_energies_electriques_EF,False,5.856088561,112.0086101,23,1869.9,904,904,après 2021,2015,2015,0.09954896225,49.35673897,adresse géocodée ban à l'adresse,0.62,False,14699|28 RUE DES ECUREUILS,aucun,0,adresse_absente_ou_incomplete,True,1686.280965,,,,,Non appariée,Simulation pédagogique locale,département : médiane + surface/énergie + aléa,20.74146328,True,False,1210.180965,1210.180965,254.186298,3.54186298,True,1,False
2314E0539328A,926,2023,2023-02-17,etablissement,2026-01-09,True,conso_enedis_kwh,conso_enedis_kwh:simulation_locale_graine_fixe,Maison,C,C,40 Chemin de l’Epinay,40 Chemin de l’Epinay 14800 Touques,40 Chemin de l’Epinay,Touques,14800,14699,14,40 CHEMIN DE L EPINAY,80.5,80.5,8822.7,9250.1,Gaz naturel + Électricité,False,Gaz / GPL,474.9,1.818989404e-12,False,474.9,somme_des_seules_energies_electriques_EF,False,5.899378882,114.9080745,23,1851.5,912,912,après 2021,2015,2015,0.09901998093,49.35718798,adresse géocodée ban à l'adresse,0.43,False,14699|40 CHEMIN DE L EPINAY,aucun,0,adresse_absente_ou_incomplete,True,1532.192522,,,,,Non appariée,Simulation pédagogique locale,département : médiane + surface/énergie + aléa,19.03344747,True,False,1057.292522,1057.292522,222.6347698,3.226347698,True,1,False
2314E0539629P,7038,2023,2023-02-13,etablissement,2026-01-09,True,conso_enedis_kwh,conso_enedis_kwh:simulation_locale_graine_fixe,Maison,E,E,1 Boulevard de l'Avenir,1 Boulevard de l'Avenir 14640 Villers-sur-Mer,1 Boulevard de l'Avenir,Villers-sur-Mer,14640,14754,14,1 BOULEVARD DE L AVENIR,57,57,16985.2,17370.5,Gaz naturel + Électricité,False,Gaz / GPL,428.2,0,False,428.2,somme_des_seules_energies_electriques_EF,False,7.512280702,304.745614,66,3762,1436,1436,avant 1948,1934,1934,0.007701000681,49.32565496,adresse géocodée ban à l'adresse,0.35,False,14754|1 BOULEVARD DE L AVENIR,aucun,0,adresse_absente_ou_incomplete,True,2235.372578,,,,,Non appariée,Simulation pédagogique locale,département : médiane + surface/énergie + aléa,39.21706278,True,False,1807.172578,1807.172578,422.0393691,5.220393691,True,1,False
2314E0539759P,9865,2023,2023-02-17,etablissement,2026-01-09,True,conso_enedis_kwh,conso_enedis_kwh:simulation_locale_graine_fixe,Maison,C,C,35 Rue des Ecureuils,25 Rue des Ecureuils 14800 Touques,35 Rue des Ecureuils,Touques,14800,14699,14,35 RUE DES ECUREUILS,79.3,79.3,8826,9251.4,Gaz naturel + Électricité,False,Gaz / GPL,472.7,0,False,472.7,somme_des_seules_energies_electriques_EF,False,5.960907945,116.6633039,24,1903.2,912,912,après 2021,2015,2015,0.09954896225,49.35673897,adresse géocodée ban à l'adresse,0.62,False,14699|35 RUE DES ECUREUILS,aucun,0,adresse_absente_ou_incomplete,True,1072.774068,,,,,Non appariée,Simulation pédagogique locale,département : médiane + surface/énergie + aléa,13.52804626,True,False,600.0740681,600.0740681,126.946069,2.26946069,True,1,False
2314E0543127D,7207,2023,2023-02-20,etablissement,2026-01-09,True,conso_enedis_kwh,conso_enedis_kwh:simulation_locale_graine_fixe,Maison,G,C,15 Rue des Cités Jardins,11 Rue des Cités Jardins 14160 Dives-sur-Mer,15 Rue des Cités Jardins,Dives-sur-Mer,14160,14225,14,15 RUE DES CITES JARDINS,42,42,9753.3,18531.3,Électricité,True,Électricité,9753.3,0,False,9753.3,total_EF_logement_tout_electrique,False,232.2214286,441.2214286,17,714,1629,1629,1978-1982,1982,1982,-0.09895003191,49.29073098,adresse géocodée ban à l'adresse,0.41,False,14225|15 RUE DES CITES JARDINS,aucun,0,adresse_absente_ou_incomplete,True,2565.667575,,,,,Non appariée,Simulation pédagogique locale,commune : médiane + surface/énergie + aléa,61.08732322,True,False,-7187.632425,7187.632425,-73.69436421,0.2630563579,True,1,False
2314E0543421L,7124,2023,2023-02-20,etablissement,2026-01-09,True,conso_enedis_kwh,conso_enedis_kwh:simulation_locale_graine_fixe,Maison,G,C,9 Rue des Cités Jardins,11 Rue des Cités Jardins 14160 Dives-sur-Mer,9 Rue des Cités Jardins,Dives-sur-Mer,14160,14225,14,9 RUE DES CITES JARDINS,29,29,8027.2,15251.6,Électricité,True,Électricité,8027.2,0,False,8027.2,total_EF_logement_tout_electrique,False,276.8,525.9172414,21,609,1357,1357,1978-1982,1982,1982,-0.09895003191,49.29073098,adresse géocodée ban à l'adresse,0.41,False,14225|9 RUE DES CITES JARDINS,aucun,0,adresse_absente_ou_incomplete,True,3307.408562,,,,,Non appariée,Simulation pédagogique locale,commune : médiane + surface/énergie + aléa,114.0485711,True,False,-4719.791438,4719.791438,-58.79748154,0.4120251846,True,1,False
2314E0544066G,6874,2023,2023-02-20,etablissement,2026-01-09,True,conso_enedis_kwh,conso_enedis_kwh:simulation_locale_graine_fixe,Maison,G,C,6 Rue Ambroise Croizat,6 Rue Ambroise Croizat 14160 Dives-sur-Mer,6 Rue Ambroise Croizat,Dives-sur-Mer,14160,14225,14,6 RUE AMBROISE CROIZAT,43,43,9806.4,18632.1,Électricité,True,Électricité,9806.4,0,False,9806.4,total_EF_logement_tout_electrique,False,228.055814,433.3046512,17,731,1638,1638,1978-1982,1982,1982,-0.09892596359,49.29089596,adresse géocodée ban à l'adresse,0.47,False,14225|6 RUE AMBROISE CROIZAT,aucun,0,adresse_absente_ou_incomplete,True,4280.099548,,,,,Non appariée,Simulation pédagogique locale,commune : médiane + surface/énergie + aléa,99.5371988,True,False,-5526.300452,5526.300452,-56.35401831,0.4364598169,True,1,False
2314E0547521D,5045,2023,2023-02-20,etablissement,2026-01-09,True,conso_enedis_kwh,conso_enedis_kwh:simulation_locale_graine_fixe,Maison,G,C,7 Rue des Cités Jardins,11 Rue des Cités Jardins 14160 Dives-sur-Mer,7 Rue des Cités Jardins,Dives-sur-Mer,14160,14225,14,7 RUE DES CITES JARDINS,42,42,9762.4,18548.5,Électricité,True,Électricité,9762.4,0,False,9762.4,total_EF_logement_tout_electrique,False,232.4380952,441.6309524,17,714,1630,1630,1978-1982,1982,1982,-0.09895003191,49.29073098,adresse géocodée ban à l'adresse,0.41,False,14225|7 RUE DES CITES JARDINS,aucun,0,adresse_absente_ou_incomplete,True,3870.816312,,,,,Non appariée,Simulation pédagogique locale,commune : médiane + surface/énergie + aléa,92.16229315,True,False,-5891.583688,5891.583688,-60.34974686,0.3965025314,True,1,False
2314E0548806O,1589,2023,2023-02-13,etablissement,2026-01-09,True,conso_enedis_kwh,conso_enedis_kwh:simulation_locale_graine_fixe,Appartement,D,D,10 Rue Saint Hippolyte,10 Rue Saint Hippolyte 14100 Lisieux,10 Rue Saint Hippolyte,Lisieux,14100,14366,14,10 RUE SAINT HIPPOLYTE,48,48,9499.3,9857.2,Gaz naturel + Électricité,False,Gaz / GPL,82.1,315.7,True,82.1,somme_des_seules_energies_electriques_EF,False,1.710416667,205.3583333,43.58333333,2092,115.4,115.4,1948-1974,1963,1963,0.2248180377,49.13749003,adresse non géocodée ban car aucune correspondance trouvée,0.8,False,14366|10 RUE SAINT HIPPOLYTE,aucun,0,adresse_absente_ou_incomplete,True,1211.168531,,,,,Non appariée,Simulation pédagogique locale,département : médiane + surface/énergie + aléa,25.23267773,True,False,1129.068531,1129.068531,1375.235726,14.75235726,True,3,False
2314E0548816Y,3852,2023,2023-02-13,etablissement,2026-01-09,True,conso_enedis_kwh,conso_enedis_kwh:simulation_locale_graine_fixe,Appartement,D,D,10 Rue Saint Hippolyte,10 Rue Saint Hippolyte 14100 Lisieux,10 Rue Saint Hippolyte,Lisieux,14100,14366,14,10 RUE SAINT HIPPOLYTE,48,48,9508.3,9866.5,Gaz naturel + Électricité,False,Gaz / GPL,82.2,315.8,True,82.2,somme_des_seules_energies_electriques_EF,False,1.7125,205.5520833,43.625,2094,115.4,115.4,1948-1974,1963,1963,0.2248180377,49.13749003,adresse non géocodée ban car aucune correspondance trouvée,0.8,False,14366|10 RUE SAINT HIPPOLYTE,aucun,0,adresse_absente_ou_incomplete,True,1211.168531,,,,,Non appariée,Simulation pédagogique locale,département : médiane + surface/énergie + aléa,25.23267773,True,False,1128.968531,1128.968531,1373.441035,14.73441035,True,3,False
2314E0548915T,8658,2023,2023-02-13,etablissement,2026-01-09,True,conso_enedis_kwh,conso_enedis_kwh:simulation_locale_graine_fixe,Appartement,E,E,10 Rue Saint Hippolyte,10 Rue Saint Hippolyte 14100 Lisieux,10 Rue Saint Hippolyte,Lisieux,14100,14366,14,10 RUE SAINT HIPPOLYTE,48,48,14387.4,14861.4,Gaz naturel + Électricité,False,Gaz / GPL,119.5,407.2,True,119.5,somme_des_seules_energies_electriques_EF,False,2.489583333,309.6125,66.26041667,3180.5,152.8,152.8,1948-1974,1963,1963,0.2248180377,49.13749003,adresse non géocodée ban car aucune correspondance trouvée,0.8,False,14366|10 RUE SAINT HIPPOLYTE,aucun,0,adresse_absente_ou_incomplete,True,1211.168531,,,,,Non appariée,Simulation pédagogique locale,département : médiane + surface/énergie + aléa,25.23267773,True,False,1091.668531,1091.668531,913.5301515,10.13530151,True,3,False
2314E0549694S,9825,2023,2023-02-13,etablissement,2026-01-09,True,conso_enedis_kwh,conso_enedis_kwh:simulation_locale_graine_fixe,Appartement,D,D,8 Rue Saint Hippolyte,8 Rue Saint Hippolyte 14100 Lisieux,8 Rue Saint Hippolyte,Lisieux,14100,14366,14,8 RUE SAINT HIPPOLYTE,48,48,9499.3,9857.2,Gaz naturel + Électricité,False,Gaz / GPL,82.1,315.7,True,82.1,somme_des_seules_energies_electriques_EF,False,1.710416667,205.3583333,43.58333333,2092,115.4,115.4,1948-1974,1963,1963,0.2253130164,49.13742597,adresse non géocodée ban car aucune correspondance trouvée,0.8,False,14366|8 RUE SAINT HIPPOLYTE,aucun,0,adresse_absente_ou_incomplete,True,1727.76432,,,,,Non appariée,Simulation pédagogique locale,département : médiane + surface/énergie + aléa,35.99509,True,False,1645.66432,1645.66432,2004.46324,21.0446324,True,1,False
2314E0550451V,4882,2023,2023-02-13,etablissement,2026-01-09,True,conso_enedis_kwh,conso_enedis_kwh:simulation_locale_graine_fixe,Appartement,C,C,6 Rue Saint Hippolyte,6 Rue Saint Hippolyte 14100 Lisieux,6 Rue Saint Hippolyte,Lisieux,14100,14366,14,6 RUE SAINT HIPPOLYTE,48,48,5572,5836.7,Gaz naturel + Électricité,False,Gaz / GPL,52.1,242,True,52.1,somme_des_seules_energies_electriques_EF,False,1.085416667,121.5979167,25.3625,1217.4,85.3,85.3,1948-1974,1963,1963,0.2258100213,49.13736501,adresse non géocodée ban car aucune correspondance trouvée,0.8,False,14366|6 RUE SAINT HIPPOLYTE,aucun,0,adresse_absente_ou_incomplete,True,1566.971756,,,,,Non appariée,Simulation pédagogique locale,département : médiane + surface/énergie + aléa,32.64524491,True,False,1514.871756,1514.871756,2907.623331,30.07623331,True,3,False
2314E0550466K,3571,2023,2023-02-13,etablissement,2026-01-09,True,conso_enedis_kwh,conso_enedis_kwh:simulation_locale_graine_fixe,Appartement,C,C,6 Rue Saint Hippolyte,6 Rue Saint Hippolyte 14100 Lisieux,6 Rue Saint Hippolyte,Lisieux,14100,14366,14,6 RUE SAINT HIPPOLYTE,48,48,5586.2,5851.2,Gaz naturel + Électricité,False,Gaz / GPL,52.2,242.3,True,52.2,somme_des_seules_energies_electriques_EF,False,1.0875,121.9,25.42708333,1220.5,85.4,85.4,1948-1974,1963,1963,0.2258100213,49.13736501,adresse non géocodée ban car aucune correspondance trouvée,0.8,False,14366|6 RUE SAINT HIPPOLYTE,aucun,0,adresse_absente_ou_incomplete,True,1566.971756,,,,,Non appariée,Simulation pédagogique locale,département : médiane + surface/énergie + aléa,32.64524491,True,False,1514.771756,1514.771756,2901.861601,30.01861601,True,3,False
2314E0550543J,119,2023,2023-02-13,etablissement,2026-01-09,True,conso_enedis_kwh,conso_enedis_kwh:simulation_locale_graine_fixe,Appartement,E,E,6 Rue Saint Hippolyte,6 Rue Saint Hippolyte 14100 Lisieux,6 Rue Saint Hippolyte,Lisieux,14100,14366,14,6 RUE SAINT HIPPOLYTE,48,48,13418.5,13869.5,Gaz naturel + Électricité,False,Gaz / GPL,112.1,389,True,112.1,somme_des_seules_energies_electriques_EF,False,2.335416667,288.9479167,61.76666667,2964.8,145.4,145.4,1948-1974,1963,1963,0.2258100213,49.13736501,adresse non géocodée ban car aucune correspondance trouvée,0.8,False,14366|6 RUE SAINT HIPPOLYTE,aucun,0,adresse_absente_ou_incomplete,True,1566.971756,,,,,Non appariée,Simulation pédagogique locale,département : médiane + surface/énergie + aléa,32.64524491,True,False,1454.871756,1454.871756,1297.833859,13.97833859,True,3,False
2314E0551696S,2123,2023,2023-02-13,etablissement,2026-01-09,True,conso_enedis_kwh,conso_enedis_kwh:simulation_locale_graine_fixe,Appartement,D,D,4 Rue Saint Hippolyte,4 Rue Saint Hippolyte 14100 Lisieux,4 Rue Saint Hippolyte,Lisieux,14100,14366,14,4 RUE SAINT HIPPOLYTE,48,48,9499.3,9857.2,Gaz naturel + Électricité,False,Gaz / GPL,82.1,315.7,True,82.1,somme_des_seules_energies_electriques_EF,False,1.710416667,205.3583333,43.58333333,2092,115.4,115.4,1948-1974,1963,1963,0.2258830428,49.13766303,adresse non géocodée ban car aucune correspondance trouvée,0.8,False,14366|4 RUE SAINT HIPPOLYTE,aucun,0,adresse_absente_ou_incomplete,True,943.0272674,,,,,Non appariée,Simulation pédagogique locale,département : médiane + surface/énergie + aléa,19.6464014,True,False,860.9272674,860.9272674,1048.632482,11.48632482,True,1,False
2314E0559388O,565,2023,2023-02-21,etablissement,2026-01-09,True,conso_enedis_kwh,conso_enedis_kwh:simulation_locale_graine_fixe,Maison,G,C,21 Rue Ambroise Croizat,21 Rue Ambroise Croizat 14160 Dives-sur-Mer,21 Rue Ambroise Croizat,Dives-sur-Mer,14160,14225,14,21 RUE AMBROISE CROIZAT,28,28,7971.3,15145.5,Électricité,True,Électricité,7971.3,0,False,7971.3,total_EF_logement_tout_electrique,False,284.6892857,540.9107143,21,588,1348,1348,1978-1982,1982,1982,-0.09926995722,49.29117096,adresse géocodée ban à l'adresse,0.46,False,14225|21 RUE AMBROISE CROIZAT,aucun,0,adresse_absente_ou_incomplete,True,3621.875679,,,,,Non appariée,Simulation pédagogique locale,commune : médiane + surface/énergie + aléa,129.3527028,True,False,-4349.424321,4349.424321,-54.56355075,0.4543644925,True,1,False
2314E0560865J,7823,2023,2023-02-21,etablissement,2026-01-09,True,conso_enedis_kwh,conso_enedis_kwh:simulation_locale_graine_fixe,Maison,G,C,10 Rue Ambroise Croizat,20 Rue Ambroise Croizat 14160 Dives-sur-Mer,10 Rue Ambroise Croizat,Dives-sur-Mer,14160,14225,14,10 RUE AMBROISE CROIZAT,29,29,8073.1,15338.9,Électricité,True,Électricité,8073.1,0,False,8073.1,total_EF_logement_tout_electrique,False,278.3827586,528.9275862,21,609,1364,1364,1978-1982,1982,1982,-0.09918299112,49.29115196,adresse géocodée ban à l'adresse,0.46,False,14225|10 RUE AMBROISE CROIZAT,aucun,0,adresse_absente_ou_incomplete,True,2270.477025,,,,,Non appariée,Simulation pédagogique locale,commune : médiane + surface/énergie + aléa,78.29231122,True,False,-5802.622975,5802.622975,-71.87602005,0.2812397995,True,1,False
2314E0607564M,3522,2023,2023-02-22,etablissement,2026-01-09,True,Aucun,Aucune,Appartement,E,B,67 Rue Haute,67 Rue Haute 14600 Honfleur,67 Rue Haute,Honfleur,14600,14333,14,67 RUE HAUTE,56,56,7875.9,14964.2,Électricité,True,Électricité,7449.5,426.4,True,7875.9,total_EF_logement_tout_electrique,False,140.6410714,267.2178571,10.48571429,587.2,1333.3,1333.3,1983-1988,1986,1986,0.2308719683,49.42300902,adresse non géocodée ban car aucune correspondance trouvée,0.78,False,14333|67 RUE HAUTE,exact_normalise,1,apparie,False,4972.375,4972.375,79558,16,717543,67 RUE HAUTE,Moyenne observée à l'adresse,Sans simulation,88.79241071,True,False,-2903.525,2903.525,-36.86594548,0.6313405452,False,2,False
2314E0607607D,1328,2023,2023-02-22,etablissement,2026-01-09,True,Aucun,Aucune,Appartement,C,B,67 Rue Haute,67 Rue Haute 14600 Honfleur,67 Rue Haute,Honfleur,14600,14333,14,67 RUE HAUTE,61,61,5643.2,10722.2,Électricité,True,Électricité,5179.3,463.9,True,5643.2,total_EF_logement_tout_electrique,False,92.51147541,175.7737705,6.718032787,409.8,982,982,1983-1988,1986,1986,0.2308719683,49.42300902,adresse non géocodée ban car aucune correspondance trouvée,0.78,False,14333|67 RUE HAUTE,exact_normalise,1,apparie,False,4972.375,4972.375,79558,16,717543,67 RUE HAUTE,Moyenne observée à l'adresse,Sans simulation,81.51434426,True,False,-670.825,670.825,-11.88731571,0.8811268429,False,2,False
2314E0649015T,2969,2023,2023-02-27,etablissement,2026-01-09,True,conso_enedis_kwh,conso_enedis_kwh:simulation_locale_graine_fixe,Maison,D,D,2 Cité d'Orival,21 Cité d'Orival 14100 Lisieux,2 Cité d'Orival,Lisieux,14100,14366,14,2 CITE D ORIVAL,48,48,8222.8,8870.2,Gaz naturel + Électricité,False,Gaz / GPL,719.3,0,False,719.3,somme_des_seules_energies_electriques_EF,False,14.98541667,184.7958333,36,1728,928,928,1989-2000,1989,1989,0.230467993,49.13581602,adresse géocodée ban à l'adresse,0.43,False,14366|2 CITE D ORIVAL,aucun,0,adresse_absente_ou_incomplete,True,1411.186124,,,,,Non appariée,Simulation pédagogique locale,département : médiane + surface/énergie + aléa,29.39971092,True,False,691.8861242,691.8861242,96.18881193,1.961888119,True,1,False
2314E0649187J,9097,2023,2023-02-27,etablissement,2026-01-09,True,conso_enedis_kwh,conso_enedis_kwh:simulation_locale_graine_fixe,Maison,D,D,6 Cité d'Orival,21 Cité d'Orival 14100 Lisieux,6 Cité d'Orival,Lisieux,14100,14366,14,6 CITE D ORIVAL,48,48,9320.5,9970.6,Gaz naturel + Électricité,False,Gaz / GPL,722.3,0,False,722.3,somme_des_seules_energies_electriques_EF,False,15.04791667,207.7208333,41,1968,1001,1001,1989-2000,1989,1989,0.230467993,49.13581602,adresse géocodée ban à l'adresse,0.43,False,14366|6 CITE D ORIVAL,aucun,0,adresse_absente_ou_incomplete,True,1764.083388,,,,,Non appariée,Simulation pédagogique locale,département : médiane + surface/énergie + aléa,36.75173726,True,False,1041.783388,1041.783388,144.2313981,2.442313981,True,1,False
2314E0661598S,4403,2023,2023-02-24,etablissement,2026-01-09,True,conso_enedis_kwh,conso_enedis_kwh:simulation_locale_graine_fixe,Appartement,D,D,2 Rue Thomas Dunot,2 Rue Thomas Dunot 14170 Saint-Pierre-en-Auge,2 Rue Thomas Dunot,Saint-Pierre-en-Auge,14170,14654,14,2 RUE THOMAS DUNOT,80,80,15570.1,16272.7,Réseau de Chauffage urbain + Électricité,False,Réseau de chaleur,72.1,708.5,True,72.1,somme_des_seules_energies_electriques_EF,False,0.90125,203.40875,42.59875,3407.9,1390.4,1390.4,1948-1974,1970,1970,-0.03809300823,49.01502896,adresse non géocodée ban car aucune correspondance trouvée,0.57,False,14654|2 RUE THOMAS DUNOT,aucun,0,adresse_absente_ou_incomplete,True,1509.490912,,,,,Non appariée,Simulation pédagogique locale,département : médiane + surface/énergie + aléa,18.8686364,True,False,1437.390912,1437.390912,1993.607368,20.93607368,True,1,False
2314E0663002S,8773,2023,2023-02-24,etablissement,2026-01-09,True,conso_enedis_kwh,conso_enedis_kwh:simulation_locale_graine_fixe,Appartement,D,D,3 Rue du 8 Mai,3 Rue du 8 Mai 14170 Saint-Pierre-en-Auge,3 Rue du 8 Mai,Saint-Pierre-en-Auge,14170,14654,14,3 RUE DU 8 MAI,80,80,15294,15996.6,Réseau de Chauffage urbain + Électricité,False,Réseau de chaleur,72.2,708.5,True,72.2,somme_des_seules_energies_electriques_EF,False,0.9025,199.9575,41.815,3345.2,1368.7,1368.7,1948-1974,1970,1970,-0.03742495937,49.015281,adresse non géocodée ban car aucune correspondance trouvée,0.55,False,14654|3 RUE DU 8 MAI,aucun,0,adresse_absente_ou_incomplete,True,1563.082378,,,,,Non appariée,Simulation pédagogique locale,département : médiane + surface/énergie + aléa,19.53852973,True,False,1490.882378,1490.882378,2064.934042,21.64934042,True,1,False
2314E0663028S,4379,2023,2023-02-24,etablissement,2026-01-09,True,conso_enedis_kwh,conso_enedis_kwh:simulation_locale_graine_fixe,Appartement,D,D,4 Rue du 8 Mai,4 Rue du 8 Mai 14170 Saint-Pierre-en-Auge,4 Rue du 8 Mai,Saint-Pierre-en-Auge,14170,14654,14,4 RUE DU 8 MAI,37,37,7073.5,7398.5,Réseau de Chauffage urbain + Électricité,False,Réseau de chaleur,33.4,327.7,True,33.4,somme_des_seules_energies_electriques_EF,False,0.9027027027,199.9594595,41.81621622,1547.2,633,633,1948-1974,1970,1970,-0.03722693332,49.01519099,adresse non géocodée ban car aucune correspondance trouvée,0.55,False,14654|4 RUE DU 8 MAI,aucun,0,adresse_absente_ou_incomplete,True,1411.680152,,,,,Non appariée,Simulation pédagogique locale,département : médiane + surface/énergie + aléa,38.15351763,True,False,1378.280152,1378.280152,4126.587283,42.26587283,True,2,False
2314E0663145F,3553,2023,2023-02-24,etablissement,2026-01-09,True,conso_enedis_kwh,conso_enedis_kwh:simulation_locale_graine_fixe,Appartement,D,D,4 Rue du 8 Mai,4 Rue du 8 Mai 14170 Saint-Pierre-en-Auge,4 Rue du 8 Mai,Saint-Pierre-en-Auge,14170,14654,14,4 RUE DU 8 MAI,68,68,12999.9,13597.1,Réseau de Chauffage urbain + Électricité,False,Réseau de chaleur,61.3,602.3,True,61.3,somme_des_seules_energies_electriques_EF,False,0.9014705882,199.9573529,41.81617647,2843.5,1163.4,1163.4,1948-1974,1970,1970,-0.03722693332,49.01519099,adresse non géocodée ban car aucune correspondance trouvée,0.55,False,14654|4 RUE DU 8 MAI,aucun,0,adresse_absente_ou_incomplete,True,1411.680152,,,,,Non appariée,Simulation pédagogique locale,département : médiane + surface/énergie + aléa,20.76000224,True,False,1350.380152,1350.380152,2202.904001,23.02904001,True,2,False
2314E0688384Y,3270,2023,2023-02-24,etablissement,2026-01-09,True,conso_enedis_kwh,conso_enedis_kwh:simulation_locale_graine_fixe,Appartement,E,E,4 Rue Thomas Dunot,4 Rue Thomas Dunot 14170 Saint-Pierre-en-Auge,4 Rue Thomas Dunot,Saint-Pierre-en-Auge,14170,14654,14,4 RUE THOMAS DUNOT,66,66,15582.5,16171.8,Réseau de Chauffage urbain + Électricité,False,Réseau de chaleur,62.7,592.1,True,62.7,somme_des_seules_energies_electriques_EF,False,0.95,245.0272727,51.98636364,3431.1,1364.8,1364.8,1948-1974,1970,1970,-0.03777303746,49.01542202,adresse non géocodée ban car aucune correspondance trouvée,0.57,False,14654|4 RUE THOMAS DUNOT,aucun,0,adresse_absente_ou_incomplete,True,1018.508867,,,,,Non appariée,Simulation pédagogique locale,département : médiane + surface/énergie + aléa,15.43195254,True,False,955.8088675,955.8088675,1524.416057,16.24416057,True,1,False
2314E0690248Q,4551,2023,2023-02-24,etablissement,2026-01-09,True,conso_enedis_kwh,conso_enedis_kwh:simulation_locale_graine_fixe,Appartement,E,E,5 Rue Thomas Dunot,5 Rue Thomas Dunot 14170 Saint-Pierre-en-Auge,5 Rue Thomas Dunot,Saint-Pierre-en-Auge,14170,14654,14,5 RUE THOMAS DUNOT,77,77,18179.5,18867.1,Réseau de Chauffage urbain + Électricité,False,Réseau de chaleur,73.1,690.8,True,73.1,somme_des_seules_energies_electriques_EF,False,0.9493506494,245.0272727,51.98701299,4003,1592.2,1592.2,1948-1974,1970,1970,-0.03740301738,49.01553496,adresse non géocodée ban car aucune correspondance trouvée,0.57,False,14654|5 RUE THOMAS DUNOT,aucun,0,adresse_absente_ou_incomplete,True,2222.712462,,,,,Non appariée,Simulation pédagogique locale,département : médiane + surface/énergie + aléa,28.86639561,True,False,2149.612462,2149.612462,2940.646323,30.40646323,True,1,False
2314E0776522W,3991,2023,2023-03-06,etablissement,2026-01-09,True,conso_enedis_kwh,conso_enedis_kwh:simulation_locale_graine_fixe,Appartement,D,C,2 Impasse Verdi,2 Impasse Verdi 14100 Lisieux,2 Impasse Verdi,Lisieux,14100,14366,14,2 IMPASSE VERDI,66,66,14912.9,15420.6,Réseau de Chauffage urbain + Électricité,False,Réseau de chaleur,58.7,505.4,True,58.7,somme_des_seules_energies_electriques_EF,False,0.8893939394,233.6454545,26.42727273,1744.2,1292.9,1292.9,1978-1982,1980,1980,0.2562879941,49.14386,adresse non géocodée ban car aucune correspondance trouvée,0.78,False,14366|2 IMPASSE VERDI,aucun,0,adresse_absente_ou_incomplete,True,1933.619708,,,,,Non appariée,Simulation pédagogique locale,département : médiane + surface/énergie + aléa,29.29726831,True,False,1874.919708,1874.919708,3194.071053,32.94071053,True,2,False
2314E0776622S,114,2023,2023-03-06,etablissement,2026-01-09,True,conso_enedis_kwh,conso_enedis_kwh:simulation_locale_graine_fixe,Appartement,D,C,2 Impasse Verdi,2 Impasse Verdi 14100 Lisieux,2 Impasse Verdi,Lisieux,14100,14366,14,2 IMPASSE VERDI,49,49,11071.7,11448.6,Réseau de Chauffage urbain + Électricité,False,Réseau de chaleur,43.6,375.2,True,43.6,somme_des_seules_energies_electriques_EF,False,0.8897959184,233.644898,26.42857143,1295,959.9,959.9,1978-1982,1980,1980,0.2562879941,49.14386,adresse non géocodée ban car aucune correspondance trouvée,0.78,False,14366|2 IMPASSE VERDI,aucun,0,adresse_absente_ou_incomplete,True,1933.619708,,,,,Non appariée,Simulation pédagogique locale,département : médiane + surface/énergie + aléa,39.4616267,True,False,1890.019708,1890.019708,4334.907588,44.34907588,True,2,False
2314E0779110K,4919,2023,2023-03-06,etablissement,2026-01-09,True,conso_enedis_kwh,conso_enedis_kwh:simulation_locale_graine_fixe,Appartement,D,C,3 Rue Jean Philippe Rameau,3 Rue Jean Philippe Rameau 14100 Lisieux,3 Rue Jean Philippe Rameau,Lisieux,14100,14366,14,3 RUE JEAN PHILIPPE RAMEAU,66,66,14912.9,15420.6,Réseau de Chauffage urbain + Électricité,False,Réseau de chaleur,58.7,505.4,True,58.7,somme_des_seules_energies_electriques_EF,False,0.8893939394,233.6454545,26.42727273,1744.2,1292.9,1292.9,1978-1982,1980,1980,0.2557930144,49.14308799,adresse non géocodée ban car aucune correspondance trouvée,0.81,False,14366|3 RUE JEAN PHILIPPE RAMEAU,aucun,0,adresse_absente_ou_incomplete,True,940.3563153,,,,,Non appariée,Simulation pédagogique locale,département : médiane + surface/énergie + aléa,14.24782296,True,False,881.6563153,881.6563153,1501.969873,16.01969873,True,2,False
2314E0779244O,6991,2023,2023-03-06,etablissement,2026-01-09,True,conso_enedis_kwh,conso_enedis_kwh:simulation_locale_graine_fixe,Appartement,D,C,3 Rue Jean Philippe Rameau,3 Rue Jean Philippe Rameau 14100 Lisieux,3 Rue Jean Philippe Rameau,Lisieux,14100,14366,14,3 RUE JEAN PHILIPPE RAMEAU,66,66,14912.9,15420.6,Réseau de Chauffage urbain + Électricité,False,Réseau de chaleur,58.7,505.4,True,58.7,somme_des_seules_energies_electriques_EF,False,0.8893939394,233.6454545,26.42727273,1744.2,1292.9,1292.9,1978-1982,1980,1980,0.2557930144,49.14308799,adresse non géocodée ban car aucune correspondance trouvée,0.81,False,14366|3 RUE JEAN PHILIPPE RAMEAU,aucun,0,adresse_absente_ou_incomplete,True,940.3563153,,,,,Non appariée,Simulation pédagogique locale,département : médiane + surface/énergie + aléa,14.24782296,True,False,881.6563153,881.6563153,1501.969873,16.01969873,True,2,False
2314E0780628U,7982,2023,2023-03-06,etablissement,2026-01-09,True,conso_enedis_kwh,conso_enedis_kwh:simulation_locale_graine_fixe,Appartement,D,C,2 Rue Jean Sébastien Bach,2 Rue Jean - Sébastien Bach 14100 Lisieux,2 Rue Jean - Sébastien Bach,Lisieux,14100,14366,14,2 RUE JEAN SEBASTIEN BACH,66,66,14882.4,15390,Réseau de Chauffage urbain + Électricité,False,Réseau de chaleur,58.7,505.3,True,58.7,somme_des_seules_energies_electriques_EF,False,0.8893939394,233.1818182,26.37272727,1740.6,1290.4,1290.4,1978-1982,1980,1980,0.256960054,49.14399201,adresse non géocodée ban car aucune correspondance trouvée,0.81,False,14366|2 RUE JEAN SEBASTIEN BACH,aucun,0,adresse_absente_ou_incomplete,True,2060.811686,,,,,Non appariée,Simulation pédagogique locale,département : médiane + surface/énergie + aléa,31.22441949,True,False,2002.111686,2002.111686,3410.752447,35.10752447,True,3,False
2314E0780785V,9203,2023,2023-03-06,etablissement,2026-01-09,True,conso_enedis_kwh,conso_enedis_kwh:simulation_locale_graine_fixe,Appartement,D,C,2 Rue Jean Sébastien Bach,2 Rue Jean - Sébastien Bach 14100 Lisieux,2 Rue Jean - Sébastien Bach,Lisieux,14100,14366,14,2 RUE JEAN SEBASTIEN BACH,49,49,11049,11425.9,Réseau de Chauffage urbain + Électricité,False,Réseau de chaleur,43.6,375.1,True,43.6,somme_des_seules_energies_electriques_EF,False,0.8897959184,233.1816327,26.37346939,1292.3,958.1,958.1,1978-1982,1980,1980,0.256960054,49.14399201,adresse non géocodée ban car aucune correspondance trouvée,0.81,False,14366|2 RUE JEAN SEBASTIEN BACH,aucun,0,adresse_absente_ou_incomplete,True,2060.811686,,,,,Non appariée,Simulation pédagogique locale,département : médiane + surface/énergie + aléa,42.05738135,True,False,2017.211686,2017.211686,4626.632308,47.26632308,True,3,False
2314E0780794E,5384,2023,2023-03-06,etablissement,2026-01-09,True,conso_enedis_kwh,conso_enedis_kwh:simulation_locale_graine_fixe,Appartement,D,C,2 Rue Jean Sébastien Bach,2 Rue Jean - Sébastien Bach 14100 Lisieux,2 Rue Jean - Sébastien Bach,Lisieux,14100,14366,14,2 RUE JEAN SEBASTIEN BACH,66,66,14882.4,15390,Réseau de Chauffage urbain + Électricité,False,Réseau de chaleur,58.7,505.3,True,58.7,somme_des_seules_energies_electriques_EF,False,0.8893939394,233.1818182,26.37272727,1740.6,1290.4,1290.4,1978-1982,1980,1980,0.256960054,49.14399201,adresse non géocodée ban car aucune correspondance trouvée,0.81,False,14366|2 RUE JEAN SEBASTIEN BACH,aucun,0,adresse_absente_ou_incomplete,True,2060.811686,,,,,Non appariée,Simulation pédagogique locale,département : médiane + surface/énergie + aléa,31.22441949,True,False,2002.111686,2002.111686,3410.752447,35.10752447,True,3,False
2314E0791435L,1078,2023,2023-03-06,etablissement,2026-01-09,True,conso_enedis_kwh,conso_enedis_kwh:simulation_locale_graine_fixe,Appartement,D,C,1 Impasse Verdi,1 Impasse Verdi 14100 Lisieux,1 Impasse Verdi,Lisieux,14100,14366,14,1 IMPASSE VERDI,69,69,15601.9,16132.8,Réseau de Chauffage urbain + Électricité,False,Réseau de chaleur,61.4,528.4,True,61.4,somme_des_seules_energies_electriques_EF,False,0.8898550725,233.8086957,26.44637681,1824.8,1352.5,1352.5,1978-1982,1980,1980,0.2562959997,49.14385902,adresse non géocodée ban car aucune correspondance trouvée,0.78,False,14366|1 IMPASSE VERDI,aucun,0,adresse_absente_ou_incomplete,True,1258.934718,,,,,Non appariée,Simulation pédagogique locale,département : médiane + surface/énergie + aléa,18.2454307,True,False,1197.534718,1197.534718,1950.382277,20.50382277,True,4,False
2314E0791469T,7041,2023,2023-03-06,etablissement,2026-01-09,True,conso_enedis_kwh,conso_enedis_kwh:simulation_locale_graine_fixe,Appartement,D,C,1 Impasse Verdi,1 Impasse Verdi 14100 Lisieux,1 Impasse Verdi,Lisieux,14100,14366,14,1 IMPASSE VERDI,66,66,14923.6,15431.3,Réseau de Chauffage urbain + Électricité,False,Réseau de chaleur,58.7,505.5,True,58.7,somme_des_seules_energies_electriques_EF,False,0.8893939394,233.8075758,26.4469697,1745.5,1293.7,1293.7,1978-1982,1980,1980,0.2562959997,49.14385902,adresse non géocodée ban car aucune correspondance trouvée,0.78,False,14366|1 IMPASSE VERDI,aucun,0,adresse_absente_ou_incomplete,True,1258.934718,,,,,Non appariée,Simulation pédagogique locale,département : médiane + surface/énergie + aléa,19.07476846,True,False,1200.234718,1200.234718,2044.692876,21.44692876,True,4,False
2314E0791503B,2165,2023,2023-03-06,etablissement,2026-01-09,True,conso_enedis_kwh,conso_enedis_kwh:simulation_locale_graine_fixe,Appartement,D,C,1 Impasse Verdi,1 Impasse Verdi 14100 Lisieux,1 Impasse Verdi,Lisieux,14100,14366,14,1 IMPASSE VERDI,66,66,14923.6,15431.3,Réseau de Chauffage urbain + Électricité,False,Réseau de chaleur,58.7,505.5,True,58.7,somme_des_seules_energies_electriques_EF,False,0.8893939394,233.8075758,26.4469697,1745.5,1293.7,1293.7,1978-1982,1980,1980,0.2562959997,49.14385902,adresse non géocodée ban car aucune correspondance trouvée,0.78,False,14366|1 IMPASSE VERDI,aucun,0,adresse_absente_ou_incomplete,True,1258.934718,,,,,Non appariée,Simulation pédagogique locale,département : médiane + surface/énergie + aléa,19.07476846,True,False,1200.234718,1200.234718,2044.692876,21.44692876,True,4,False
2314E0791524W,8561,2023,2023-03-06,etablissement,2026-01-09,True,conso_enedis_kwh,conso_enedis_kwh:simulation_locale_graine_fixe,Appartement,D,C,1 Impasse Verdi,1 Impasse Verdi 14100 Lisieux,1 Impasse Verdi,Lisieux,14100,14366,14,1 IMPASSE VERDI,66,66,14923.6,15431.3,Réseau de Chauffage urbain + Électricité,False,Réseau de chaleur,58.7,505.5,True,58.7,somme_des_seules_energies_electriques_EF,False,0.8893939394,233.8075758,26.4469697,1745.5,1293.7,1293.7,1978-1982,1980,1980,0.2562959997,49.14385902,adresse non géocodée ban car aucune correspondance trouvée,0.78,False,14366|1 IMPASSE VERDI,aucun,0,adresse_absente_ou_incomplete,True,1258.934718,,,,,Non appariée,Simulation pédagogique locale,département : médiane + surface/énergie + aléa,19.07476846,True,False,1200.234718,1200.234718,2044.692876,21.44692876,True,4,False
2314E0900160E,7606,2023,2023-03-14,etablissement,2026-01-09,True,conso_enedis_kwh,conso_enedis_kwh:simulation_locale_graine_fixe,Appartement,C,B,4 Rue Alexandre Dubourg,4 Rue Alexandre Dubourg 14600 Honfleur,4 Rue Alexandre Dubourg,Honfleur,14600,14333,14,4 RUE ALEXANDRE DUBOURG,41,41,3835.3,7287.1,Électricité,True,Électricité,3557.3,278,True,3835.3,total_EF_logement_tout_electrique,False,93.54390244,177.7341463,6.763414634,277.3,704,704,1989-2000,1995,1995,0.2291060432,49.41643896,adresse non géocodée ban car aucune correspondance trouvée,0.8,False,14333|4 RUE ALEXANDRE DUBOURG,aucun,0,adresse_absente_ou_incomplete,True,4789.612361,,,,,Non appariée,Simulation pédagogique locale,commune : médiane + surface/énergie + aléa,116.8198137,True,False,954.3123609,954.3123609,24.88233934,1.248823393,True,4,False
2314E0900167L,1175,2023,2023-03-14,etablissement,2026-01-09,True,conso_enedis_kwh,conso_enedis_kwh:simulation_locale_graine_fixe,Appartement,D,B,4 Rue Alexandre Dubourg,4 Rue Alexandre Dubourg 14600 Honfleur,4 Rue Alexandre Dubourg,Honfleur,14600,14333,14,4 RUE ALEXANDRE DUBOURG,45,45,5396.7,10253.7,Électricité,True,Électricité,5090.7,306,True,5396.7,total_EF_logement_tout_electrique,False,119.9266667,227.86,8.848888889,398.2,943.2,943.2,1989-2000,1995,1995,0.2291060432,49.41643896,adresse non géocodée ban car aucune correspondance trouvée,0.8,False,14333|4 RUE ALEXANDRE DUBOURG,aucun,0,adresse_absente_ou_incomplete,True,4789.612361,,,,,Non appariée,Simulation pédagogique locale,commune : médiane + surface/énergie + aléa,106.4358302,True,False,-607.0876391,607.0876391,-11.24923822,0.8875076178,True,4,False
2314E0900224Q,5396,2023,2023-03-14,etablissement,2026-01-09,True,conso_enedis_kwh,conso_enedis_kwh:simulation_locale_graine_fixe,Appartement,D,B,4 Rue Alexandre Dubourg,4 Rue Alexandre Dubourg 14600 Honfleur,4 Rue Alexandre Dubourg,Honfleur,14600,14333,14,4 RUE ALEXANDRE DUBOURG,35,35,4091.4,7773.6,Électricité,True,Électricité,3853.9,237.5,True,4091.4,total_EF_logement_tout_electrique,False,116.8971429,222.1028571,8.562857143,299.7,742.9,742.9,1989-2000,1995,1995,0.2291060432,49.41643896,adresse non géocodée ban car aucune correspondance trouvée,0.8,False,14333|4 RUE ALEXANDRE DUBOURG,aucun,0,adresse_absente_ou_incomplete,True,4789.612361,,,,,Non appariée,Simulation pédagogique locale,commune : médiane + surface/énergie + aléa,136.8460675,True,False,698.2123609,698.2123609,17.06536542,1.170653654,True,4,False
2314E0900971J,6325,2023,2023-03-14,etablissement,2026-01-09,True,conso_enedis_kwh,conso_enedis_kwh:simulation_locale_graine_fixe,Appartement,D,B,4 Rue Alexandre Dubourg,4 Rue Alexandre Dubourg 14600 Honfleur,4 Rue Alexandre Dubourg,Honfleur,14600,14333,14,4 RUE ALEXANDRE DUBOURG,30,30,4138.8,7863.7,Électricité,True,Électricité,3911,227.8,True,4138.8,total_EF_logement_tout_electrique,False,137.96,262.1233333,10.16666667,305,750.1,750.1,1989-2000,1995,1995,0.2291060432,49.41643896,adresse non géocodée ban car aucune correspondance trouvée,0.8,False,14333|4 RUE ALEXANDRE DUBOURG,aucun,0,adresse_absente_ou_incomplete,True,4789.612361,,,,,Non appariée,Simulation pédagogique locale,commune : médiane + surface/énergie + aléa,159.6537454,True,False,650.8123609,650.8123609,15.72466321,1.157246632,True,4,False
2314E0937909B,3843,2023,2023-03-06,etablissement,2026-01-09,True,conso_enedis_kwh,conso_enedis_kwh:simulation_locale_graine_fixe,Maison,E,E,14 Rue de l'Epinay,16 Rue de l'Epinay 14170 Saint-Pierre-en-Auge,14 Rue de l'Epinay,Saint-Pierre-sur-Dives,14170,14654,14,14 RUE DE L EPINAY,45,45,13828.2,14240.9,Gaz naturel + Électricité,False,Gaz / GPL,458.6,0,False,458.6,somme_des_seules_energies_electriques_EF,False,10.19111111,316.4644444,68,3060,1237,1237,avant 1948,1926,1926,-0.0280290174,49.017106,adresse géocodée ban à l'adresse,0.6,False,14654|14 RUE DE L EPINAY,aucun,0,adresse_absente_ou_incomplete,True,1133.321238,,,,,Non appariée,Simulation pédagogique locale,département : médiane + surface/énergie + aléa,25.18491639,True,False,674.7212375,674.7212375,147.1263056,2.471263056,True,1,False
2314E0939410U,5729,2023,2023-03-07,etablissement,2026-01-09,True,conso_enedis_kwh,conso_enedis_kwh:simulation_locale_graine_fixe,Maison,E,E,10 Rue de l'Epinay,16 Rue de l'Epinay 14170 Saint-Pierre-en-Auge,10 Rue de l'Epinay,Saint-Pierre-sur-Dives,14170,14654,14,10 RUE DE L EPINAY,63,63,16325.6,16804.2,Gaz naturel + Électricité,False,Gaz / GPL,531.8,1.818989404e-12,False,531.8,somme_des_seules_energies_electriques_EF,False,8.441269841,266.7333333,57,3591,1416,1416,avant 1948,1926,1926,-0.0280290174,49.017106,adresse géocodée ban à l'adresse,0.6,False,14654|10 RUE DE L EPINAY,aucun,0,adresse_absente_ou_incomplete,True,1733.544473,,,,,Non appariée,Simulation pédagogique locale,département : médiane + surface/énergie + aléa,27.51657894,True,False,1201.744473,1201.744473,225.976772,3.25976772,True,1,False
2314E1037709N,5908,2023,2023-03-27,etablissement,2026-01-09,True,conso_enedis_kwh,conso_enedis_kwh:simulation_locale_graine_fixe,Appartement,C,C,1 Esplanade Mommers,1 Esplanade Mommers 14100 Lisieux,1 Esplanade Mommers,Lisieux,14100,14366,14,1 ESPLANADE MOMMERS,52.1,52.1,5959.1,6205.8,Gaz naturel + Électricité,False,Gaz / GPL,43.4,230.8,True,43.4,somme_des_seules_energies_electriques_EF,False,0.8330134357,119.1132438,25.11516315,1308.5,575.9,575.9,après 2021,2013,2013,0.2293889606,49.13797396,adresse non géocodée ban car aucune correspondance trouvée,0.79,False,14366|1 ESPLANADE MOMMERS,aucun,0,adresse_absente_ou_incomplete,True,1561.211665,,,,,Non appariée,Simulation pédagogique locale,département : médiane + surface/énergie + aléa,29.96567495,True,False,1517.811665,1517.811665,3497.2619,35.972619,True,2,False
2314E1037804E,3744,2023,2023-03-27,etablissement,2026-01-09,True,conso_enedis_kwh,conso_enedis_kwh:simulation_locale_graine_fixe,Appartement,C,C,1 Esplanade Mommers,1 Esplanade Mommers 14100 Lisieux,1 Esplanade Mommers,Lisieux,14100,14366,14,1 ESPLANADE MOMMERS,62,62,7089.1,7382.6,Gaz naturel + Électricité,False,Gaz / GPL,51.7,274.4,True,51.7,somme_des_seules_energies_electriques_EF,False,0.8338709677,119.0741935,25.10806452,1556.7,685.1,685.1,après 2021,2013,2013,0.2293889606,49.13797396,adresse non géocodée ban car aucune correspondance trouvée,0.79,False,14366|1 ESPLANADE MOMMERS,aucun,0,adresse_absente_ou_incomplete,True,1561.211665,,,,,Non appariée,Simulation pédagogique locale,département : médiane + surface/énergie + aléa,25.1808333,True,False,1509.511665,1509.511665,2919.751769,30.19751769,True,2,False
2314E1146075L,3913,2023,2023-04-03,etablissement,2026-01-09,True,conso_enedis_kwh,conso_enedis_kwh:simulation_locale_graine_fixe,Maison,F,F,29 Rue du Général Leclerc,31 Rue du Général Leclerc 14100 Lisieux,29 Rue du Général Leclerc,Lisieux,14100,14366,14,29 RUE DU GENERAL LECLERC,71,71,24414.2,24886.5,Gaz naturel + Électricité,False,Gaz / GPL,524.7,0,False,524.7,somme_des_seules_energies_electriques_EF,False,7.390140845,350.5140845,76,5396,1943,1943,avant 1948,1935,1935,0.2234949474,49.15312298,adresse géocodée ban à l'adresse,0.66,False,14366|29 RUE DU GENERAL LECLERC,aucun,0,adresse_absente_ou_incomplete,True,1769.346934,,,,,Non appariée,Simulation pédagogique locale,département : médiane + surface/énergie + aléa,24.92037935,True,False,1244.646934,1244.646934,237.2111556,3.372111556,True,1,False
2314E1146691D,4629,2023,2023-04-03,etablissement,2026-01-09,True,conso_enedis_kwh,conso_enedis_kwh:simulation_locale_graine_fixe,Maison,F,F,11 Rue Jean Lefèvre,9 Rue Jean Lefèvre 14100 Lisieux,11 Rue Jean Lefèvre,Lisieux,14100,14366,14,11 RUE JEAN LEFEVRE,62,62,24556.2,25005.7,Gaz naturel + Électricité,False,Gaz / GPL,499.4,0,False,499.4,somme_des_seules_energies_electriques_EF,False,8.05483871,403.3177419,88,5456,1947,1947,avant 1948,1935,1935,0.2224880597,49.15274799,adresse géocodée ban à l'adresse,0.59,False,14366|11 RUE JEAN LEFEVRE,aucun,0,adresse_absente_ou_incomplete,True,1118.641502,,,,,Non appariée,Simulation pédagogique locale,département : médiane + surface/énergie + aléa,18.04260487,True,False,619.2415018,619.2415018,123.9970969,2.239970969,True,1,False
2314E1147777X,1005,2023,2023-04-05,etablissement,2026-01-09,True,conso_enedis_kwh,conso_enedis_kwh:simulation_locale_graine_fixe,Maison,F,F,12 Rue Jean Lefèvre,9 Rue Jean Lefèvre 14100 Lisieux,12 Rue Jean Lefèvre,Lisieux,14100,14366,14,12 RUE JEAN LEFEVRE,71,71,23362.6,23823.7,Gaz naturel + Électricité,False,Gaz / GPL,512.4,-3.637978807e-12,False,512.4,somme_des_seules_energies_electriques_EF,False,7.216901408,335.5450704,73,5183,1872,1872,avant 1948,1935,1935,0.2224880597,49.15274799,adresse géocodée ban à l'adresse,0.59,False,14366|12 RUE JEAN LEFEVRE,aucun,0,adresse_absente_ou_incomplete,True,1853.056,,,,,Non appariée,Simulation pédagogique locale,département : médiane + surface/énergie + aléa,26.09938029,True,False,1340.656,1340.656,261.6424669,3.616424669,True,1,False
2314E1149424G,7922,2023,2023-04-03,etablissement,2026-01-09,True,conso_enedis_kwh,conso_enedis_kwh:simulation_locale_graine_fixe,Appartement,D,D,Rue de Canteloup,Rue du Canteloup 14600 Honfleur,Rue du Canteloup,Honfleur,14600,14333,14,RUE DU CANTELOUP,77,77,11606.3,12006.4,Gaz naturel + Électricité,False,Gaz / GPL,75.6,368.9,True,75.6,somme_des_seules_energies_electriques_EF,False,0.9818181818,155.9272727,33.28441558,2562.9,1017,1017,1948-1974,1974,1974,0.2448129751,49.407369,adresse non géocodée ban car aucune correspondance trouvée,0.68,False,DPE:2314E1149424G,aucun,0,adresse_absente_ou_incomplete,True,3182.453648,,,,,Non appariée,Simulation pédagogique locale,commune : médiane + surface/énergie + aléa,41.33056685,True,False,3106.853648,3106.853648,4109.594772,42.09594772,True,1,False
2314E1150705N,679,2023,2023-04-03,etablissement,2026-01-09,True,conso_enedis_kwh,conso_enedis_kwh:simulation_locale_graine_fixe,Appartement,D,D,Rue de Canteloup,Rue du Canteloup 14600 Honfleur,Rue du Canteloup,Honfleur,14600,14333,14,RUE DU CANTELOUP,64,64,9458.8,9788.5,Gaz naturel + Électricité,False,Gaz / GPL,62,304.4,True,62,somme_des_seules_energies_electriques_EF,False,0.96875,152.9453125,32.625,2088,857.5,857.5,1948-1974,1974,1974,0.2448129751,49.407369,adresse non géocodée ban car aucune correspondance trouvée,0.68,False,DPE:2314E1150705N,aucun,0,adresse_absente_ou_incomplete,True,2505.326008,,,,,Non appariée,Simulation pédagogique locale,commune : médiane + surface/énergie + aléa,39.14571888,True,False,2443.326008,2443.326008,3940.8484,40.408484,True,1,False
2314E1150713V,7855,2023,2023-04-03,etablissement,2026-01-09,True,conso_enedis_kwh,conso_enedis_kwh:simulation_locale_graine_fixe,Appartement,D,D,Rue de Canteloup,Rue du Canteloup 14600 Honfleur,Rue du Canteloup,Honfleur,14600,14333,14,RUE DU CANTELOUP,64,64,9458.8,9788.5,Gaz naturel + Électricité,False,Gaz / GPL,62,304.4,True,62,somme_des_seules_energies_electriques_EF,False,0.96875,152.9453125,32.625,2088,857.5,857.5,1948-1974,1974,1974,0.2448129751,49.407369,adresse non géocodée ban car aucune correspondance trouvée,0.68,False,DPE:2314E1150713V,aucun,0,adresse_absente_ou_incomplete,True,2211.253844,,,,,Non appariée,Simulation pédagogique locale,commune : médiane + surface/énergie + aléa,34.55084132,True,False,2149.253844,2149.253844,3466.538458,35.66538458,True,1,False
2314E1150728K,9317,2023,2023-04-03,etablissement,2026-01-09,True,conso_enedis_kwh,conso_enedis_kwh:simulation_locale_graine_fixe,Appartement,D,D,Rue de Canteloup,Rue du Canteloup 14600 Honfleur,Rue du Canteloup,Honfleur,14600,14333,14,RUE DU CANTELOUP,77,77,11380.1,11776.8,Gaz naturel + Électricité,False,Gaz / GPL,74.5,366.3,True,74.5,somme_des_seules_energies_electriques_EF,False,0.9675324675,152.9454545,32.62597403,2512.2,1031.7,1031.7,1948-1974,1974,1974,0.2448129751,49.407369,adresse non géocodée ban car aucune correspondance trouvée,0.68,False,DPE:2314E1150728K,aucun,0,adresse_absente_ou_incomplete,True,2195.604874,,,,,Non appariée,Simulation pédagogique locale,commune : médiane + surface/énergie + aléa,28.51434902,True,False,2121.104874,2121.104874,2847.120637,29.47120637,True,1,False
2314E1150819X,3105,2023,2023-04-03,etablissement,2026-01-09,True,conso_enedis_kwh,conso_enedis_kwh:simulation_locale_graine_fixe,Appartement,D,D,Rue de Canteloup,Rue du Canteloup 14600 Honfleur,Rue du Canteloup,Honfleur,14600,14333,14,RUE DU CANTELOUP,77,77,11380.1,11776.8,Gaz naturel + Électricité,False,Gaz / GPL,74.5,366.3,True,74.5,somme_des_seules_energies_electriques_EF,False,0.9675324675,152.9454545,32.62597403,2512.2,1031.7,1031.7,1948-1974,1974,1974,0.2448129751,49.407369,adresse non géocodée ban car aucune correspondance trouvée,0.68,False,DPE:2314E1150819X,aucun,0,adresse_absente_ou_incomplete,True,2510.536851,,,,,Non appariée,Simulation pédagogique locale,commune : médiane + surface/énergie + aléa,32.60437468,True,False,2436.036851,2436.036851,3269.848122,33.69848122,True,1,False
2314E1151161B,4626,2023,2023-04-03,etablissement,2026-01-09,True,conso_enedis_kwh,conso_enedis_kwh:simulation_locale_graine_fixe,Appartement,D,D,Rue de Canteloup,Rue du Canteloup 14600 Honfleur,Rue du Canteloup,Honfleur,14600,14333,14,RUE DU CANTELOUP,64,64,9471.6,9801.4,Gaz naturel + Électricité,False,Gaz / GPL,62,304.5,True,62,somme_des_seules_energies_electriques_EF,False,0.96875,153.146875,32.6703125,2090.9,858.6,858.6,1948-1974,1974,1974,0.2448129751,49.407369,adresse non géocodée ban car aucune correspondance trouvée,0.68,False,DPE:2314E1151161B,aucun,0,adresse_absente_ou_incomplete,True,2264.775157,,,,,Non appariée,Simulation pédagogique locale,commune : médiane + surface/énergie + aléa,35.38711183,True,False,2202.775157,2202.775157,3552.863156,36.52863156,True,1,False
2314E1151173N,7072,2023,2023-04-03,etablissement,2026-01-09,True,conso_enedis_kwh,conso_enedis_kwh:simulation_locale_graine_fixe,Appartement,D,D,Rue de Canteloup,Rue du Canteloup 14600 Honfleur,Rue du Canteloup,Honfleur,14600,14333,14,RUE DU CANTELOUP,77,77,11395.5,11792.3,Gaz naturel + Électricité,False,Gaz / GPL,74.6,366.3,True,74.6,somme_des_seules_energies_electriques_EF,False,0.9688311688,153.1467532,32.67012987,2515.6,1033,1033,1948-1974,1974,1974,0.2448129751,49.407369,adresse non géocodée ban car aucune correspondance trouvée,0.68,False,DPE:2314E1151173N,aucun,0,adresse_absente_ou_incomplete,True,2945.0112,,,,,Non appariée,Simulation pédagogique locale,commune : médiane + surface/énergie + aléa,38.2468987,True,False,2870.4112,2870.4112,3847.736192,39.47736192,True,1,False
2314E1151192G,8262,2023,2023-04-03,etablissement,2026-01-09,True,conso_enedis_kwh,conso_enedis_kwh:simulation_locale_graine_fixe,Appartement,D,D,Rue de Canteloup,Rue du Canteloup 14600 Honfleur,Rue du Canteloup,Honfleur,14600,14333,14,RUE DU CANTELOUP,77,77,11395.5,11792.3,Gaz naturel + Électricité,False,Gaz / GPL,74.6,366.3,True,74.6,somme_des_seules_energies_electriques_EF,False,0.9688311688,153.1467532,32.67012987,2515.6,1033,1033,1948-1974,1974,1974,0.2448129751,49.407369,adresse non géocodée ban car aucune correspondance trouvée,0.68,False,DPE:2314E1151192G,aucun,0,adresse_absente_ou_incomplete,True,2417.747837,,,,,Non appariée,Simulation pédagogique locale,commune : médiane + surface/énergie + aléa,31.39932256,True,False,2343.147837,2343.147837,3140.948843,32.40948843,True,1,False
2314E1215001L,8500,2023,2023-04-11,etablissement,2026-01-09,True,conso_enedis_kwh,conso_enedis_kwh:simulation_locale_graine_fixe,Maison,F,F,121 Rue de Verdun,121 Rue de Verdun 14800 Deauville,121 Rue de Verdun,Deauville,14800,14220,14,121 RUE DE VERDUN,51,51,16880.9,17613.8,Gaz naturel + Électricité,False,Gaz / GPL,814.4,0,False,814.4,somme_des_seules_energies_electriques_EF,False,15.96862745,345.3686275,72,3672,1515,1515,avant 1948,1924,1924,0.08688405896,49.353872,adresse non géocodée ban car aucune correspondance trouvée,0.8,False,14220|121 RUE DE VERDUN,aucun,0,adresse_absente_ou_incomplete,True,1857.918644,,,,,Non appariée,Simulation pédagogique locale,commune : médiane + surface/énergie + aléa,36.42977732,True,False,1043.518644,1043.518644,128.1334287,2.281334287,True,1,False
2314E1217685R,6825,2023,2023-04-12,etablissement,2026-01-09,True,conso_enedis_kwh,conso_enedis_kwh:simulation_locale_graine_fixe,Maison,D,D,2 Place de Verdun,2 Place de Verdun 14140 Livarot-Pays-d'Auge,2 Place de Verdun,Livarot-Pays-d'Auge,14140,14371,14,2 PLACE DE VERDUN,56,56,12363.5,13057.3,Gaz naturel + Électricité,False,Gaz / GPL,770.9,0,False,770.9,somme_des_seules_energies_electriques_EF,False,13.76607143,233.1660714,47,2632,1211,1211,1948-1974,1968,1968,0.1524480575,49.008119,adresse non géocodée ban car aucune correspondance trouvée,0.58,False,14371|2 PLACE DE VERDUN,aucun,0,adresse_absente_ou_incomplete,True,1057.273991,,,,,Non appariée,Simulation pédagogique locale,département : médiane + surface/énergie + aléa,18.87989269,True,False,286.3739908,286.3739908,37.14800763,1.371480076,True,1,False
2314E1217926Y,6993,2023,2023-04-12,etablissement,2026-01-09,True,conso_enedis_kwh,conso_enedis_kwh:simulation_locale_graine_fixe,Maison,D,D,14 Rue du 8 Mai,14 Rue du 8 Mai 14140 Livarot-Pays-d'Auge,14 Rue du 8 Mai,Livarot-Pays-d'Auge,14140,14371,14,14 RUE DU 8 MAI,82,82,18338.9,19158.5,Gaz naturel + Électricité,False,Gaz / GPL,910.7,0,False,910.7,somme_des_seules_energies_electriques_EF,False,11.10609756,233.6402439,48,3936,1633,1633,1948-1974,1968,1968,0.153519979,49.00872498,adresse non géocodée ban car aucune correspondance trouvée,0.57,False,14371|14 RUE DU 8 MAI,aucun,0,adresse_absente_ou_incomplete,True,1854.688407,,,,,Non appariée,Simulation pédagogique locale,département : médiane + surface/énergie + aléa,22.6181513,True,False,943.9884065,943.9884065,103.6552549,2.036552549,True,1,False
2314E1225333V,637,2023,2023-04-13,etablissement,2026-01-09,True,conso_enedis_kwh,conso_enedis_kwh:simulation_locale_graine_fixe,Maison,E,E,3 Rue Maréchal Juin,3 Rue Maréchal Juin 14140 Livarot-Pays-d'Auge,3 Rue Maréchal Juin,Livarot-Pays-d'Auge,14140,14371,14,3 RUE MARECHAL JUIN,56,56,12913.1,13614.5,Gaz naturel + Électricité,False,Gaz / GPL,779.4,0,False,779.4,somme_des_seules_energies_electriques_EF,False,13.91785714,243.1160714,50,2800,1249,1249,1948-1974,1968,1968,0.153811961,49.00803197,adresse non géocodée ban car aucune correspondance trouvée,0.59,False,14371|3 RUE MARECHAL JUIN,aucun,0,adresse_absente_ou_incomplete,True,1188.174877,,,,,Non appariée,Simulation pédagogique locale,département : médiane + surface/énergie + aléa,21.21740851,True,False,408.7748767,408.7748767,52.44737962,1.524473796,True,1,False
2314E1226117Z,6618,2023,2023-04-13,etablissement,2026-01-09,True,conso_enedis_kwh,conso_enedis_kwh:simulation_locale_graine_fixe,Maison,D,D,4 Rue Maréchal Juin,4 Rue Maréchal Juin 14140 Livarot-Pays-d'Auge,4 Rue Maréchal Juin,Livarot-Pays-d'Auge,14140,14371,14,4 RUE MARECHAL JUIN,70,70,14857,15610.9,Gaz naturel + Électricité,False,Gaz / GPL,837.7,-0.1,False,837.7,somme_des_seules_energies_electriques_EF,False,11.96714286,223.0128571,46,3220,1389,1389,1948-1974,1968,1968,0.1539790598,49.00814498,adresse non géocodée ban car aucune correspondance trouvée,0.59,False,14371|4 RUE MARECHAL JUIN,aucun,0,adresse_absente_ou_incomplete,True,2051.174746,,,,,Non appariée,Simulation pédagogique locale,département : médiane + surface/énergie + aléa,29.30249638,True,False,1213.474746,1213.474746,144.8579141,2.448579141,True,1,False
2314E1296441T,7341,2023,2023-04-19,etablissement,2026-01-09,True,conso_enedis_kwh,conso_enedis_kwh:simulation_locale_graine_fixe,Maison,F,E,17 Rue Désiré Dalençon,17 Rue Désiré Dalençon 14140 Livarot-Pays-d'Auge,17 Rue Désiré Dalençon,Livarot-Pays-d'Auge,14140,14371,14,17 RUE DESIRE DALENCON,62,62,19712.3,20661.1,Gaz naturel + Électricité,False,Gaz / GPL,1054.2,0.1,False,1054.2,somme_des_seules_energies_electriques_EF,False,17.00322581,333.2435484,69,4278,1747,1747,avant 1948,1933,1933,0.1533570538,49.00723603,adresse non géocodée ban car aucune correspondance trouvée,0.62,False,14371|17 RUE DESIRE DALENCON,aucun,0,adresse_absente_ou_incomplete,True,1119.330929,,,,,Non appariée,Simulation pédagogique locale,département : médiane + surface/énergie + aléa,18.05372465,True,False,65.13092855,65.13092855,6.178232645,1.061782326,True,1,False
2314E1342369F,836,2023,2023-04-18,etablissement,2026-01-09,True,conso_enedis_kwh,conso_enedis_kwh:simulation_locale_graine_fixe,Maison,F,E,16 Rue Désiré Dalençon,16 Rue Désiré Dalençon 14140 Livarot-Pays-d'Auge,16 Rue Désiré Dalençon,Livarot-Pays-d'Auge,14140,14371,14,16 RUE DESIRE DALENCON,62,62,19844,20799.2,Gaz naturel + Électricité,False,Gaz / GPL,1061.3,-0.1,False,1061.3,somme_des_seules_energies_electriques_EF,False,17.11774194,335.4709677,69,4278,1756,1756,avant 1948,1933,1933,0.1535039432,49.00731095,adresse non géocodée ban car aucune correspondance trouvée,0.62,False,14371|16 RUE DESIRE DALENCON,aucun,0,adresse_absente_ou_incomplete,True,1707.866962,,,,,Non appariée,Simulation pédagogique locale,département : médiane + surface/énergie + aléa,27.54624132,True,False,646.5669618,646.5669618,60.92216732,1.609221673,True,1,False
2314E1354011Z,5766,2023,2023-01-24,etablissement,2026-01-09,True,conso_enedis_kwh,conso_enedis_kwh:simulation_locale_graine_fixe,Appartement,E,E,APT 3 ANCIENNE GENDARMERIE,Impasse de l'Ancienne Gendarmerie 14270 Mézidon Vallée d'Auge,Impasse de l'Ancienne Gendarmerie,Mézidon Vallée d'Auge,14270,14431,14,IMPASSE DE L ANCIENNE GENDARMERIE,54,54,14369.3,15025.3,GPL + Électricité,False,Gaz / GPL,728.9,0,False,728.9,somme_des_seules_energies_electriques_EF,False,13.49814815,278.2462963,69,3726,2162,2162,avant 1948,1945,1945,0.08523500873,49.06987503,adresse non géocodée ban car aucune correspondance trouvée,0.56,False,DPE:2314E1354011Z,aucun,0,adresse_absente_ou_incomplete,True,804.8912388,,,,,Non appariée,Simulation pédagogique locale,département : médiane + surface/énergie + aléa,14.90539331,True,False,75.99123884,75.99123884,10.42546835,1.104254684,True,1,False
2314E1405703D,4255,2023,2023-04-17,etablissement,2026-01-09,True,conso_enedis_kwh,conso_enedis_kwh:simulation_locale_graine_fixe,Maison,E,E,8 RUE DU MAL JUIN,8 Rue Maréchal Juin 14140 Livarot-Pays-d'Auge,8 Rue Maréchal Juin,Livarot-Pays-d'Auge,14140,14371,14,8 RUE MARECHAL JUIN,70,70,16970.9,17790.2,Gaz naturel + Électricité,False,Gaz / GPL,910.3,0,False,910.3,somme_des_seules_energies_electriques_EF,False,13.00428571,254.1457143,52,3640,1542,1542,1948-1974,1968,1968,0.1540560686,49.00837697,adresse non géocodée ban car aucune correspondance trouvée,0.45,False,14371|8 RUE MARECHAL JUIN,aucun,0,adresse_absente_ou_incomplete,True,2029.805183,,,,,Non appariée,Simulation pédagogique locale,département : médiane + surface/énergie + aléa,28.9972169,True,False,1119.505183,1119.505183,122.9820041,2.229820041,True,1,False
2314E1406667F,1788,2023,2023-04-27,etablissement,2026-01-09,True,conso_enedis_kwh,conso_enedis_kwh:simulation_locale_graine_fixe,Maison,D,B,13 Rue du Coteau,13 Rue du Coteau 14340 Cambremer,13 Rue du Coteau,Cambremer,14340,14126,14,13 RUE DU COTEAU,83,83,10689.7,20310.5,Électricité,True,Électricité,10689.7,0,False,10689.7,total_EF_logement_tout_electrique,False,128.7915663,244.7048193,9,747,1776,1776,1989-2000,1995,1995,0.04716806974,49.15390397,adresse non géocodée ban car aucune correspondance trouvée,0.78,False,14126|13 RUE DU COTEAU,aucun,0,adresse_absente_ou_incomplete,True,4314.50445,,,,,Non appariée,Simulation pédagogique locale,département : médiane + surface/énergie + aléa,51.98198133,True,False,-6375.19555,6375.19555,-59.63867601,0.4036132399,True,1,False
2314E1445339P,8139,2023,2023-05-02,etablissement,2026-01-09,True,conso_enedis_kwh,conso_enedis_kwh:simulation_locale_graine_fixe,Maison,E,E,8 Place de Verdun,8 Place de Verdun 14140 Livarot-Pays-d'Auge,8 Place de Verdun,Livarot-Pays-d'Auge,14140,14371,14,8 PLACE DE VERDUN,56,56,13088,13791.9,Gaz naturel + Électricité,False,Gaz / GPL,782.1,-0.1,False,782.1,somme_des_seules_energies_electriques_EF,False,13.96607143,246.2839286,50,2800,1262,1262,1948-1974,1968,1968,0.1526310199,49.008025,adresse non géocodée ban car aucune correspondance trouvée,0.58,False,14371|8 PLACE DE VERDUN,aucun,0,adresse_absente_ou_incomplete,True,1079.039048,,,,,Non appariée,Simulation pédagogique locale,département : médiane + surface/énergie + aléa,19.26855442,True,False,296.9390475,296.9390475,37.96689011,1.379668901,True,1,False
2314E1484887R,8378,2023,2023-05-03,etablissement,2026-01-09,True,conso_enedis_kwh,conso_enedis_kwh:simulation_locale_graine_fixe,Appartement,E,E,5 Creton,5 Rue Créton 14100 Lisieux,5 Rue Créton,Lisieux,14100,14366,14,5 RUE CRETON,66,66,17653.8,18451.1,Gaz naturel + Électricité,False,Gaz / GPL,152.1,733.8,True,152.1,somme_des_seules_energies_electriques_EF,False,2.304545455,279.5621212,58.53939394,3863.6,1582.4,1582.4,1948-1974,1964,1964,0.2259320142,49.13819504,adresse non géocodée ban car aucune correspondance trouvée,0.65,False,14366|5 RUE CRETON,aucun,0,adresse_absente_ou_incomplete,True,826.3697942,,,,,Non appariée,Simulation pédagogique locale,département : médiane + surface/énergie + aléa,12.52075446,True,False,674.2697942,674.2697942,443.3068995,5.433068995,True,1,False
2314E1485197P,4609,2023,2023-05-03,etablissement,2026-01-09,True,conso_enedis_kwh,conso_enedis_kwh:simulation_locale_graine_fixe,Appartement,C,C,9 Creton,9 Rue Créton 14100 Lisieux,9 Rue Créton,Lisieux,14100,14366,14,9 RUE CRETON,66,66,6209.6,6730.5,Gaz naturel + Électricité,False,Gaz / GPL,63,515.7,True,63,somme_des_seules_energies_electriques_EF,False,0.9545454545,101.9772727,19.93787879,1315.9,765.7,765.7,1948-1974,1964,1964,0.2255129434,49.13819599,adresse non géocodée ban car aucune correspondance trouvée,0.65,False,14366|9 RUE CRETON,aucun,0,adresse_absente_ou_incomplete,True,1703.070132,,,,,Non appariée,Simulation pédagogique locale,département : médiane + surface/énergie + aléa,25.80409291,True,False,1640.070132,1640.070132,2603.285924,27.03285924,True,2,False
2314E1485229V,7537,2023,2023-05-03,etablissement,2026-01-09,True,conso_enedis_kwh,conso_enedis_kwh:simulation_locale_graine_fixe,Appartement,C,C,9 Creton,9 Rue Créton 14100 Lisieux,9 Rue Créton,Lisieux,14100,14366,14,9 RUE CRETON,66,66,6209.6,6730.5,Gaz naturel + Électricité,False,Gaz / GPL,63,515.7,True,63,somme_des_seules_energies_electriques_EF,False,0.9545454545,101.9772727,19.93787879,1315.9,765.7,765.7,1948-1974,1964,1964,0.2255129434,49.13819599,adresse non géocodée ban car aucune correspondance trouvée,0.65,False,14366|9 RUE CRETON,aucun,0,adresse_absente_ou_incomplete,True,1703.070132,,,,,Non appariée,Simulation pédagogique locale,département : médiane + surface/énergie + aléa,25.80409291,True,False,1640.070132,1640.070132,2603.285924,27.03285924,True,2,False
2314E1485539T,684,2023,2023-05-03,etablissement,2026-01-09,True,conso_enedis_kwh,conso_enedis_kwh:simulation_locale_graine_fixe,Appartement,E,E,11 Creton,11 Rue Créton 14100 Lisieux,11 Rue Créton,Lisieux,14100,14366,14,11 RUE CRETON,66,66,17653.8,18451.1,Gaz naturel + Électricité,False,Gaz / GPL,152.1,733.8,True,152.1,somme_des_seules_energies_electriques_EF,False,2.304545455,279.5621212,58.53939394,3863.6,1582.4,1582.4,1948-1974,1964,1964,0.2253250672,49.138194,adresse non géocodée ban car aucune correspondance trouvée,0.66,False,14366|11 RUE CRETON,aucun,0,adresse_absente_ou_incomplete,True,1254.847669,,,,,Non appariée,Simulation pédagogique locale,département : médiane + surface/énergie + aléa,19.01284347,True,False,1102.747669,1102.747669,725.0149038,8.250149038,True,1,False
2314E1500203T,7389,2023,2023-05-04,etablissement,2026-01-09,True,conso_enedis_kwh,conso_enedis_kwh:simulation_locale_graine_fixe,Maison,E,B,12 Rue de Vouede,12 Rue de Vouede 14170 Saint-Pierre-en-Auge,12 Rue de Vouede,Saint-Pierre-en-Auge,14170,14654,14,12 RUE DE VOUEDE,50.8,50.8,7294.4,13859.3,Électricité,True,Électricité,7294.4,0,False,7294.4,total_EF_logement_tout_electrique,False,143.5905512,272.8208661,9.992125984,507.6,1241,1241,1989-2000,2000,2000,-0.02938400484,49.02144101,adresse non géocodée ban car aucune correspondance trouvée,0.54,False,14654|12 RUE DE VOUEDE,aucun,0,adresse_absente_ou_incomplete,True,1908.170249,,,,,Non appariée,Simulation pédagogique locale,département : médiane + surface/énergie + aléa,37.56240647,True,False,-5386.229751,5386.229751,-73.84061405,0.2615938595,True,1,False
2314E1500859Z,169,2023,2023-05-04,etablissement,2026-01-09,True,conso_enedis_kwh,conso_enedis_kwh:simulation_locale_graine_fixe,Maison,E,B,5 Rue de Vouede,5 Rue de Vouede 14170 Saint-Pierre-en-Auge,5 Rue de Vouede,Saint-Pierre-en-Auge,14170,14654,14,5 RUE DE VOUEDE,50.8,50.8,6898.1,13106.5,Électricité,True,Électricité,6898.1,0,False,6898.1,total_EF_logement_tout_electrique,False,135.7893701,258.0019685,9.992125984,507.6,1180,1180,1989-2000,2000,2000,-0.02904806226,49.021391,adresse non géocodée ban car aucune correspondance trouvée,0.53,False,14654|5 RUE DE VOUEDE,aucun,0,adresse_absente_ou_incomplete,True,3841.59825,,,,,Non appariée,Simulation pédagogique locale,département : médiane + surface/énergie + aléa,75.62201279,True,False,-3056.50175,3056.50175,-44.30932793,0.5569067207,True,1,False
2314E1581732M,7958,2023,2023-05-11,etablissement,2026-01-09,True,conso_enedis_kwh,conso_enedis_kwh:simulation_locale_graine_fixe,Maison,E,E,16 Rue de Verdun,16 Rue de Verdun 14170 Saint-Pierre-en-Auge,16 Rue de Verdun,Saint-Pierre-en-Auge,14170,14654,14,16 RUE DE VERDUN,66,66,20015.2,20919.6,Gaz naturel + Électricité,False,Gaz / GPL,1004.9,0,False,1004.9,somme_des_seules_energies_electriques_EF,False,15.22575758,316.9636364,66,4356,1763,1763,avant 1948,1931,1931,-0.03316197272,49.01515497,adresse non géocodée ban car aucune correspondance trouvée,0.54,False,14654|16 RUE DE VERDUN,aucun,0,adresse_absente_ou_incomplete,True,2416.719284,,,,,Non appariée,Simulation pédagogique locale,département : médiane + surface/énergie + aléa,36.61695884,True,False,1411.819284,1411.819284,140.4935102,2.404935102,True,1,False
2314E1618398S,3106,2023,2023-05-15,etablissement,2026-01-09,True,conso_enedis_kwh,conso_enedis_kwh:simulation_locale_graine_fixe,Maison,D,B,16 Lotissement les Violettes,16 Lotissement les Violettes 14170 Saint-Pierre-en-Auge,16 Lotissement les Violettes,Saint-Pierre-en-Auge,14170,14654,14,16 LOTISSEMENT LES VIOLETTES,81.1,81.1,10150.8,19286.4,Électricité,True,Électricité,10150.8,0,False,10150.8,total_EF_logement_tout_electrique,False,125.1639951,237.810111,9.003699137,730.2,1692,1692,2001-2005,2003,2003,-0.01577303167,49.03790199,adresse non géocodée ban car aucune correspondance trouvée,0.48,False,14654|16 LOTISSEMENT LES VIOLETTES,aucun,0,adresse_absente_ou_incomplete,True,2613.235629,,,,,Non appariée,Simulation pédagogique locale,département : médiane + surface/énergie + aléa,32.22238754,True,False,-7537.564371,7537.564371,-74.25586526,0.2574413474,True,1,False
2314E1683361H,5578,2023,2023-05-22,etablissement,2026-01-09,True,conso_enedis_kwh,conso_enedis_kwh:simulation_locale_graine_fixe,Maison,E,E,49 Rue du Vieux Sergent,49 Rue du Vieux Sergent 14100 Lisieux,49 Rue du Vieux Sergent,Lisieux,14100,14366,14,49 RUE DU VIEUX SERGENT,98,98,30339,30931.8,Gaz naturel + Électricité,False,Gaz / GPL,658.7,0,False,658.7,somme_des_seules_energies_electriques_EF,False,6.721428571,315.6306122,69,6762,2361,2361,1948-1974,1949,1949,0.2269789744,49.16085503,adresse non géocodée ban car aucune correspondance trouvée,0.81,False,14366|49 RUE DU VIEUX SERGENT,aucun,0,adresse_absente_ou_incomplete,True,2709.853977,,,,,Non appariée,Simulation pédagogique locale,département : médiane + surface/énergie + aléa,27.6515712,True,False,2051.153977,2051.153977,311.394258,4.11394258,True,1,False
2314E1716266W,394,2023,2023-05-23,etablissement,2026-01-09,True,conso_enedis_kwh,conso_enedis_kwh:simulation_locale_graine_fixe,Maison,E,E,9 Place Emile Romanet,9 Rue Emile Romanet 14170 Saint-Pierre-en-Auge,9 Rue Emile Romanet,Saint-Pierre-en-Auge,14170,14654,14,9 RUE EMILE ROMANET,91,91,21440.2,22165.4,Gaz naturel + Électricité,False,Gaz / GPL,805.9,0,False,805.9,somme_des_seules_energies_electriques_EF,False,8.856043956,243.5758242,52,4732,1812,1812,1948-1974,1973,1973,-0.03728700651,49.01284598,adresse non géocodée ban car aucune correspondance trouvée,0.48,False,14654|9 RUE EMILE ROMANET,aucun,0,adresse_absente_ou_incomplete,True,1471.707593,,,,,Non appariée,Simulation pédagogique locale,département : médiane + surface/énergie + aléa,16.17261092,True,False,665.8075935,665.8075935,82.61665138,1.826166514,True,1,False
2314E1718772G,182,2023,2023-05-25,etablissement,2026-01-09,True,conso_enedis_kwh,conso_enedis_kwh:simulation_locale_graine_fixe,Maison,E,E,33 Rue de Suède,33 Rue de Suède 14100 Lisieux,33 Rue de Suède,Lisieux,14100,14366,14,33 RUE DE SUEDE,72,72,20134.5,20580,Gaz naturel + Électricité,False,Gaz / GPL,494.9,0,False,494.9,somme_des_seules_energies_electriques_EF,False,6.873611111,285.8333333,62,4464,1657,1657,1948-1974,1949,1949,0.2264799613,49.15972297,adresse non géocodée ban car aucune correspondance trouvée,0.79,False,14366|33 RUE DE SUEDE,aucun,0,adresse_absente_ou_incomplete,True,1720.476144,,,,,Non appariée,Simulation pédagogique locale,département : médiane + surface/énergie + aléa,23.895502,True,False,1225.576144,1225.576144,247.6411687,3.476411687,True,1,False
2314E1720199D,5797,2023,2023-05-10,etablissement,2026-01-09,True,conso_enedis_kwh,conso_enedis_kwh:simulation_locale_graine_fixe,Appartement,D,B,1 du général delaunay,1 Rue du Général Delaunay 14170 Saint-Pierre-en-Auge,1 Rue du Général Delaunay,Saint-Pierre-en-Auge,14170,14654,14,1 RUE DU GENERAL DELAUNAY,31,31,4102.3,7794.3,Électricité,True,Électricité,4054.3,48,True,4102.3,total_EF_logement_tout_electrique,False,132.3322581,251.4290323,9.796774194,303.7,744.6,744.6,1975-1977,1975,1975,-0.03434503038,49.01342001,adresse non géocodée ban car aucune correspondance trouvée,0.56,False,14654|1 RUE DU GENERAL DELAUNAY,aucun,0,adresse_absente_ou_incomplete,True,2469.60797,,,,,Non appariée,Simulation pédagogique locale,département : médiane + surface/énergie + aléa,79.66477323,True,False,-1632.69203,1632.69203,-39.79943032,0.6020056968,True,4,False
2314E1720301B,5270,2023,2023-05-10,etablissement,2026-01-09,True,conso_enedis_kwh,conso_enedis_kwh:simulation_locale_graine_fixe,Appartement,D,B,1 du général delaunay,1 Rue du Général Delaunay 14170 Saint-Pierre-en-Auge,1 Rue du Général Delaunay,Saint-Pierre-en-Auge,14170,14654,14,1 RUE DU GENERAL DELAUNAY,47,47,4670.9,8874.7,Électricité,True,Électricité,4597.9,73,True,4670.9,total_EF_logement_tout_electrique,False,99.38085106,188.8234043,7.319148936,344,830.9,830.9,1975-1977,1975,1975,-0.03434503038,49.01342001,adresse non géocodée ban car aucune correspondance trouvée,0.56,False,14654|1 RUE DU GENERAL DELAUNAY,aucun,0,adresse_absente_ou_incomplete,True,2469.60797,,,,,Non appariée,Simulation pédagogique locale,département : médiane + surface/énergie + aléa,52.54485043,True,False,-2201.29203,2201.29203,-47.12779186,0.5287220814,True,4,False
2314E1720407D,8077,2023,2023-05-10,etablissement,2026-01-09,True,conso_enedis_kwh,conso_enedis_kwh:simulation_locale_graine_fixe,Appartement,C,B,1 du général delaunay,1 Rue du Général Delaunay 14170 Saint-Pierre-en-Auge,1 Rue du Général Delaunay,Saint-Pierre-en-Auge,14170,14654,14,1 RUE DU GENERAL DELAUNAY,47,47,4289.3,8149.6,Électricité,True,Électricité,4216.5,72.8,True,4289.3,total_EF_logement_tout_electrique,False,91.26170213,173.3957447,6.676595745,313.8,772.9,772.9,1975-1977,1975,1975,-0.03434503038,49.01342001,adresse non géocodée ban car aucune correspondance trouvée,0.56,False,14654|1 RUE DU GENERAL DELAUNAY,aucun,0,adresse_absente_ou_incomplete,True,2469.60797,,,,,Non appariée,Simulation pédagogique locale,département : médiane + surface/énergie + aléa,52.54485043,True,False,-1819.69203,1819.69203,-42.42398596,0.5757601404,True,4,False
2314E1720456A,5837,2023,2023-05-10,etablissement,2026-01-09,True,conso_enedis_kwh,conso_enedis_kwh:simulation_locale_graine_fixe,Appartement,D,B,1 du général delaunay,1 Rue du Général Delaunay 14170 Saint-Pierre-en-Auge,1 Rue du Général Delaunay,Saint-Pierre-en-Auge,14170,14654,14,1 RUE DU GENERAL DELAUNAY,41,41,5123.4,9734.4,Électricité,True,Électricité,5059.5,63.9,True,5123.4,total_EF_logement_tout_electrique,False,124.9609756,237.4243902,9.324390244,382.3,900.2,900.2,1975-1977,1975,1975,-0.03434503038,49.01342001,adresse non géocodée ban car aucune correspondance trouvée,0.56,False,14654|1 RUE DU GENERAL DELAUNAY,aucun,0,adresse_absente_ou_incomplete,True,2469.60797,,,,,Non appariée,Simulation pédagogique locale,département : médiane + surface/énergie + aléa,60.23434073,True,False,-2653.79203,2653.79203,-51.79747882,0.4820252118,True,4,False
2314E1720559Z,7356,2023,2023-05-10,etablissement,2026-01-09,True,conso_enedis_kwh,conso_enedis_kwh:simulation_locale_graine_fixe,Appartement,C,B,3 du général delaunay,3 Rue du Général Delaunay 14170 Saint-Pierre-en-Auge,3 Rue du Général Delaunay,Saint-Pierre-en-Auge,14170,14654,14,3 RUE DU GENERAL DELAUNAY,47,47,4289.3,8149.6,Électricité,True,Électricité,4216.5,72.8,True,4289.3,total_EF_logement_tout_electrique,False,91.26170213,173.3957447,6.676595745,313.8,772.9,772.9,1975-1977,1975,1975,-0.03446204665,49.01325004,adresse non géocodée ban car aucune correspondance trouvée,0.56,False,14654|3 RUE DU GENERAL DELAUNAY,aucun,0,adresse_absente_ou_incomplete,True,2130.771201,,,,,Non appariée,Simulation pédagogique locale,département : médiane + surface/énergie + aléa,45.33555746,True,False,-2158.528799,2158.528799,-50.32356793,0.4967643207,True,2,False
2314E1720779L,2938,2023,2023-05-10,etablissement,2026-01-09,True,conso_enedis_kwh,conso_enedis_kwh:simulation_locale_graine_fixe,Appartement,D,B,3 du général delaunay,3 Rue du Général Delaunay 14170 Saint-Pierre-en-Auge,3 Rue du Général Delaunay,Saint-Pierre-en-Auge,14170,14654,14,3 RUE DU GENERAL DELAUNAY,55,55,5580,10601.9,Électricité,True,Électricité,5494.1,85.9,True,5580,total_EF_logement_tout_electrique,False,101.4545455,192.7618182,7.538181818,414.6,972,972,1975-1977,1975,1975,-0.03446204665,49.01325004,adresse non géocodée ban car aucune correspondance trouvée,0.56,False,14654|3 RUE DU GENERAL DELAUNAY,aucun,0,adresse_absente_ou_incomplete,True,2130.771201,,,,,Non appariée,Simulation pédagogique locale,département : médiane + surface/énergie + aléa,38.74129456,True,False,-3449.228799,3449.228799,-61.81413619,0.3818586381,True,2,False
2314E1722776G,9347,2023,2023-05-25,etablissement,2026-01-09,True,conso_enedis_kwh,conso_enedis_kwh:simulation_locale_graine_fixe,Maison,E,E,27 Rue de Suède,27 Rue de Suède 14100 Lisieux,27 Rue de Suède,Lisieux,14100,14366,14,27 RUE DE SUEDE,99,99,29010.8,29594.9,Gaz naturel + Électricité,False,Gaz / GPL,649.1,0,False,649.1,somme_des_seules_energies_electriques_EF,False,6.556565657,298.9383838,65,6435,2271,2271,1948-1974,1949,1949,0.2262419952,49.15903899,adresse non géocodée ban car aucune correspondance trouvée,0.79,False,14366|27 RUE DE SUEDE,aucun,0,adresse_absente_ou_incomplete,True,1483.611509,,,,,Non appariée,Simulation pédagogique locale,département : médiane + surface/énergie + aléa,14.98597484,True,False,834.5115087,834.5115087,128.5643982,2.285643982,True,1,False
2314E1727017J,39,2023,2023-05-23,etablissement,2026-01-09,True,conso_enedis_kwh,conso_enedis_kwh:simulation_locale_graine_fixe,Maison,E,E,4 Place Emile Romanet,4 Rue Emile Romanet 14170 Saint-Pierre-en-Auge,4 Rue Emile Romanet,Saint-Pierre-en-Auge,14170,14654,14,4 RUE EMILE ROMANET,73,73,21918.9,22623.9,Gaz naturel + Électricité,False,Gaz / GPL,783.3,0.1,False,783.3,somme_des_seules_energies_electriques_EF,False,10.73013699,309.9164384,66,4818,1839,1839,1948-1974,1973,1973,-0.0370049556,49.01291197,adresse non géocodée ban car aucune correspondance trouvée,0.48,False,14654|4 RUE EMILE ROMANET,aucun,0,adresse_absente_ou_incomplete,True,2141.006364,,,,,Non appariée,Simulation pédagogique locale,département : médiane + surface/énergie + aléa,29.3288543,True,False,1357.706364,1357.706364,173.3315925,2.733315925,True,1,False
2314E1739603L,9614,2023,2023-05-26,etablissement,2026-01-09,True,conso_enedis_kwh,conso_enedis_kwh:simulation_locale_graine_fixe,Maison,E,E,54 Rue du Vieux Sergent,54 Rue du Vieux Sergent 14100 Lisieux,54 Rue du Vieux Sergent,Lisieux,14100,14366,14,54 RUE DU VIEUX SERGENT,98,98,29826.6,30413.8,Gaz naturel + Électricité,False,Gaz / GPL,652.5,0,False,652.5,somme_des_seules_energies_electriques_EF,False,6.658163265,310.344898,68,6664,2326,2326,1948-1974,1949,1949,0.2270089323,49.161571,adresse non géocodée ban car aucune correspondance trouvée,0.81,False,14366|54 RUE DU VIEUX SERGENT,aucun,0,adresse_absente_ou_incomplete,True,1929.893337,,,,,Non appariée,Simulation pédagogique locale,département : médiane + surface/énergie + aléa,19.69278915,True,False,1277.393337,1277.393337,195.7690938,2.957690938,True,1,False
2314E1744787V,4332,2023,2023-05-22,etablissement,2026-01-09,True,conso_enedis_kwh,conso_enedis_kwh:simulation_locale_graine_fixe,Maison,D,D,14 Rue Emile Romanet,14 Rue Emile Romanet 14170 Saint-Pierre-en-Auge,14 Rue Emile Romanet,Saint-Pierre-en-Auge,14170,14654,14,14 RUE EMILE ROMANET,76,76,14967.6,15793.5,Gaz naturel + Électricité,False,Gaz / GPL,917.6,0,False,917.6,somme_des_seules_energies_electriques_EF,False,12.07368421,207.8092105,42,3192,1414,1414,1975-1977,1975,1975,-0.03682893864,49.01331497,adresse non géocodée ban car aucune correspondance trouvée,0.56,False,14654|14 RUE EMILE ROMANET,aucun,0,adresse_absente_ou_incomplete,True,1710.110421,,,,,Non appariée,Simulation pédagogique locale,département : médiane + surface/énergie + aléa,22.50145291,True,False,792.5104211,792.5104211,86.36774424,1.863677442,True,1,False
2314E1761894U,9546,2023,2023-05-30,etablissement,2026-01-09,True,conso_enedis_kwh,conso_enedis_kwh:simulation_locale_graine_fixe,Maison,E,E,09 Rue Gustave V,9 Rue Gustave V 14100 Lisieux,9 Rue Gustave V,Lisieux,14100,14366,14,9 RUE GUSTAVE V,98,98,28908.7,29490,Gaz naturel + Électricité,False,Gaz / GPL,645.9,-0.1,False,645.9,somme_des_seules_energies_electriques_EF,False,6.590816327,300.9183673,65,6370,2265,2265,1948-1974,1949,1949,0.2274819365,49.15961903,adresse non géocodée ban car aucune correspondance trouvée,0.76,False,14366|9 RUE GUSTAVE V,aucun,0,adresse_absente_ou_incomplete,True,1797.843622,,,,,Non appariée,Simulation pédagogique locale,département : médiane + surface/énergie + aléa,18.34534309,True,False,1151.943622,1151.943622,178.3470541,2.783470541,True,1,False
2314E1774192U,4761,2023,2023-05-30,etablissement,2026-01-09,True,conso_enedis_kwh,conso_enedis_kwh:simulation_locale_graine_fixe,Maison,C,C,27 Rue Albert Mousset,27 Rue Albert Mousset 14170 Saint-Pierre-en-Auge,27 Rue Albert Mousset,Saint-Pierre-en-Auge,14170,14654,14,27 RUE ALBERT MOUSSET,119,119,11293.2,11829.5,Gaz naturel + Électricité,False,Gaz / GPL,595.9,1.818989404e-12,False,595.9,somme_des_seules_energies_electriques_EF,False,5.007563025,99.40756303,20,2380,1102,1102,1978-1982,1982,1982,-0.0277180389,49.02094801,adresse non géocodée ban car aucune correspondance trouvée,0.57,False,14654|27 RUE ALBERT MOUSSET,aucun,0,adresse_absente_ou_incomplete,True,1775.821116,,,,,Non appariée,Simulation pédagogique locale,département : médiane + surface/énergie + aléa,14.92286652,True,False,1179.921116,1179.921116,198.0065641,2.980065641,True,1,False
2314E1787912M,8807,2023,2023-05-22,etablissement,2026-01-09,True,conso_enedis_kwh,conso_enedis_kwh:simulation_locale_graine_fixe,Appartement,C,C,21 Rue Gustave Flaubert,21 Rue Gustave Flaubert 14130 Pont-l'Évêque,21 Rue Gustave Flaubert,Pont-l'Évêque,14130,14514,14,21 RUE GUSTAVE FLAUBERT,70,70,4769,5398.7,Gaz naturel + Électricité,False,Gaz / GPL,80.2,619.5,True,80.2,somme_des_seules_energies_electriques_EF,False,1.145714286,77.12428571,13.84571429,969.2,655.5,655.5,1989-2000,1996,1996,0.1782579378,49.28442604,adresse non géocodée ban car aucune correspondance trouvée,0.81,False,14514|21 RUE GUSTAVE FLAUBERT,aucun,0,adresse_absente_ou_incomplete,True,1464.835004,,,,,Non appariée,Simulation pédagogique locale,département : médiane + surface/énergie + aléa,20.92621434,True,False,1384.635004,1384.635004,1726.477561,18.26477561,True,2,False
2314E1788083B,1804,2023,2023-05-22,etablissement,2026-01-09,True,conso_enedis_kwh,conso_enedis_kwh:simulation_locale_graine_fixe,Appartement,C,C,21 Rue Gustave Flaubert,21 Rue Gustave Flaubert 14130 Pont-l'Évêque,21 Rue Gustave Flaubert,Pont-l'Évêque,14130,14514,14,21 RUE GUSTAVE FLAUBERT,70,70,4868.8,5503.6,Gaz naturel + Électricité,False,Gaz / GPL,81.9,623.4,True,81.9,somme_des_seules_energies_electriques_EF,False,1.17,78.62285714,14.15571429,990.9,667.6,667.6,1989-2000,1996,1996,0.1782579378,49.28442604,adresse non géocodée ban car aucune correspondance trouvée,0.81,False,14514|21 RUE GUSTAVE FLAUBERT,aucun,0,adresse_absente_ou_incomplete,True,1464.835004,,,,,Non appariée,Simulation pédagogique locale,département : médiane + surface/énergie + aléa,20.92621434,True,False,1382.935004,1382.935004,1688.565329,17.88565329,True,2,False
2314E1804512Y,6767,2023,2023-06-01,etablissement,2026-01-09,True,conso_enedis_kwh,conso_enedis_kwh:simulation_locale_graine_fixe,Maison,D,D,4 Rue Hallais,4 Rue Hallais 14810 Merville-Franceville-Plage,4 Rue Hallais,Merville-Franceville-Plage,14810,14409,14,4 RUE HALLAIS,51,51,11405.8,12189.5,Gaz naturel + Électricité,False,Gaz / GPL,870.7,-1.818989404e-12,False,870.7,somme_des_seules_energies_electriques_EF,False,17.07254902,239.0098039,47,2397,1172,1172,avant 1948,1933,1933,-0.1997029623,49.27929001,adresse non géocodée ban car aucune correspondance trouvée,0.81,False,14409|4 RUE HALLAIS,aucun,0,adresse_absente_ou_incomplete,True,1249.854956,,,,,Non appariée,Simulation pédagogique locale,département : médiane + surface/énergie + aléa,24.50695991,True,False,379.1549555,379.1549555,43.54599237,1.435459924,True,1,False
2314E1855172K,1121,2023,2023-04-03,etablissement,2026-01-09,True,conso_enedis_kwh,conso_enedis_kwh:simulation_locale_graine_fixe,Maison,B,A,7 Rue des Grès,7 Rue des Grés 14320 May-sur-Orne,7 Rue des Grés,May-sur-Orne,14320,14408,14,7 RUE DES GRES,71.8,71.8,3703.5,7036.6,Électricité,True,Électricité,3703.5,0,False,3703.5,total_EF_logement_tout_electrique,False,51.58077994,98.00278552,3,215.4,684,684,1948-1974,1948,1948,-0.3710900572,49.09730603,adresse non géocodée ban car aucune correspondance trouvée,0.79,False,14408|7 RUE DES GRES,aucun,0,adresse_absente_ou_incomplete,True,2532.775766,,,,,Non appariée,Simulation pédagogique locale,département : médiane + surface/énergie + aléa,35.27542849,True,False,-1170.724234,1170.724234,-31.61129295,0.6838870705,True,1,False
2314E1865682Q,1766,2023,2023-05-30,etablissement,2026-01-09,True,conso_enedis_kwh,conso_enedis_kwh:simulation_locale_graine_fixe,Maison,C,C,19 Rue Albert Mousset,19 Rue Albert Mousset 14170 Saint-Pierre-en-Auge,19 Rue Albert Mousset,Saint-Pierre-en-Auge,14170,14654,14,19 RUE ALBERT MOUSSET,119,119,13692,14238,Gaz naturel + Électricité,False,Gaz / GPL,606.6,0,False,606.6,somme_des_seules_energies_electriques_EF,False,5.097478992,119.6470588,25,2975,1261,1261,1978-1982,1982,1982,-0.02717302571,49.02149599,adresse non géocodée ban car aucune correspondance trouvée,0.57,False,14654|19 RUE ALBERT MOUSSET,aucun,0,adresse_absente_ou_incomplete,True,1833.009983,,,,,Non appariée,Simulation pédagogique locale,département : médiane + surface/énergie + aléa,15.40344523,True,False,1226.409983,1226.409983,202.177709,3.02177709,True,1,False
2314E1925229X,4415,2023,2023-06-07,etablissement,2026-01-09,True,conso_enedis_kwh,conso_enedis_kwh:simulation_locale_graine_fixe,Maison,D,B,7 Impasse du Houx,7 Impasse du Houx 14100 Marolles,7 Impasse du Houx,Marolles,14100,14403,14,7 IMPASSE DU HOUX,86.4,86.4,10395.4,19751.3,Électricité,True,Électricité,10395.4,0,False,10395.4,total_EF_logement_tout_electrique,False,120.3171296,228.6030093,9,777.6,1729,1729,2006-2012,2011,2011,0.3747039803,49.13743301,adresse non géocodée ban car aucune correspondance trouvée,0.78,False,14403|7 IMPASSE DU HOUX,aucun,0,adresse_absente_ou_incomplete,True,3480.281793,,,,,Non appariée,Simulation pédagogique locale,département : médiane + surface/énergie + aléa,40.28103927,True,False,-6915.118207,6915.118207,-66.52094394,0.3347905606,True,1,False
2314E1938206A,1939,2023,2023-06-07,etablissement,2026-01-09,True,conso_enedis_kwh,conso_enedis_kwh:simulation_locale_graine_fixe,Maison,E,B,11 Impasse du Houx,11 Impasse du Houx 14100 Marolles,11 Impasse du Houx,Marolles,14100,14403,14,11 IMPASSE DU HOUX,86.4,86.4,12343.5,23452.7,Électricité,True,Électricité,12343.5,0,False,12343.5,total_EF_logement_tout_electrique,False,142.8645833,271.443287,10,864,2037,2037,2006-2012,2011,2011,0.3744939383,49.13743302,adresse non géocodée ban car aucune correspondance trouvée,0.78,False,14403|11 IMPASSE DU HOUX,aucun,0,adresse_absente_ou_incomplete,True,3401.347721,,,,,Non appariée,Simulation pédagogique locale,département : médiane + surface/énergie + aléa,39.36745047,True,False,-8942.152279,8942.152279,-72.44421987,0.2755578013,True,1,False
2314E1944944E,2142,2023,2023-06-08,etablissement,2026-01-09,True,conso_enedis_kwh,conso_enedis_kwh:simulation_locale_graine_fixe,Maison,D,B,8 RUE DU FOUR A CHAUX,8 Rue du Four a Chaux 14290 La Vespière-Friardel,8 Rue du Four a Chaux,La Vespière-Friardel,14290,14740,14,8 RUE DU FOUR A CHAUX,81,81,10400.8,19761.5,Électricité,True,Électricité,10400.8,0,False,10400.8,total_EF_logement_tout_electrique,False,128.4049383,243.9691358,9,729,1730,1730,1989-2000,1990,1990,0.4217409669,49.02209204,adresse non géocodée ban car aucune correspondance trouvée,0.81,False,14740|8 RUE DU FOUR A CHAUX,aucun,0,adresse_absente_ou_incomplete,True,3462.324733,,,,,Non appariée,Simulation pédagogique locale,département : médiane + surface/énergie + aléa,42.74474979,True,False,-6938.475267,6938.475267,-66.71097672,0.3328902328,True,1,False
2314E2047667B,4823,2023,2023-06-20,etablissement,2026-01-09,True,conso_enedis_kwh,conso_enedis_kwh:simulation_locale_graine_fixe,Maison,F,F,26 Rue Pierre Curie,26 Rue Pierre Curie 14100 Lisieux,26 Rue Pierre Curie,Lisieux,14100,14366,14,26 RUE PIERRE CURIE,67,67,23805.6,24913.4,Gaz naturel + Électricité,False,Gaz / GPL,1231,0,False,1231,somme_des_seules_energies_electriques_EF,False,18.37313433,371.841791,77,5159,2026,2026,1948-1974,1949,1949,0.2276900195,49.13296602,adresse non géocodée ban car aucune correspondance trouvée,0.8,False,14366|26 RUE PIERRE CURIE,aucun,0,adresse_absente_ou_incomplete,True,1756.510076,,,,,Non appariée,Simulation pédagogique locale,département : médiane + surface/énergie + aléa,26.2165683,True,False,525.510076,525.510076,42.68968936,1.426896894,True,1,False
2314E2128893D,5548,2023,2023-06-12,etablissement,2026-01-09,True,conso_enedis_kwh,conso_enedis_kwh:simulation_locale_graine_fixe,Maison,C,A,Elsa Triolet,Rue Elsa Triolet 14160 Dives-sur-Mer,Rue Elsa Triolet,Dives-sur-Mer,14160,14225,14,RUE ELSA TRIOLET,82.3,82.3,6038.4,11473.1,Électricité,True,Électricité,6038.4,0,False,6038.4,total_EF_logement_tout_electrique,False,73.37059538,139.4058323,5,411.5,1044,1044,1978-1982,1978,1978,-0.09098603058,49.28198298,adresse non géocodée ban car aucune correspondance trouvée,0.71,False,DPE:2314E2128893D,aucun,0,adresse_absente_ou_incomplete,True,6998.411098,,,,,Non appariée,Simulation pédagogique locale,commune : médiane + surface/énergie + aléa,85.03537178,True,False,960.0110979,960.0110979,15.89843498,1.15898435,True,1,False
2314E2129053H,9575,2023,2023-06-12,etablissement,2026-01-09,True,conso_enedis_kwh,conso_enedis_kwh:simulation_locale_graine_fixe,Maison,D,B,Elsa Triolet,Rue Elsa Triolet 14160 Dives-sur-Mer,Rue Elsa Triolet,Dives-sur-Mer,14160,14225,14,RUE ELSA TRIOLET,85.6,85.6,9186,17453.5,Électricité,True,Électricité,9186,0,False,9186,total_EF_logement_tout_electrique,False,107.3130841,203.896028,7.997663551,684.6,1539,1539,1978-1982,1978,1978,-0.09098603058,49.28198298,adresse non géocodée ban car aucune correspondance trouvée,0.71,False,DPE:2314E2129053H,aucun,0,adresse_absente_ou_incomplete,True,4515.442302,,,,,Non appariée,Simulation pédagogique locale,commune : médiane + surface/énergie + aléa,52.75049418,True,False,-4670.557698,4670.557698,-50.84430327,0.4915569673,True,1,False
2314E2129075D,2640,2023,2023-06-12,etablissement,2026-01-09,True,conso_enedis_kwh,conso_enedis_kwh:simulation_locale_graine_fixe,Maison,D,B,Elsa Triolet,Rue Elsa Triolet 14160 Dives-sur-Mer,Rue Elsa Triolet,Dives-sur-Mer,14160,14225,14,RUE ELSA TRIOLET,73,73,7579.6,14401.2,Électricité,True,Électricité,7579.6,0,False,7579.6,total_EF_logement_tout_electrique,False,103.830137,197.2767123,7.995890411,583.7,1286,1286,1978-1982,1978,1978,-0.09098603058,49.28198298,adresse non géocodée ban car aucune correspondance trouvée,0.71,False,DPE:2314E2129075D,aucun,0,adresse_absente_ou_incomplete,True,4278.828047,,,,,Non appariée,Simulation pédagogique locale,commune : médiane + surface/énergie + aléa,58.61408283,True,False,-3300.771953,3300.771953,-43.54810219,0.5645189781,True,1,False
2314E2131705H,2182,2023,2023-06-26,etablissement,2026-01-09,True,conso_enedis_kwh,conso_enedis_kwh:simulation_locale_graine_fixe,Maison,F,F,33 Rue Théodule Peulevey,33 Rue Théodule Peulevey 14100 Lisieux,33 Rue Théodule Peulevey,Lisieux,14100,14366,14,33 RUE THEODULE PEULEVEY,67,67,26025.9,27171.5,Gaz naturel + Électricité,False,Gaz / GPL,1272.9,0,False,1272.9,somme_des_seules_energies_electriques_EF,False,18.99850746,405.5447761,85,5695,2176,2176,1948-1974,1949,1949,0.2287889552,49.132142,adresse non géocodée ban car aucune correspondance trouvée,0.81,False,14366|33 RUE THEODULE PEULEVEY,aucun,0,adresse_absente_ou_incomplete,True,1620.508998,,,,,Non appariée,Simulation pédagogique locale,département : médiane + surface/énergie + aléa,24.18670146,True,False,347.6089977,347.6089977,27.30842939,1.273084294,True,1,False
2314E2191455J,5561,2023,2023-06-29,etablissement,2026-01-09,True,conso_enedis_kwh,conso_enedis_kwh:simulation_locale_graine_fixe,Maison,E,E,13 RUE THEODULE PEULEVEY,13 Rue Théodule Peulevey 14100 Lisieux,13 Rue Théodule Peulevey,Lisieux,14100,14366,14,13 RUE THEODULE PEULEVEY,47,47,13595.4,14477.4,Gaz naturel + Électricité,False,Gaz / GPL,980.1,0,False,980.1,somme_des_seules_energies_electriques_EF,False,20.85319149,308.0297872,62,2914,1338,1338,1948-1974,1949,1949,0.2291520364,49.13364799,adresse non géocodée ban car aucune correspondance trouvée,0.81,False,14366|13 RUE THEODULE PEULEVEY,aucun,0,adresse_absente_ou_incomplete,True,2652.455423,,,,,Non appariée,Simulation pédagogique locale,département : médiane + surface/énergie + aléa,56.43522177,True,False,1672.355423,1672.355423,170.6311012,2.706311012,True,1,False
2314E2234359N,3254,2023,2023-06-27,etablissement,2026-01-09,True,conso_enedis_kwh,conso_enedis_kwh:simulation_locale_graine_fixe,Appartement,C,C,AVENUE CANTELOUP,Avenue du Canteloup 14600 Honfleur,Avenue du Canteloup,Honfleur,14600,14333,14,AVENUE DU CANTELOUP,66,66,8630.3,9313,Gaz naturel + Électricité,False,Gaz / GPL,92.7,665.9,True,92.7,somme_des_seules_energies_electriques_EF,False,1.404545455,141.1060606,27.81818182,1836,964.3,964.3,1983-1988,1983,1983,0.2479979915,49.41034703,adresse non géocodée ban car aucune correspondance trouvée,0.71,False,DPE:2314E2234359N,aucun,0,adresse_absente_ou_incomplete,True,2166.529767,,,,,Non appariée,Simulation pédagogique locale,commune : médiane + surface/énergie + aléa,32.8262086,True,False,2073.829767,2073.829767,2237.141065,23.37141065,True,1,False
2314E2235321N,1174,2023,2023-06-27,etablissement,2026-01-09,True,conso_enedis_kwh,conso_enedis_kwh:simulation_locale_graine_fixe,Appartement,D,D,AVENUE CANTELOUP,Avenue du Canteloup 14600 Honfleur,Avenue du Canteloup,Honfleur,14600,14333,14,AVENUE DU CANTELOUP,48,48,7771.9,8305.7,Gaz naturel + Électricité,False,Gaz / GPL,79.5,513.7,True,79.5,somme_des_seules_energies_electriques_EF,False,1.65625,173.0354167,34.75,1668,871.1,871.1,1983-1988,1983,1983,0.2479979915,49.41034703,adresse non géocodée ban car aucune correspondance trouvée,0.71,False,DPE:2314E2235321N,aucun,0,adresse_absente_ou_incomplete,True,3356.92803,,,,,Non appariée,Simulation pédagogique locale,commune : médiane + surface/énergie + aléa,69.93600062,True,False,3277.42803,3277.42803,4122.550981,42.22550981,True,1,False
2314E2261201X,9696,2023,2023-07-05,etablissement,2026-01-09,True,conso_enedis_kwh,conso_enedis_kwh:simulation_locale_graine_fixe,Maison,C,C,19 Rue des Ecureuils,19 Rue des Ecureuils 14800 Touques,19 Rue des Ecureuils,Touques,14800,14699,14,19 RUE DES ECUREUILS,80,80,7582.9,8010.1,Gaz naturel + Électricité,False,Gaz / GPL,474.7,0,False,474.7,somme_des_seules_energies_electriques_EF,False,5.93375,100.12625,20,1600,832,832,après 2021,2015,2015,0.09909394685,49.35645101,adresse non géocodée ban car aucune correspondance trouvée,0.79,False,14699|19 RUE DES ECUREUILS,aucun,0,adresse_absente_ou_incomplete,True,1481.277582,,,,,Non appariée,Simulation pédagogique locale,département : médiane + surface/énergie + aléa,18.51596978,True,False,1006.577582,1006.577582,212.0449931,3.120449931,True,1,False
2314E2264637B,5886,2023,2023-07-05,etablissement,2026-01-09,True,conso_enedis_kwh,conso_enedis_kwh:simulation_locale_graine_fixe,Maison,C,C,44 CHEMIN DE L'EPINAY,44 Chemin de l’Epinay 14800 Touques,44 Chemin de l’Epinay,Touques,14800,14699,14,44 CHEMIN DE L EPINAY,80,80,8177.2,8606.3,Gaz naturel + Électricité,False,Gaz / GPL,476.8,0,False,476.8,somme_des_seules_energies_electriques_EF,False,5.96,107.57875,22,1760,871,871,après 2021,2015,2015,0.0992000368,49.35726004,adresse non géocodée ban car aucune correspondance trouvée,0.8,False,14699|44 CHEMIN DE L EPINAY,aucun,0,adresse_absente_ou_incomplete,True,1575.195231,,,,,Non appariée,Simulation pédagogique locale,département : médiane + surface/énergie + aléa,19.68994039,True,False,1098.395231,1098.395231,230.3681274,3.303681274,True,1,False
2314E2327892Y,6234,2023,2023-01-03,etablissement,2026-01-09,True,conso_enedis_kwh,conso_enedis_kwh:simulation_locale_graine_fixe,Maison,E,E,6 RESIDENCE GUY DE MAUPASSANT,6 Residence Guy de Maupassant 14590 Moyaux,6 Residence Guy de Maupassant,Moyaux,14590,14460,14,6 RESIDENCE GUY DE MAUPASSANT,56,56,12322.4,13105.3,GPL + Électricité,False,Gaz / GPL,870,0,False,870,somme_des_seules_energies_electriques_EF,False,15.53571429,234.0232143,56,3136,1890,1890,1948-1974,1965,1965,0.3572419401,49.19685897,adresse non géocodée ban car aucune correspondance trouvée,0.8,False,14460|6 RESIDENCE GUY DE MAUPASSANT,aucun,0,adresse_absente_ou_incomplete,True,1586.833119,,,,,Non appariée,Simulation pédagogique locale,département : médiane + surface/énergie + aléa,28.3363057,True,False,716.8331193,716.8331193,82.39461142,1.823946114,True,1,False
2314E2330013N,5839,2023,2023-07-10,etablissement,2026-01-09,True,conso_enedis_kwh,conso_enedis_kwh:simulation_locale_graine_fixe,Maison,D,B,20 Rue Pierre Sémard,20 Rue Pierre Sémard 14160 Dives-sur-Mer,20 Rue Pierre Sémard,Dives-sur-Mer,14160,14225,14,20 RUE PIERRE SEMARD,71.1,71.1,8078.2,15348.5,Électricité,True,Électricité,8078.2,0,False,8078.2,total_EF_logement_tout_electrique,False,113.6174402,215.8720113,7.995780591,568.5,1365,1365,2006-2012,2010,2010,-0.09405402665,49.29137796,adresse non géocodée ban car aucune correspondance trouvée,0.8,False,14225|20 RUE PIERRE SEMARD,aucun,0,adresse_absente_ou_incomplete,True,3788.034651,,,,,Non appariée,Simulation pédagogique locale,commune : médiane + surface/énergie + aléa,53.2775619,True,False,-4290.165349,4290.165349,-53.10793678,0.4689206322,True,1,False
2314E2330068Q,4259,2023,2023-07-10,etablissement,2026-01-09,True,conso_enedis_kwh,conso_enedis_kwh:simulation_locale_graine_fixe,Maison,D,B,8 Rue Pierre Sémard,8 Rue Pierre Sémard 14160 Dives-sur-Mer,8 Rue Pierre Sémard,Dives-sur-Mer,14160,14225,14,8 RUE PIERRE SEMARD,71.1,71.1,8088,15367.1,Électricité,True,Électricité,8088,0,False,8088,total_EF_logement_tout_electrique,False,113.7552743,216.1336146,7.995780591,568.5,1367,1367,2006-2012,2010,2010,-0.09448301425,49.29072399,adresse non géocodée ban car aucune correspondance trouvée,0.8,False,14225|8 RUE PIERRE SEMARD,aucun,0,adresse_absente_ou_incomplete,True,4431.474604,,,,,Non appariée,Simulation pédagogique locale,commune : médiane + surface/énergie + aléa,62.32735027,True,False,-3656.525396,3656.525396,-45.20926553,0.5479073447,True,1,False
2314E2338906O,6736,2023,2023-07-11,etablissement,2026-01-09,True,adresse;conso_enedis_kwh,adresse:reconstruction_adresse_brute;conso_enedis_kwh:simulation_locale_graine_fixe,Maison,E,E,8 du Canteloup,Res du Canteloup 14600 Honfleur,8 du Canteloup,Honfleur,14600,14333,14,8 DU CANTELOUP,71.1,71.1,19173.1,20068,Gaz naturel + Électricité,False,Gaz / GPL,994.3,-0.1,False,994.3,somme_des_seules_energies_electriques_EF,False,13.98452883,282.2503516,57.9859353,4122.8,1706,1706,1983-1988,1983,1983,0.2443330011,49.40741896,adresse non géocodée ban car aucune correspondance trouvée,0.68,False,14333|8 DU CANTELOUP,aucun,0,adresse_absente_ou_incomplete,True,3120.050641,,,,,Non appariée,Simulation pédagogique locale,commune : médiane + surface/énergie + aléa,43.88256879,True,False,2125.750641,2125.750641,213.7936881,3.137936881,True,1,False
2314E2398742Y,3099,2023,2023-07-17,etablissement,2026-01-09,True,conso_enedis_kwh,conso_enedis_kwh:simulation_locale_graine_fixe,Maison,E,E,15 Rue Guy de Maupassant,15 Rue Guy de Maupassant 14160 Dives-sur-Mer,15 Rue Guy de Maupassant,Dives-sur-Mer,14160,14225,14,15 RUE GUY DE MAUPASSANT,84,84,22442.3,23415.3,Gaz naturel + Électricité,False,Gaz / GPL,1081.1,0,False,1081.1,somme_des_seules_energies_electriques_EF,False,12.8702381,278.7535714,58,4872,1926,1926,avant 1948,1931,1931,-0.09752306002,49.28385903,adresse non géocodée ban car aucune correspondance trouvée,0.81,False,14225|15 RUE GUY DE MAUPASSANT,aucun,0,adresse_absente_ou_incomplete,True,2207.074969,,,,,Non appariée,Simulation pédagogique locale,commune : médiane + surface/énergie + aléa,26.27470201,True,False,1125.974969,1125.974969,104.150862,2.04150862,True,1,False
2314E2398966O,9267,2023,2023-07-17,etablissement,2026-01-09,True,conso_enedis_kwh,conso_enedis_kwh:simulation_locale_graine_fixe,Maison,F,E,18 Rue Victor Hugo,18 Rue Victor Hugo 14160 Dives-sur-Mer,18 Rue Victor Hugo,Dives-sur-Mer,14160,14225,14,18 RUE VICTOR HUGO,56,56,17662.1,18525.3,Gaz naturel + Électricité,False,Gaz / GPL,959.2,-3.637978807e-12,False,959.2,somme_des_seules_energies_electriques_EF,False,17.12857143,330.8089286,68,3808,1601,1601,avant 1948,1931,1931,-0.09834604273,49.28382098,adresse non géocodée ban car aucune correspondance trouvée,0.8,False,14225|18 RUE VICTOR HUGO,aucun,0,adresse_absente_ou_incomplete,True,2215.456416,,,,,Non appariée,Simulation pédagogique locale,commune : médiane + surface/énergie + aléa,39.56172172,True,False,1256.256416,1256.256416,130.9691844,2.309691844,True,1,False
2314E2399525B,597,2023,2023-07-12,etablissement,2026-01-09,True,conso_enedis_kwh,conso_enedis_kwh:simulation_locale_graine_fixe,Maison,D,D,2 Avenue de la Renaissance,2 Avenue de la Renaissance 14390 Cabourg,2 Avenue de la Renaissance,Cabourg,14390,14117,14,2 AVENUE DE LA RENAISSANCE,77,77,15824.8,16582,Gaz naturel + Électricité,False,Gaz / GPL,841.4,0,False,841.4,somme_des_seules_energies_electriques_EF,False,10.92727273,215.3506494,44,3388,1453,1453,avant 1948,1931,1931,-0.1337909889,49.28593298,adresse non géocodée ban car aucune correspondance trouvée,0.8,False,14117|2 AVENUE DE LA RENAISSANCE,aucun,0,adresse_absente_ou_incomplete,True,2050.031811,,,,,Non appariée,Simulation pédagogique locale,commune : médiane + surface/énergie + aléa,26.62378975,True,False,1208.631811,1208.631811,143.6453305,2.436453305,True,1,False
2314E2482008M,6774,2023,2023-07-24,etablissement,2026-01-09,True,conso_enedis_kwh,conso_enedis_kwh:simulation_locale_graine_fixe,Maison,E,E,2 Lotissement le Chatel,2 Lotissement le Chatel 14130 Blangy-le-Château,2 Lotissement le Chatel,Blangy-le-Château,14130,14077,14,2 LOTISSEMENT LE CHATEL,56,56,15541.6,16364.5,Gaz naturel + Électricité,False,Gaz / GPL,914.3,1.818989404e-12,False,914.3,somme_des_seules_energies_electriques_EF,False,16.32678571,292.2232143,60,3360,1451,1451,1948-1974,1966,1966,0.2751450151,49.243157,adresse non géocodée ban car aucune correspondance trouvée,0.8,False,14077|2 LOTISSEMENT LE CHATEL,aucun,0,adresse_absente_ou_incomplete,True,1534.526993,,,,,Non appariée,Simulation pédagogique locale,département : médiane + surface/énergie + aléa,27.40226772,True,False,620.2269926,620.2269926,67.83626737,1.678362674,True,1,False
2314E2539502U,4504,2023,2023-07-27,etablissement,2026-01-09,True,conso_enedis_kwh,conso_enedis_kwh:simulation_locale_graine_fixe,Maison,E,E,59 Rue du Vieux Sergent,59 Rue du Vieux Sergent 14100 Lisieux,59 Rue du Vieux Sergent,Lisieux,14100,14366,14,59 RUE DU VIEUX SERGENT,98,98,24603.4,25127,Gaz naturel + Électricité,False,Gaz / GPL,581.9,0,False,581.9,somme_des_seules_energies_electriques_EF,False,5.937755102,256.3979592,56,5488,1969,1969,1948-1974,1949,1949,0.2265330093,49.16082199,adresse non géocodée ban car aucune correspondance trouvée,0.81,False,14366|59 RUE DU VIEUX SERGENT,aucun,0,adresse_absente_ou_incomplete,True,1283.37873,,,,,Non appariée,Simulation pédagogique locale,département : médiane + surface/énergie + aléa,13.09570132,True,False,701.4787296,701.4787296,120.5497043,2.205497043,True,1,False
2314E2787583J,1290,2023,2023-08-08,etablissement,2026-01-09,True,conso_enedis_kwh,conso_enedis_kwh:simulation_locale_graine_fixe,Maison,E,E,13 Rue Gustave Flaubert,13 Rue Gustave Flaubert 14130 Pont-l'Évêque,13 Rue Gustave Flaubert,Pont-l'Évêque,14130,14514,14,13 RUE GUSTAVE FLAUBERT,68,68,16461.5,17480.3,Gaz naturel + Électricité,False,Gaz / GPL,1131.9,0,False,1131.9,somme_des_seules_energies_electriques_EF,False,16.64558824,257.0632353,52,3536,1540,1540,1989-2000,1997,1997,0.1790699765,49.28468898,adresse non géocodée ban car aucune correspondance trouvée,0.81,False,14514|13 RUE GUSTAVE FLAUBERT,aucun,0,adresse_absente_ou_incomplete,True,1625.991557,,,,,Non appariée,Simulation pédagogique locale,département : médiane + surface/énergie + aléa,23.91164055,True,False,494.0915572,494.0915572,43.6515202,1.436515202,True,1,False
2314E2789960U,5162,2023,2023-08-23,etablissement,2026-01-09,True,conso_enedis_kwh,conso_enedis_kwh:simulation_locale_graine_fixe,Maison,D,D,16 Allée de l'Europe,16 Allée de l'Europe 14860 Ranville,16 Allée de l'Europe,Ranville,14860,14530,14,16 ALLEE DE L EUROPE,67,67,12204.8,13005.2,Gaz naturel + Électricité,False,Gaz / GPL,889.4,0,False,889.4,somme_des_seules_energies_electriques_EF,False,13.27462687,194.1074627,39,2613,1228,1228,1989-2000,1998,1998,-0.2547279571,49.23374602,adresse non géocodée ban car aucune correspondance trouvée,0.79,False,14530|16 ALLEE DE L EUROPE,aucun,0,adresse_absente_ou_incomplete,True,2099.279704,,,,,Non appariée,Simulation pédagogique locale,département : médiane + surface/énergie + aléa,31.3325329,True,False,1209.879704,1209.879704,136.0332476,2.360332476,True,1,False
2314E2802847L,3399,2023,2023-08-24,etablissement,2026-01-09,True,annee_construction;conso_enedis_kwh,annee_construction:milieu_periode_ou_20_ans_avant_seuil;conso_enedis_kwh:simulation_locale_graine_fixe,Maison,C,C,LES HERBIERS 18 RUE DES GRAMINEES,18 Rue des Graminées 14920 Mathieu,18 Rue des Graminées,Mathieu,14920,14407,14,18 RUE DES GRAMINEES,77.2,77.2,6235.5,6632.6,Gaz naturel + Électricité,False,Gaz / GPL,441.2,0.1,False,441.2,somme_des_seules_energies_electriques_EF,False,5.715025907,85.91450777,17.4119171,1344.2,736.5,736.5,2013-2021,,2017,-0.3662359737,49.24964896,adresse géocodée ban à l'adresse,0.52,False,14407|18 RUE DES GRAMINEES,aucun,0,adresse_absente_ou_incomplete,True,1479.755121,,,,,Non appariée,Simulation pédagogique locale,département : médiane + surface/énergie + aléa,19.16781245,True,False,1038.555121,1038.555121,235.3932731,3.353932731,True,1,False
2314E2802880S,103,2023,2023-08-24,etablissement,2026-01-09,True,annee_construction;conso_enedis_kwh,annee_construction:milieu_periode_ou_20_ans_avant_seuil;conso_enedis_kwh:simulation_locale_graine_fixe,Maison,C,C,LES HERBIERS 20 RUE DES GRAMINEES,20 Rue des Graminées 14920 Mathieu,20 Rue des Graminées,Mathieu,14920,14407,14,20 RUE DES GRAMINEES,77.2,77.2,6235.5,6632.6,Gaz naturel + Électricité,False,Gaz / GPL,441.2,0.1,False,441.2,somme_des_seules_energies_electriques_EF,False,5.715025907,85.91450777,17.4119171,1344.2,736.5,736.5,2013-2021,,2017,-0.3662010241,49.24962096,adresse géocodée ban à l'adresse,0.52,False,14407|20 RUE DES GRAMINEES,aucun,0,adresse_absente_ou_incomplete,True,2044.580508,,,,,Non appariée,Simulation pédagogique locale,département : médiane + surface/énergie + aléa,26.48420347,True,False,1603.380508,1603.380508,363.413533,4.63413533,True,1,False
2314E2838745D,4472,2023,2023-08-28,etablissement,2026-01-09,True,conso_enedis_kwh,conso_enedis_kwh:simulation_locale_graine_fixe,Appartement,C,C,6 JARDIN-LA CROIX SONNET,6 Lieu Dit la Croix Sonnet 14360 Trouville-sur-Mer,6 Lieu Dit la Croix Sonnet,Trouville-sur-Mer,14360,14715,14,6 LIEU DIT LA CROIX SONNET,75.7,75.7,9246.2,10028.4,Gaz naturel + Électricité,False,Gaz / GPL,106.1,763.2,True,106.1,somme_des_seules_energies_electriques_EF,False,1.401585205,132.4755614,25.86393659,1957.9,1029.4,1029.4,1989-2000,1998,1998,0.1205660351,49.371132,adresse non géocodée ban car aucune correspondance trouvée,0.62,False,14715|6 LIEU DIT LA CROIX SONNET,aucun,0,adresse_absente_ou_incomplete,True,1806.718183,,,,,Non appariée,Simulation pédagogique locale,département : médiane + surface/énergie + aléa,23.8668188,True,False,1700.618183,1700.618183,1602.844659,17.02844659,True,1,False
2314E2840400U,7171,2023,2023-08-28,etablissement,2026-01-09,True,conso_enedis_kwh,conso_enedis_kwh:simulation_locale_graine_fixe,Appartement,C,C,13 JARDIN-LA CROIX SONNET,13 Lieu Dit la Croix Sonnet 14360 Trouville-sur-Mer,13 Lieu Dit la Croix Sonnet,Trouville-sur-Mer,14360,14715,14,13 LIEU DIT LA CROIX SONNET,76.5,76.5,9349.1,10140.1,Gaz naturel + Électricité,False,Gaz / GPL,107.4,771.5,True,107.4,somme_des_seules_energies_electriques_EF,False,1.403921569,132.5503268,25.87843137,1979.7,1038.3,1038.3,1989-2000,1998,1998,0.1195270564,49.37061703,adresse non géocodée ban car aucune correspondance trouvée,0.63,False,14715|13 LIEU DIT LA CROIX SONNET,aucun,0,adresse_absente_ou_incomplete,True,1714.730566,,,,,Non appariée,Simulation pédagogique locale,département : médiane + surface/énergie + aléa,22.41477864,True,False,1607.330566,1607.330566,1496.583395,15.96583395,True,1,False
2314E2840434C,9461,2023,2023-08-28,etablissement,2026-01-09,True,conso_enedis_kwh,conso_enedis_kwh:simulation_locale_graine_fixe,Appartement,C,C,14 JARDIN-LA CROIX SONNET,14 Lieu Dit la Croix Sonnet 14360 Trouville-sur-Mer,14 Lieu Dit la Croix Sonnet,Trouville-sur-Mer,14360,14715,14,14 LIEU DIT LA CROIX SONNET,76.4,76.4,9344.6,10134.7,Gaz naturel + Électricité,False,Gaz / GPL,107.3,770.7,True,107.3,somme_des_seules_energies_electriques_EF,False,1.404450262,132.6531414,25.90052356,1978.8,1037.8,1037.8,1989-2000,1998,1998,0.1194529985,49.37059404,adresse non géocodée ban car aucune correspondance trouvée,0.63,False,14715|14 LIEU DIT LA CROIX SONNET,aucun,0,adresse_absente_ou_incomplete,True,1744.013418,,,,,Non appariée,Simulation pédagogique locale,département : médiane + surface/énergie + aléa,22.82740076,True,False,1636.713418,1636.713418,1525.361992,16.25361992,True,1,False
2314E2904732C,1955,2023,2023-07-04,etablissement,2026-01-09,True,conso_enedis_kwh,conso_enedis_kwh:simulation_locale_graine_fixe,Maison,E,E,"4 des ormeaux, 5060.96.99.0004 / 16861842",4 Chemin des Ormeaux 14640 Villers-sur-Mer,4 Chemin des Ormeaux,Villers-sur-Mer,14640,14754,14,4 CHEMIN DES ORMEAUX,73,73,18138.4,19036.4,Gaz naturel + Électricité,False,Gaz / GPL,997.8,-0.1,False,997.8,somme_des_seules_energies_electriques_EF,False,13.66849315,260.7726027,54,3942,1639,1639,1948-1974,1973,1973,-0.01500205935,49.31398096,adresse non géocodée ban car aucune correspondance trouvée,0.47,False,14754|4 CHEMIN DES ORMEAUX,aucun,0,adresse_absente_ou_incomplete,True,1927.214777,,,,,Non appariée,Simulation pédagogique locale,département : médiane + surface/énergie + aléa,26.40020242,True,False,929.4147767,929.4147767,93.14639975,1.931463998,True,1,False
2314E2905792W,5420,2023,2023-07-04,etablissement,2026-01-09,True,conso_enedis_kwh,conso_enedis_kwh:simulation_locale_graine_fixe,Maison,D,D,"11 des ormeaux, 5060.96.99.0011 / 16861983",11 Chemin des Ormeaux 14640 Villers-sur-Mer,11 Chemin des Ormeaux,Villers-sur-Mer,14640,14754,14,11 CHEMIN DES ORMEAUX,91,91,18675.6,19614.6,Gaz naturel + Électricité,False,Gaz / GPL,1043.3,0,False,1043.3,somme_des_seules_energies_electriques_EF,False,11.46483516,215.5450549,44,4004,1678,1678,1948-1974,1973,1973,-0.01547001259,49.31366998,adresse non géocodée ban car aucune correspondance trouvée,0.48,False,14754|11 CHEMIN DES ORMEAUX,aucun,0,adresse_absente_ou_incomplete,True,2152.859549,,,,,Non appariée,Simulation pédagogique locale,département : médiane + surface/énergie + aléa,23.65779724,True,False,1109.559549,1109.559549,106.3509584,2.063509584,True,1,False
2314E3106367H,913,2023,2023-09-18,etablissement,2026-01-09,True,conso_enedis_kwh,conso_enedis_kwh:simulation_locale_graine_fixe,Maison,D,D,15 DE ROME,15 Rue de Rome 14120 Mondeville,15 Rue de Rome,Mondeville,14120,14437,14,15 RUE DE ROME,81,81,12847.2,13563.2,Gaz naturel + Électricité,False,Gaz / GPL,795.6,0,False,795.6,somme_des_seules_energies_electriques_EF,False,9.822222222,167.4469136,34,2754,1248,1248,1989-2000,1996,1996,-0.3077790344,49.16852104,adresse non géocodée ban car aucune correspondance trouvée,0.69,False,14437|15 RUE DE ROME,aucun,0,adresse_absente_ou_incomplete,True,1835.461165,,,,,Non appariée,Simulation pédagogique locale,département : médiane + surface/énergie + aléa,22.66001438,True,False,1039.861165,1039.861165,130.7015039,2.307015039,True,1,False
2314E3106438A,4322,2023,2023-09-18,etablissement,2026-01-09,True,conso_enedis_kwh,conso_enedis_kwh:simulation_locale_graine_fixe,Maison,D,D,3 DE ROME,3 Rue de Rome 14120 Mondeville,3 Rue de Rome,Mondeville,14120,14437,14,3 RUE DE ROME,87.5,87.5,12843.2,13569.9,Gaz naturel + Électricité,False,Gaz / GPL,807.5,0,False,807.5,somme_des_seules_energies_electriques_EF,False,9.228571429,155.0845714,31,2712.5,1251,1251,1989-2000,1996,1996,-0.3078069913,49.16883603,adresse non géocodée ban car aucune correspondance trouvée,0.68,False,14437|3 RUE DE ROME,aucun,0,adresse_absente_ou_incomplete,True,2111.67963,,,,,Non appariée,Simulation pédagogique locale,département : médiane + surface/énergie + aléa,24.13348149,True,False,1304.17963,1304.17963,161.5083133,2.615083133,True,1,False
2314E3106567Z,5798,2023,2023-09-18,etablissement,2026-01-09,True,conso_enedis_kwh,conso_enedis_kwh:simulation_locale_graine_fixe,Maison,D,D,31 DE ROME,31 Rue de Rome 14120 Mondeville,31 Rue de Rome,Mondeville,14120,14437,14,31 RUE DE ROME,66,66,11480.5,12161.2,Gaz naturel + Électricité,False,Gaz / GPL,756.3,0,False,756.3,somme_des_seules_energies_electriques_EF,False,11.45909091,184.2606061,37,2442,1150,1150,1989-2000,1996,1996,-0.3071160365,49.16788696,adresse non géocodée ban car aucune correspondance trouvée,0.69,False,14437|31 RUE DE ROME,aucun,0,adresse_absente_ou_incomplete,True,2152.346007,,,,,Non appariée,Simulation pédagogique locale,département : médiane + surface/énergie + aléa,32.61130314,True,False,1396.046007,1396.046007,184.5889207,2.845889207,True,1,False
2314E3146070I,5915,2023,2023-09-21,etablissement,2026-01-09,True,conso_enedis_kwh,conso_enedis_kwh:simulation_locale_graine_fixe,Maison,D,D,2 de ROME,2 Rue de Rome 14120 Mondeville,2 Rue de Rome,Mondeville,14120,14437,14,2 RUE DE ROME,67,67,12617.8,13420.4,Gaz naturel + Électricité,False,Gaz / GPL,891.8,0,False,891.8,somme_des_seules_energies_electriques_EF,False,13.31044776,200.3044776,40,2680,1255,1255,1989-2000,1996,1996,-0.3079330188,49.16886901,adresse non géocodée ban car aucune correspondance trouvée,0.68,False,14437|2 RUE DE ROME,aucun,0,adresse_absente_ou_incomplete,True,1742.208488,,,,,Non appariée,Simulation pédagogique locale,département : médiane + surface/énergie + aléa,26.00311176,True,False,850.4084881,850.4084881,95.35865532,1.953586553,True,1,False
2314E3210421J,3881,2023,2023-08-03,etablissement,2026-01-09,True,conso_enedis_kwh,conso_enedis_kwh:simulation_locale_graine_fixe,Appartement,C,A,Bâtiment A De la Renaissance,Avenue de la Renaissance 14390 Cabourg,Avenue de la Renaissance,Cabourg,14390,14117,14,AVENUE DE LA RENAISSANCE,72,72,5255.6,9985.7,Électricité,True,Électricité,4783.9,471.7,True,5255.6,total_EF_logement_tout_electrique,False,72.99444444,138.6902778,5.263888889,379,921,921,1975-1977,1977,1977,-0.133530013,49.28530398,adresse non géocodée ban car aucune correspondance trouvée,0.57,False,DPE:2314E3210421J,aucun,0,adresse_absente_ou_incomplete,True,3190.804274,,,,,Non appariée,Simulation pédagogique locale,commune : médiane + surface/énergie + aléa,44.31672603,True,False,-2064.795726,2064.795726,-39.28753569,0.6071246431,True,1,False
2314E3210500K,4157,2023,2023-08-03,etablissement,2026-01-09,True,conso_enedis_kwh,conso_enedis_kwh:simulation_locale_graine_fixe,Appartement,C,A,Bâtiment A De la Renaissance,Avenue de la Renaissance 14390 Cabourg,Avenue de la Renaissance,Cabourg,14390,14117,14,AVENUE DE LA RENAISSANCE,63,63,4710.2,8949.4,Électricité,True,Électricité,4297.7,412.5,True,4710.2,total_EF_logement_tout_electrique,False,74.76507937,142.0539683,5.36031746,337.7,836.8,836.8,1975-1977,1977,1977,-0.133530013,49.28530398,adresse non géocodée ban car aucune correspondance trouvée,0.57,False,DPE:2314E3210500K,aucun,0,adresse_absente_ou_incomplete,True,2232.488565,,,,,Non appariée,Simulation pédagogique locale,commune : médiane + surface/énergie + aléa,35.43632642,True,False,-2477.711435,2477.711435,-52.60310465,0.4739689535,True,1,False
2314E3212035L,6448,2023,2023-08-03,etablissement,2026-01-09,True,conso_enedis_kwh,conso_enedis_kwh:simulation_locale_graine_fixe,Appartement,C,A,Bâtiment A De la Renaissance,Avenue de la Renaissance 14390 Cabourg,Avenue de la Renaissance,Cabourg,14390,14117,14,AVENUE DE LA RENAISSANCE,62,62,4650.9,8836.8,Électricité,True,Électricité,4245.1,405.8,True,4650.9,total_EF_logement_tout_electrique,False,75.01451613,142.5290323,5.377419355,333.4,827.8,827.8,1975-1977,1977,1977,-0.133530013,49.28530398,adresse non géocodée ban car aucune correspondance trouvée,0.57,False,DPE:2314E3212035L,aucun,0,adresse_absente_ou_incomplete,True,3819.911483,,,,,Non appariée,Simulation pédagogique locale,commune : médiane + surface/énergie + aléa,61.61147553,True,False,-830.9885173,830.9885173,-17.86726262,0.8213273738,True,1,False
2314E3240411V,7387,2023,2023-09-18,etablissement,2026-01-09,True,conso_enedis_kwh,conso_enedis_kwh:simulation_locale_graine_fixe,Maison,D,D,34 RUE DES PERVENCHES,34 Rue des Pervenches 14670 Troarn,34 Rue des Pervenches,Troarn,14670,14712,14,34 RUE DES PERVENCHES,98.2,98.2,17106,18042.1,Gaz naturel + Électricité,False,Gaz / GPL,1040.1,0,False,1040.1,somme_des_seules_energies_electriques_EF,False,10.59164969,183.7281059,37,3633.4,1575,1575,1948-1974,1971,1971,-0.1903460004,49.18433498,adresse non géocodée ban car aucune correspondance trouvée,0.79,False,14712|34 RUE DES PERVENCHES,aucun,0,adresse_absente_ou_incomplete,True,2767.873055,,,,,Non appariée,Simulation pédagogique locale,département : médiane + surface/énergie + aléa,28.18607998,True,False,1727.773055,1727.773055,166.1160518,2.661160518,True,1,False
2314E3240804Y,770,2023,2023-09-19,etablissement,2026-01-09,True,conso_enedis_kwh,conso_enedis_kwh:simulation_locale_graine_fixe,Maison,D,D,44 RUE DES PERVENCHES,44 Rue des Pervenches 14670 Troarn,44 Rue des Pervenches,Troarn,14670,14712,14,44 RUE DES PERVENCHES,80,80,14929.9,15801.6,Gaz naturel + Électricité,False,Gaz / GPL,968.5,0,False,968.5,somme_des_seules_energies_electriques_EF,False,12.10625,197.52,40,3200,1423,1423,1948-1974,1971,1971,-0.1908290561,49.18419297,adresse non géocodée ban car aucune correspondance trouvée,0.79,False,14712|44 RUE DES PERVENCHES,aucun,0,adresse_absente_ou_incomplete,True,2003.848623,,,,,Non appariée,Simulation pédagogique locale,département : médiane + surface/énergie + aléa,25.04810779,True,False,1035.348623,1035.348623,106.9022843,2.069022843,True,1,False
2314E3241054O,312,2023,2023-09-20,etablissement,2026-01-09,True,conso_enedis_kwh,conso_enedis_kwh:simulation_locale_graine_fixe,Maison,D,D,19 RUE DU PRESSOIR,19 Rue du Pressoir 14670 Saint-Ouen-du-Mesnil-Oger,19 Rue du Pressoir,Saint-Ouen-du-Mesnil-Oger,14670,14637,14,19 RUE DU PRESSOIR,88.7,88.7,13817,14265.7,Fioul domestique + Électricité,False,Fioul,498.6,0,False,498.6,somme_des_seules_energies_electriques_EF,False,5.621195039,160.8308906,49,4346.3,1363,1363,1978-1982,1978,1978,-0.1116159569,49.15197101,adresse non géocodée ban car aucune correspondance trouvée,0.8,False,14637|19 RUE DU PRESSOIR,aucun,0,adresse_absente_ou_incomplete,True,1339.047752,,,,,Non appariée,Simulation pédagogique locale,département : médiane + surface/énergie + aléa,15.09636699,True,False,840.4477518,840.4477518,168.5615226,2.685615226,True,1,False
2314E3263442Q,7181,2023,2023-07-10,etablissement,2026-01-09,True,conso_enedis_kwh,conso_enedis_kwh:simulation_locale_graine_fixe,Appartement,C,C,JEAN MONNET,Rue Jean Monnet 14800 Touques,Rue Jean Monnet,Touques,14800,14699,14,RUE JEAN MONNET,69.8,69.8,6995.8,7455.6,Gaz naturel + Électricité,False,Gaz / GPL,99.9,410.9,True,99.9,somme_des_seules_energies_electriques_EF,False,1.431232092,106.8137536,21.56733524,1505.4,801.8,801.8,après 2021,2017,2017,0.09786602373,49.35399803,adresse non géocodée ban car aucune correspondance trouvée,0.67,False,DPE:2314E3263442Q,aucun,0,adresse_absente_ou_incomplete,True,1600.673043,,,,,Non appariée,Simulation pédagogique locale,département : médiane + surface/énergie + aléa,22.93227856,True,False,1500.773043,1500.773043,1502.275319,16.02275319,True,1,False
2314E3287741F,6409,2023,2023-10-02,etablissement,2026-01-09,True,conso_enedis_kwh,conso_enedis_kwh:simulation_locale_graine_fixe,Appartement,C,C,899 Rue du Chemin Vert - Appartement 8,899 Rue du Chemin Vert 14123 Ifs,899 Rue du Chemin Vert,Ifs,14123,14341,14,899 RUE DU CHEMIN VERT,50,50,6027.2,6487.6,Gaz naturel + Électricité,False,Gaz / GPL,64.5,447.1,True,64.5,somme_des_seules_energies_electriques_EF,False,1.29,129.752,25.706,1285.3,738.7,738.7,2001-2005,2003,2003,-0.3499420589,49.16043895,adresse non géocodée ban car aucune correspondance trouvée,0.61,False,14341|899 RUE DU CHEMIN VERT,aucun,0,adresse_absente_ou_incomplete,True,1285.862968,,,,,Non appariée,Simulation pédagogique locale,commune : médiane + surface/énergie + aléa,25.71725936,True,False,1221.362968,1221.362968,1893.585997,19.93585997,True,1,False
2314E3291578U,5924,2023,2023-08-02,etablissement,2026-01-09,True,conso_enedis_kwh,conso_enedis_kwh:simulation_locale_graine_fixe,Appartement,D,D,1 Rue d'Ivybridge,1 Rue d'Ivybridge 14170 Saint-Pierre-en-Auge,1 Rue d'Ivybridge,Saint-Pierre-en-Auge,14170,14654,14,1 RUE D IVYBRIDGE,83,83,13146.7,13932.5,Gaz naturel + Électricité,False,Gaz / GPL,85.3,787.8,True,85.3,somme_des_seules_energies_electriques_EF,False,1.027710843,167.8614458,34.25180723,2842.9,1142,1142,1978-1982,1978,1978,-0.03620898154,49.01263003,adresse non géocodée ban car aucune correspondance trouvée,0.81,False,14654|1 RUE D IVYBRIDGE,aucun,0,adresse_absente_ou_incomplete,True,1655.971249,,,,,Non appariée,Simulation pédagogique locale,département : médiane + surface/énergie + aléa,19.95146083,True,False,1570.671249,1570.671249,1841.349647,19.41349647,True,1,False
2314E3291812U,7282,2023,2023-08-02,etablissement,2026-01-09,True,conso_enedis_kwh,conso_enedis_kwh:simulation_locale_graine_fixe,Appartement,D,D,5 Rue d'Ivybridge,5 Rue d'Ivybridge 14170 Saint-Pierre-en-Auge,5 Rue d'Ivybridge,Saint-Pierre-en-Auge,14170,14654,14,5 RUE D IVYBRIDGE,70,70,11241,11903,Gaz naturel + Électricité,False,Gaz / GPL,71.8,663.8,True,71.8,somme_des_seules_energies_electriques_EF,False,1.025714286,170.0428571,34.75142857,2432.6,982.8,982.8,1978-1982,1978,1978,-0.03620898154,49.01263003,adresse non géocodée ban car aucune correspondance trouvée,0.81,False,14654|5 RUE D IVYBRIDGE,aucun,0,adresse_absente_ou_incomplete,True,2147.705304,,,,,Non appariée,Simulation pédagogique locale,département : médiane + surface/énergie + aléa,30.68150435,True,False,2075.905304,2075.905304,2891.233014,29.91233014,True,2,False
2314E3291819B,3621,2023,2023-08-02,etablissement,2026-01-09,True,conso_enedis_kwh,conso_enedis_kwh:simulation_locale_graine_fixe,Appartement,D,D,5 Rue d'Ivybridge,5 Rue d'Ivybridge 14170 Saint-Pierre-en-Auge,5 Rue d'Ivybridge,Saint-Pierre-en-Auge,14170,14654,14,5 RUE D IVYBRIDGE,83,83,13146.7,13932.5,Gaz naturel + Électricité,False,Gaz / GPL,85.3,787.8,True,85.3,somme_des_seules_energies_electriques_EF,False,1.027710843,167.8614458,34.25180723,2842.9,1142,1142,1978-1982,1978,1978,-0.03620898154,49.01263003,adresse non géocodée ban car aucune correspondance trouvée,0.81,False,14654|5 RUE D IVYBRIDGE,aucun,0,adresse_absente_ou_incomplete,True,2147.705304,,,,,Non appariée,Simulation pédagogique locale,département : médiane + surface/énergie + aléa,25.87596752,True,False,2062.405304,2062.405304,2417.825679,25.17825679,True,2,False
2314E3292306U,6956,2023,2023-08-02,etablissement,2026-01-09,True,conso_enedis_kwh,conso_enedis_kwh:simulation_locale_graine_fixe,Appartement,D,D,3 Rue d'Ivybridge,3 Rue d'Ivybridge 14170 Saint-Pierre-en-Auge,3 Rue d'Ivybridge,Saint-Pierre-en-Auge,14170,14654,14,3 RUE D IVYBRIDGE,70,70,12213.1,12889.4,Gaz naturel + Électricité,False,Gaz / GPL,76.4,675,True,76.4,somme_des_seules_energies_electriques_EF,False,1.091428571,184.1342857,37.86714286,2650.7,1048,1048,1978-1982,1978,1978,-0.03579901651,49.01246196,adresse non géocodée ban car aucune correspondance trouvée,0.81,False,14654|3 RUE D IVYBRIDGE,aucun,0,adresse_absente_ou_incomplete,True,1228.815103,,,,,Non appariée,Simulation pédagogique locale,département : médiane + surface/énergie + aléa,17.55450148,True,False,1152.415103,1152.415103,1508.396732,16.08396732,True,1,False
2314E3293679P,680,2023,2023-10-02,etablissement,2026-01-09,True,conso_enedis_kwh,conso_enedis_kwh:simulation_locale_graine_fixe,Maison,D,D,6 DE LA HAYE,6 Rue de la Haye 14120 Mondeville,6 Rue de la Haye,Mondeville,14120,14437,14,6 RUE DE LA HAYE,102.7,102.7,14791.7,15687.2,Gaz naturel + Électricité,False,Gaz / GPL,995,0,False,995,somme_des_seules_energies_electriques_EF,False,9.688412853,152.7478092,31,3183.7,1421,1421,1989-2000,1994,1994,-0.3066880657,49.16910101,adresse non géocodée ban car aucune correspondance trouvée,0.7,False,14437|6 RUE DE LA HAYE,aucun,0,adresse_absente_ou_incomplete,True,1633.779337,,,,,Non appariée,Simulation pédagogique locale,département : médiane + surface/énergie + aléa,15.90827008,True,False,638.7793368,638.7793368,64.19892833,1.641989283,True,1,False
2314E3308135P,3304,2023,2023-10-03,etablissement,2026-01-09,True,conso_enedis_kwh,conso_enedis_kwh:simulation_locale_graine_fixe,Maison,D,D,13 RUE DE COPENHAGUE,13 Rue de Copenhague 14120 Mondeville,13 Rue de Copenhague,Mondeville,14120,14437,14,13 RUE DE COPENHAGUE,54.5,54.5,9375.1,10150.5,Gaz naturel + Électricité,False,Gaz / GPL,861.6,0,False,861.6,somme_des_seules_energies_electriques_EF,False,15.80917431,186.2477064,36,1962,1036,1036,1989-2000,1994,1994,-0.3133090585,49.17039097,adresse non géocodée ban car aucune correspondance trouvée,0.8,False,14437|13 RUE DE COPENHAGUE,aucun,0,adresse_absente_ou_incomplete,True,2486.593746,,,,,Non appariée,Simulation pédagogique locale,département : médiane + surface/énergie + aléa,45.62557333,True,False,1624.993746,1624.993746,188.601874,2.88601874,True,1,False
2314E3312907D,1454,2023,2023-10-03,etablissement,2026-01-09,True,conso_enedis_kwh,conso_enedis_kwh:simulation_locale_graine_fixe,Maison,D,D,28 RUE DE LA HAYE,28 Rue de la Haye 14120 Mondeville,28 Rue de la Haye,Mondeville,14120,14437,14,28 RUE DE LA HAYE,99.1,99.1,16151.6,16936.8,Gaz naturel + Électricité,False,Gaz / GPL,872.5,0.1,False,872.5,somme_des_seules_energies_electriques_EF,False,8.804238143,170.9061554,35,3468.5,1481,1481,1989-2000,1994,1994,-0.3065770549,49.16821204,adresse non géocodée ban car aucune correspondance trouvée,0.8,False,14437|28 RUE DE LA HAYE,aucun,0,adresse_absente_ou_incomplete,True,3043.811364,,,,,Non appariée,Simulation pédagogique locale,département : médiane + surface/énergie + aléa,30.71454454,True,False,2171.311364,2171.311364,248.8609013,3.488609013,True,1,False
2314E3328411L,2466,2023,2023-09-19,etablissement,2026-01-09,True,conso_enedis_kwh,conso_enedis_kwh:simulation_locale_graine_fixe,Appartement,C,C,2/4 Marechal Lyautey,Avenue du Marechal Lyautey 14100 Lisieux,Avenue du Marechal Lyautey,Lisieux,14100,14366,14,AVENUE DU MARECHAL LYAUTEY,69,69,7996.7,8374,Gaz naturel + Électricité,False,Gaz / GPL,73.8,345.4,True,73.8,somme_des_seules_energies_electriques_EF,False,1.069565217,121.3623188,25.32753623,1747.6,846.6,846.6,1948-1974,1948,1948,0.2435259993,49.14254298,adresse non géocodée ban car aucune correspondance trouvée,0.58,False,DPE:2314E3328411L,aucun,0,adresse_absente_ou_incomplete,True,1323.866645,,,,,Non appariée,Simulation pédagogique locale,département : médiane + surface/énergie + aléa,19.18647312,True,False,1250.066645,1250.066645,1693.857243,17.93857243,True,1,False
2314E3329310A,1382,2023,2023-09-19,etablissement,2026-01-09,True,conso_enedis_kwh,conso_enedis_kwh:simulation_locale_graine_fixe,Appartement,E,E,2/4/6/8 Allée du parc,8 Allée du Parc 14100 Lisieux,8 Allée du Parc,Lisieux,14100,14366,14,8 ALLEE DU PARC,60,60,16596.9,17149.1,Gaz naturel + Électricité,False,Gaz / GPL,136.4,477.1,True,136.4,somme_des_seules_energies_electriques_EF,False,2.273333333,285.8183333,61.135,3668.1,1452.2,1452.2,1948-1974,1964,1964,0.2421479803,49.14305901,adresse non géocodée ban car aucune correspondance trouvée,0.66,False,14366|8 ALLEE DU PARC,aucun,0,adresse_absente_ou_incomplete,True,1174.424679,,,,,Non appariée,Simulation pédagogique locale,département : médiane + surface/énergie + aléa,19.57374464,True,False,1038.024679,1038.024679,761.0151603,8.610151603,True,6,False
2314E3329662O,352,2023,2023-09-19,etablissement,2026-01-09,True,conso_enedis_kwh,conso_enedis_kwh:simulation_locale_graine_fixe,Appartement,C,C,2/4/6/8 Allée du parc,8 Allée du Parc 14100 Lisieux,8 Allée du Parc,Lisieux,14100,14366,14,8 ALLEE DU PARC,60,60,7979.7,8340.6,Gaz naturel + Électricité,False,Gaz / GPL,74.8,326.1,True,74.8,somme_des_seules_energies_electriques_EF,False,1.246666667,139.01,29.11,1746.6,841.4,841.4,1948-1974,1964,1964,0.2421479803,49.14305901,adresse non géocodée ban car aucune correspondance trouvée,0.66,False,14366|8 ALLEE DU PARC,aucun,0,adresse_absente_ou_incomplete,True,1174.424679,,,,,Non appariée,Simulation pédagogique locale,département : médiane + surface/énergie + aléa,19.57374464,True,False,1099.624679,1099.624679,1470.086469,15.70086469,True,6,False
2314E3330219Z,3712,2023,2023-09-19,etablissement,2026-01-09,True,conso_enedis_kwh,conso_enedis_kwh:simulation_locale_graine_fixe,Appartement,C,C,2/4/6/8 Allée du parc,8 Allée du Parc 14100 Lisieux,8 Allée du Parc,Lisieux,14100,14366,14,8 ALLEE DU PARC,60,60,7979.7,8340.6,Gaz naturel + Électricité,False,Gaz / GPL,74.8,326.1,True,74.8,somme_des_seules_energies_electriques_EF,False,1.246666667,139.01,29.11,1746.6,841.4,841.4,1948-1974,1964,1964,0.2421479803,49.14305901,adresse non géocodée ban car aucune correspondance trouvée,0.66,False,14366|8 ALLEE DU PARC,aucun,0,adresse_absente_ou_incomplete,True,1174.424679,,,,,Non appariée,Simulation pédagogique locale,département : médiane + surface/énergie + aléa,19.57374464,True,False,1099.624679,1099.624679,1470.086469,15.70086469,True,6,False
2314E3330853J,925,2023,2023-09-19,etablissement,2026-01-09,True,conso_enedis_kwh,conso_enedis_kwh:simulation_locale_graine_fixe,Appartement,D,D,2/4/6/8 Allée du parc,8 Allée du Parc 14100 Lisieux,8 Allée du Parc,Lisieux,14100,14366,14,8 ALLEE DU PARC,69,69,12775.9,13274,Gaz naturel + Électricité,False,Gaz / GPL,112.8,440.7,True,112.8,somme_des_seules_energies_electriques_EF,False,1.634782609,192.3768116,40.73333333,2810.6,1189,1189,1948-1974,1964,1964,0.2421479803,49.14305901,adresse non géocodée ban car aucune correspondance trouvée,0.66,False,14366|8 ALLEE DU PARC,aucun,0,adresse_absente_ou_incomplete,True,1174.424679,,,,,Non appariée,Simulation pédagogique locale,département : médiane + surface/énergie + aléa,17.02064752,True,False,1061.624679,1061.624679,941.1566301,10.4115663,True,6,False
2314E3331124U,7913,2023,2023-09-19,etablissement,2026-01-09,True,conso_enedis_kwh,conso_enedis_kwh:simulation_locale_graine_fixe,Appartement,C,C,2/4/6/8 Allée du parc,8 Allée du Parc 14100 Lisieux,8 Allée du Parc,Lisieux,14100,14366,14,8 ALLEE DU PARC,69,69,9144.7,9562,Gaz naturel + Électricité,False,Gaz / GPL,86.7,376.9,True,86.7,somme_des_seules_energies_electriques_EF,False,1.256521739,138.5797101,28.99855072,2000.9,931.6,931.6,1948-1974,1964,1964,0.2421479803,49.14305901,adresse non géocodée ban car aucune correspondance trouvée,0.66,False,14366|8 ALLEE DU PARC,aucun,0,adresse_absente_ou_incomplete,True,1174.424679,,,,,Non appariée,Simulation pédagogique locale,département : médiane + surface/énergie + aléa,17.02064752,True,False,1087.724679,1087.724679,1254.584404,13.54584404,True,6,False
2314E3331233Z,4547,2023,2023-09-19,etablissement,2026-01-09,True,conso_enedis_kwh,conso_enedis_kwh:simulation_locale_graine_fixe,Appartement,C,C,2/4/6/8 Allée du parc,8 Allée du Parc 14100 Lisieux,8 Allée du Parc,Lisieux,14100,14366,14,8 ALLEE DU PARC,60,60,7979.7,8340.6,Gaz naturel + Électricité,False,Gaz / GPL,74.8,326.1,True,74.8,somme_des_seules_energies_electriques_EF,False,1.246666667,139.01,29.11,1746.6,841.4,841.4,1948-1974,1964,1964,0.2421479803,49.14305901,adresse non géocodée ban car aucune correspondance trouvée,0.66,False,14366|8 ALLEE DU PARC,aucun,0,adresse_absente_ou_incomplete,True,1174.424679,,,,,Non appariée,Simulation pédagogique locale,département : médiane + surface/énergie + aléa,19.57374464,True,False,1099.624679,1099.624679,1470.086469,15.70086469,True,6,False
2314E3331415Z,3185,2023,2023-10-04,etablissement,2026-01-09,True,conso_enedis_kwh,conso_enedis_kwh:simulation_locale_graine_fixe,Maison,D,D,8 RUE DE LA HAYE,8 Rue de la Haye 14120 Mondeville,8 Rue de la Haye,Mondeville,14120,14437,14,8 RUE DE LA HAYE,101.8,101.8,14606.3,15497.4,Gaz naturel + Électricité,False,Gaz / GPL,990.2,-1.818989404e-12,False,990.2,somme_des_seules_energies_electriques_EF,False,9.726915521,152.2337917,30,3054,1408,1408,1989-2000,1994,1994,-0.3066769861,49.16901996,adresse non géocodée ban car aucune correspondance trouvée,0.8,False,14437|8 RUE DE LA HAYE,aucun,0,adresse_absente_ou_incomplete,True,3310.484864,,,,,Non appariée,Simulation pédagogique locale,département : médiane + surface/énergie + aléa,32.51949768,True,False,2320.284864,2320.284864,234.3248701,3.343248701,True,1,False
2314E3333113H,7695,2023,2023-09-19,etablissement,2026-01-09,True,conso_enedis_kwh,conso_enedis_kwh:simulation_locale_graine_fixe,Appartement,D,D,1/3/5 ALLEE DU PARC,5 Allée du Parc 14100 Lisieux,5 Allée du Parc,Lisieux,14100,14366,14,5 ALLEE DU PARC,69,69,11395.6,11819.1,Gaz naturel + Électricité,False,Gaz / GPL,88.7,381.7,True,88.7,somme_des_seules_energies_electriques_EF,False,1.285507246,171.2913043,36.3884058,2510.8,1080.2,1080.2,1948-1974,1964,1964,0.2429020288,49.14355102,adresse non géocodée ban car aucune correspondance trouvée,0.7,False,14366|5 ALLEE DU PARC,aucun,0,adresse_absente_ou_incomplete,True,1303.57204,,,,,Non appariée,Simulation pédagogique locale,département : médiane + surface/énergie + aléa,18.89234841,True,False,1214.87204,1214.87204,1369.641533,14.69641533,True,6,False
2314E3333157Z,3889,2023,2023-09-19,etablissement,2026-01-09,True,conso_enedis_kwh,conso_enedis_kwh:simulation_locale_graine_fixe,Appartement,D,D,1/3/5 ALLEE DU PARC,5 Allée du Parc 14100 Lisieux,5 Allée du Parc,Lisieux,14100,14366,14,5 ALLEE DU PARC,60,60,9987.1,10353.9,Gaz naturel + Électricité,False,Gaz / GPL,76.7,330.8,True,76.7,somme_des_seules_energies_electriques_EF,False,1.278333333,172.565,36.68666667,2201.2,974,974,1948-1974,1964,1964,0.2429020288,49.14355102,adresse non géocodée ban car aucune correspondance trouvée,0.7,False,14366|5 ALLEE DU PARC,aucun,0,adresse_absente_ou_incomplete,True,1303.57204,,,,,Non appariée,Simulation pédagogique locale,département : médiane + surface/énergie + aléa,21.72620067,True,False,1226.87204,1226.87204,1599.572412,16.99572412,True,6,False
2314E3333198O,6743,2023,2023-09-19,etablissement,2026-01-09,True,conso_enedis_kwh,conso_enedis_kwh:simulation_locale_graine_fixe,Appartement,D,D,1/3/5 ALLEE DU PARC,5 Allée du Parc 14100 Lisieux,5 Allée du Parc,Lisieux,14100,14366,14,5 ALLEE DU PARC,69,69,15032.9,15519.2,Gaz naturel + Électricité,False,Gaz / GPL,108.9,431.4,True,108.9,somme_des_seules_energies_electriques_EF,False,1.57826087,224.915942,48.1884058,3325,1333.5,1333.5,1948-1974,1964,1964,0.2429020288,49.14355102,adresse non géocodée ban car aucune correspondance trouvée,0.7,False,14366|5 ALLEE DU PARC,aucun,0,adresse_absente_ou_incomplete,True,1303.57204,,,,,Non appariée,Simulation pédagogique locale,département : médiane + surface/énergie + aléa,18.89234841,True,False,1194.67204,1194.67204,1097.035849,11.97035849,True,6,False
2314E3333294G,6351,2023,2023-09-19,etablissement,2026-01-09,True,conso_enedis_kwh,conso_enedis_kwh:simulation_locale_graine_fixe,Appartement,D,D,1/3/5 ALLEE DU PARC,5 Allée du Parc 14100 Lisieux,5 Allée du Parc,Lisieux,14100,14366,14,5 ALLEE DU PARC,69,69,15130.7,15618.6,Gaz naturel + Électricité,False,Gaz / GPL,109.5,432.7,True,109.5,somme_des_seules_energies_electriques_EF,False,1.586956522,226.3565217,48.5057971,3346.9,1340.3,1340.3,1948-1974,1964,1964,0.2429020288,49.14355102,adresse non géocodée ban car aucune correspondance trouvée,0.7,False,14366|5 ALLEE DU PARC,aucun,0,adresse_absente_ou_incomplete,True,1303.57204,,,,,Non appariée,Simulation pédagogique locale,département : médiane + surface/énergie + aléa,18.89234841,True,False,1194.07204,1194.07204,1090.476749,11.90476749,True,6,False
2314E3333378M,16,2023,2023-09-19,etablissement,2026-01-09,True,conso_enedis_kwh,conso_enedis_kwh:simulation_locale_graine_fixe,Appartement,D,D,1/3/5 ALLEE DU PARC,5 Allée du Parc 14100 Lisieux,5 Allée du Parc,Lisieux,14100,14366,14,5 ALLEE DU PARC,60,60,9987.1,10353.9,Gaz naturel + Électricité,False,Gaz / GPL,76.7,330.8,True,76.7,somme_des_seules_energies_electriques_EF,False,1.278333333,172.565,36.68666667,2201.2,974,974,1948-1974,1964,1964,0.2429020288,49.14355102,adresse non géocodée ban car aucune correspondance trouvée,0.7,False,14366|5 ALLEE DU PARC,aucun,0,adresse_absente_ou_incomplete,True,1303.57204,,,,,Non appariée,Simulation pédagogique locale,département : médiane + surface/énergie + aléa,21.72620067,True,False,1226.87204,1226.87204,1599.572412,16.99572412,True,6,False
2314E3333535N,8915,2023,2023-09-19,etablissement,2026-01-09,True,conso_enedis_kwh,conso_enedis_kwh:simulation_locale_graine_fixe,Appartement,D,D,1/3/5 ALLEE DU PARC,5 Allée du Parc 14100 Lisieux,5 Allée du Parc,Lisieux,14100,14366,14,5 ALLEE DU PARC,69,69,11237.2,11657.9,Gaz naturel + Électricité,False,Gaz / GPL,87.8,379.6,True,87.8,somme_des_seules_energies_electriques_EF,False,1.272463768,168.9550725,35.87391304,2475.3,1069.2,1069.2,1948-1974,1964,1964,0.2429020288,49.14355102,adresse non géocodée ban car aucune correspondance trouvée,0.7,False,14366|5 ALLEE DU PARC,aucun,0,adresse_absente_ou_incomplete,True,1303.57204,,,,,Non appariée,Simulation pédagogique locale,département : médiane + surface/énergie + aléa,18.89234841,True,False,1215.77204,1215.77204,1384.706196,14.84706196,True,6,False
2314E3343733T,4578,2023,2023-10-05,etablissement,2026-01-09,True,conso_enedis_kwh,conso_enedis_kwh:simulation_locale_graine_fixe,Maison,D,D,22 RUE DE LA HAYE,22 Rue de la Haye 14120 Mondeville,22 Rue de la Haye,Mondeville,14120,14437,14,22 RUE DE LA HAYE,82.5,82.5,14032.8,14880.8,Gaz naturel + Électricité,False,Gaz / GPL,942.3,0,False,942.3,somme_des_seules_energies_electriques_EF,False,11.42181818,180.3733333,36,2970,1358,1358,1989-2000,1994,1994,-0.3066089635,49.16847302,adresse non géocodée ban car aucune correspondance trouvée,0.8,False,14437|22 RUE DE LA HAYE,aucun,0,adresse_absente_ou_incomplete,True,1540.826272,,,,,Non appariée,Simulation pédagogique locale,département : médiane + surface/énergie + aléa,18.67668209,True,False,598.5262722,598.5262722,63.51759229,1.635175923,True,1,False
2314E3361802S,4058,2023,2023-09-14,etablissement,2026-01-09,True,conso_enedis_kwh,conso_enedis_kwh:simulation_locale_graine_fixe,Appartement,C,C,1 Rue des Explorateurs - Logement 001,1 Rue des Explorateurs 14120 Mondeville,1 Rue des Explorateurs,Mondeville,14120,14437,14,1 RUE DES EXPLORATEURS,69.4,69.4,8035.2,8763.6,Gaz naturel + Électricité,False,Gaz / GPL,74.2,735.2,True,74.2,somme_des_seules_energies_electriques_EF,False,1.069164265,126.2766571,24.39193084,1692.8,849.9,849.9,2006-2012,2012,2012,-0.318767987,49.17926401,adresse non géocodée ban car aucune correspondance trouvée,0.64,False,14437|1 RUE DES EXPLORATEURS,aucun,0,adresse_absente_ou_incomplete,True,1129.281501,,,,,Non appariée,Simulation pédagogique locale,département : médiane + surface/énergie + aléa,16.27206774,True,False,1055.081501,1055.081501,1421.942724,15.21942724,True,1,False
2314E3365811X,278,2023,2023-10-06,etablissement,2026-01-09,True,conso_enedis_kwh,conso_enedis_kwh:simulation_locale_graine_fixe,Appartement,C,C,20 rue Jorge Semprun,20 Rue Jorge Semprun 14160 Dives-sur-Mer,20 Rue Jorge Semprun,Dives-sur-Mer,14160,14225,14,20 RUE JORGE SEMPRUN,86.1,86.1,9014.6,10099.4,Gaz naturel + Électricité,False,Gaz / GPL,1205.3,0,False,1205.3,somme_des_seules_energies_electriques_EF,False,13.99883856,117.2984901,21,1808.1,817,817,après 2021,2014,2014,-0.09453205717,49.291588,adresse non géocodée ban car aucune correspondance trouvée,0.8,False,14225|20 RUE JORGE SEMPRUN,aucun,0,adresse_absente_ou_incomplete,True,1914.445779,,,,,Non appariée,Simulation pédagogique locale,commune : médiane + surface/énergie + aléa,22.23514261,True,False,709.1457785,709.1457785,58.8356242,1.588356242,True,1,False
2314E3377781H,3120,2023,2023-10-09,etablissement,2026-01-09,True,conso_enedis_kwh,conso_enedis_kwh:simulation_locale_graine_fixe,Appartement,C,C,14 rue Jorge Semprun,14 Rue Jorge Semprun 14160 Dives-sur-Mer,14 Rue Jorge Semprun,Dives-sur-Mer,14160,14225,14,14 RUE JORGE SEMPRUN,84.2,84.2,9713.1,10785.7,Gaz naturel + Électricité,False,Gaz / GPL,1191.8,1.818989404e-12,False,1191.8,somme_des_seules_energies_electriques_EF,False,14.1543943,128.0961995,23,1936.6,860,860,après 2021,2014,2014,-0.09477305166,49.29137499,adresse non géocodée ban car aucune correspondance trouvée,0.8,False,14225|14 RUE JORGE SEMPRUN,aucun,0,adresse_absente_ou_incomplete,True,2797.351158,,,,,Non appariée,Simulation pédagogique locale,commune : médiane + surface/énergie + aléa,33.22269784,True,False,1605.551158,1605.551158,134.7164926,2.347164926,True,1,False
2314E3396214G,2415,2023,2023-04-11,etablissement,2026-01-09,True,conso_enedis_kwh,conso_enedis_kwh:simulation_locale_graine_fixe,Appartement,D,D,ESC 6 Rue de La cour Miocque,6 Rue de la Cour Miocque 14800 Touques,6 Rue de la Cour Miocque,Touques,14800,14699,14,6 RUE DE LA COUR MIOCQUE,52,52,8506.5,9065.2,Gaz naturel + Électricité,False,Gaz / GPL,88.9,531.8,True,88.9,somme_des_seules_energies_electriques_EF,False,1.709615385,174.3307692,35.19807692,1830.3,925.2,925.2,1989-2000,1989,1989,0.09838906744,49.35398199,adresse non géocodée ban car aucune correspondance trouvée,0.68,False,14699|6 RUE DE LA COUR MIOCQUE,aucun,0,adresse_absente_ou_incomplete,True,1319.788863,,,,,Non appariée,Simulation pédagogique locale,département : médiane + surface/énergie + aléa,25.38055505,True,False,1230.888863,1230.888863,1384.576898,14.84576898,True,1,False
2314E3397126I,1836,2023,2023-10-03,etablissement,2026-01-09,True,conso_enedis_kwh,conso_enedis_kwh:simulation_locale_graine_fixe,Appartement,C,C,6 Avenue des Dunettes,6 Avenue des Dunettes 14390 Cabourg,6 Avenue des Dunettes,Cabourg,14390,14117,14,6 AVENUE DES DUNETTES,70.1,70.1,6105.7,6883.5,Gaz naturel + Électricité,False,Gaz / GPL,89.4,774.9,True,89.4,somme_des_seules_energies_electriques_EF,False,1.27532097,98.19543509,17.77175464,1245.8,823.1,823.1,1989-2000,1999,1999,-0.1152389682,49.28826096,adresse non géocodée ban car aucune correspondance trouvée,0.8,False,14117|6 AVENUE DES DUNETTES,aucun,0,adresse_absente_ou_incomplete,True,2131.790468,,,,,Non appariée,Simulation pédagogique locale,commune : médiane + surface/énergie + aléa,30.41070568,True,False,2042.390468,2042.390468,2284.553097,23.84553097,True,2,False
2314E3398020S,9300,2023,2023-10-03,etablissement,2026-01-09,True,conso_enedis_kwh,conso_enedis_kwh:simulation_locale_graine_fixe,Appartement,C,C,6 Avenue des Dunettes,6 Avenue des Dunettes 14390 Cabourg,6 Avenue des Dunettes,Cabourg,14390,14117,14,6 AVENUE DES DUNETTES,70.8,70.8,7591.5,8438.7,Gaz naturel + Électricité,False,Gaz / GPL,110,831.5,True,110,somme_des_seules_energies_electriques_EF,False,1.553672316,119.190678,22.18220339,1570.5,937.5,937.5,1989-2000,1999,1999,-0.1152389682,49.28826096,adresse non géocodée ban car aucune correspondance trouvée,0.8,False,14117|6 AVENUE DES DUNETTES,aucun,0,adresse_absente_ou_incomplete,True,2131.790468,,,,,Non appariée,Simulation pédagogique locale,commune : médiane + surface/énergie + aléa,30.11003486,True,False,2021.790468,2021.790468,1837.991335,19.37991335,True,2,False
2314E3398994E,4528,2023,2023-04-11,etablissement,2026-01-09,True,conso_enedis_kwh,conso_enedis_kwh:simulation_locale_graine_fixe,Appartement,D,D,ESC 10 Rue de La cour Miocque,10 Rue de la Cour Miocque 14800 Touques,10 Rue de la Cour Miocque,Touques,14800,14699,14,10 RUE DE LA COUR MIOCQUE,52,52,7679.3,8220.7,Gaz naturel + Électricité,False,Gaz / GPL,83.3,518.2,True,83.3,somme_des_seules_energies_electriques_EF,False,1.601923077,158.0903846,31.64615385,1645.6,866.9,866.9,1989-2000,1989,1989,0.09859002237,49.35398097,adresse non géocodée ban car aucune correspondance trouvée,0.72,False,14699|10 RUE DE LA COUR MIOCQUE,aucun,0,adresse_absente_ou_incomplete,True,1874.325248,,,,,Non appariée,Simulation pédagogique locale,département : médiane + surface/énergie + aléa,36.0447163,True,False,1791.025248,1791.025248,2150.090334,22.50090334,True,1,False
2314E3400655B,8037,2023,2023-10-10,etablissement,2026-01-09,True,conso_enedis_kwh,conso_enedis_kwh:simulation_locale_graine_fixe,Maison,D,D,7 Allée de Bruxelles,7 Allée de Bruxelles 14123 Ifs,7 Allée de Bruxelles,Ifs,14123,14341,14,7 ALLEE DE BRUXELLES,81,81,16162,17141.2,Gaz naturel + Électricité,False,Gaz / GPL,1088,0,False,1088,somme_des_seules_energies_electriques_EF,False,13.43209877,211.6197531,43,3483,1517,1517,1989-2000,1992,1992,-0.3467730541,49.143804,adresse non géocodée ban car aucune correspondance trouvée,0.79,False,14341|7 ALLEE DE BRUXELLES,aucun,0,adresse_absente_ou_incomplete,True,1684.770848,,,,,Non appariée,Simulation pédagogique locale,commune : médiane + surface/énergie + aléa,20.7996401,True,False,596.7708477,596.7708477,54.85026174,1.548502617,True,1,False
2314E3401458Y,2922,2023,2023-04-11,etablissement,2026-01-09,True,conso_enedis_kwh,conso_enedis_kwh:simulation_locale_graine_fixe,Appartement,D,D,ESC 46 Rue de La cour Miocque,46 Rue de la Cour Miocque 14800 Touques,46 Rue de la Cour Miocque,Touques,14800,14699,14,46 RUE DE LA COUR MIOCQUE,52,52,7575.5,8109.3,Gaz naturel + Électricité,False,Gaz / GPL,80.9,512.2,True,80.9,somme_des_seules_energies_electriques_EF,False,1.555769231,155.9480769,31.22115385,1623.5,858.2,858.2,1989-2000,1989,1989,0.09889303464,49.354743,adresse non géocodée ban car aucune correspondance trouvée,0.69,False,14699|46 RUE DE LA COUR MIOCQUE,aucun,0,adresse_absente_ou_incomplete,True,1210.073974,,,,,Non appariée,Simulation pédagogique locale,département : médiane + surface/énergie + aléa,23.27065335,True,False,1129.173974,1129.173974,1395.76511,14.9576511,True,1,False
2314E3402296E,1653,2023,2023-04-11,etablissement,2026-01-09,True,conso_enedis_kwh,conso_enedis_kwh:simulation_locale_graine_fixe,Appartement,D,D,ESC 19 Rue de La cour Miocque,19 Rue de la Cour Miocque 14800 Touques,19 Rue de la Cour Miocque,Touques,14800,14699,14,19 RUE DE LA COUR MIOCQUE,52,52,7568.1,8108,Gaz naturel + Électricité,False,Gaz / GPL,82.8,517.1,True,82.8,somme_des_seules_energies_electriques_EF,False,1.592307692,155.9230769,31.16730769,1620.7,859.2,859.2,1989-2000,1989,1989,0.09906405192,49.35404803,adresse non géocodée ban car aucune correspondance trouvée,0.72,False,14699|19 RUE DE LA COUR MIOCQUE,aucun,0,adresse_absente_ou_incomplete,True,731.2088917,,,,,Non appariée,Simulation pédagogique locale,département : médiane + surface/énergie + aléa,14.06170946,True,False,648.4088917,648.4088917,783.1025262,8.831025262,True,1,False
2314E3429117T,1873,2023,2023-10-11,etablissement,2026-01-09,True,conso_enedis_kwh,conso_enedis_kwh:simulation_locale_graine_fixe,Maison,D,D,12 Place des Tourelles,12 Place des Tourelles 14540 Bourguébus,12 Place des Tourelles,Bourguébus,14540,14092,14,12 PLACE DES TOURELLES,91,91,18320.7,19255.1,Gaz naturel + Électricité,False,Gaz / GPL,1038.2,0,False,1038.2,somme_des_seules_energies_electriques_EF,False,11.40879121,211.5945055,43,3913,1655,1655,1948-1974,1972,1972,-0.3031759483,49.12388997,adresse non géocodée ban car aucune correspondance trouvée,0.8,False,14092|12 PLACE DES TOURELLES,aucun,0,adresse_absente_ou_incomplete,True,1739.04907,,,,,Non appariée,Simulation pédagogique locale,département : médiane + surface/énergie + aléa,19.11042934,True,False,700.8490697,700.8490697,67.50617123,1.675061712,True,1,False
2314E3433756E,3898,2023,2023-10-12,etablissement,2026-01-09,True,conso_enedis_kwh,conso_enedis_kwh:simulation_locale_graine_fixe,Maison,D,D,7 Place des Tourelles,7 Place des Tourelles 14540 Bourguébus,7 Place des Tourelles,Bourguébus,14540,14092,14,7 PLACE DES TOURELLES,103,103,14716.2,15641.6,Gaz naturel + Électricité,False,Gaz / GPL,1028.2,0,False,1028.2,somme_des_seules_energies_electriques_EF,False,9.982524272,151.8601942,30,3090,1418,1418,1948-1974,1972,1972,-0.3034050299,49.12384004,adresse non géocodée ban car aucune correspondance trouvée,0.8,False,14092|7 PLACE DES TOURELLES,aucun,0,adresse_absente_ou_incomplete,True,1603.274712,,,,,Non appariée,Simulation pédagogique locale,département : médiane + surface/énergie + aléa,15.56577391,True,False,575.0747123,575.0747123,55.9302385,1.559302385,True,1,False
2314E3436854I,8705,2023,2023-10-04,etablissement,2026-01-09,True,conso_enedis_kwh,conso_enedis_kwh:simulation_locale_graine_fixe,Appartement,F,F,6 Rue du Canada,6 Rue du Canada 14100 Lisieux,6 Rue du Canada,Lisieux,14100,14366,14,6 RUE DU CANADA,47,47,15504.6,16070.9,Gaz naturel + Électricité,False,Gaz / GPL,100.1,529.1,True,100.1,somme_des_seules_energies_electriques_EF,False,2.129787234,341.9340426,72.7106383,3417.4,1384.3,1384.3,1948-1974,1948,1948,0.2349429902,49.14444801,adresse non géocodée ban car aucune correspondance trouvée,0.78,False,14366|6 RUE DU CANADA,aucun,0,adresse_absente_ou_incomplete,True,1108.468341,,,,,Non appariée,Simulation pédagogique locale,département : médiane + surface/énergie + aléa,23.58443279,True,False,1008.368341,1008.368341,1007.36098,11.0736098,True,1,False
2314E3444590W,9021,2023,2023-10-11,etablissement,2026-01-09,True,conso_enedis_kwh,conso_enedis_kwh:simulation_locale_graine_fixe,Maison,C,C,909 Rue du Chemin Vert,909 Rue du Chemin Vert 14123 Ifs,909 Rue du Chemin Vert,Ifs,14123,14341,14,909 RUE DU CHEMIN VERT,80.7,80.7,7879,8769.9,Gaz naturel + Électricité,False,Gaz / GPL,989.9,0,False,989.9,somme_des_seules_energies_electriques_EF,False,12.26641884,108.6728625,19.99256506,1613.4,966,966,2001-2005,2003,2003,-0.3505699837,49.16034003,adresse non géocodée ban car aucune correspondance trouvée,0.8,False,14341|909 RUE DU CHEMIN VERT,aucun,0,adresse_absente_ou_incomplete,True,2019.138047,,,,,Non appariée,Simulation pédagogique locale,commune : médiane + surface/énergie + aléa,25.02029798,True,False,1029.238047,1029.238047,103.9739415,2.039739415,True,1,False
2314E3445020K,2273,2023,2023-10-10,etablissement,2026-01-09,True,conso_enedis_kwh,conso_enedis_kwh:simulation_locale_graine_fixe,Maison,C,C,905 Rue du Chemin Vert,905 Rue du Chemin Vert 14123 Ifs,905 Rue du Chemin Vert,Ifs,14123,14341,14,905 RUE DU CHEMIN VERT,80.7,80.7,9267.3,10190.4,Gaz naturel + Électricité,False,Gaz / GPL,1025.7,-1.818989404e-12,False,1025.7,somme_des_seules_energies_electriques_EF,False,12.71003717,126.2750929,23.9913259,1936.1,1062,1062,2001-2005,2003,2003,-0.3504949587,49.16020696,adresse non géocodée ban car aucune correspondance trouvée,0.8,False,14341|905 RUE DU CHEMIN VERT,aucun,0,adresse_absente_ou_incomplete,True,1729.94019,,,,,Non appariée,Simulation pédagogique locale,commune : médiane + surface/énergie + aléa,21.43668142,True,False,704.2401903,704.2401903,68.65947064,1.686594706,True,1,False
2314E3447246A,3361,2023,2023-10-12,etablissement,2026-01-09,True,conso_enedis_kwh,conso_enedis_kwh:simulation_locale_graine_fixe,Maison,C,C,891 Rue du Chemin Vert,891 Rue du Chemin Vert 14123 Ifs,891 Rue du Chemin Vert,Ifs,14123,14341,14,891 RUE DU CHEMIN VERT,80.6,80.6,8493.6,9400.7,Gaz naturel + Électricité,False,Gaz / GPL,1007.9,-0.1,False,1007.9,somme_des_seules_energies_electriques_EF,False,12.50496278,116.633995,21.00992556,1693.4,1010,1010,2001-2005,2003,2003,-0.3494300214,49.16044799,adresse non géocodée ban car aucune correspondance trouvée,0.8,False,14341|891 RUE DU CHEMIN VERT,aucun,0,adresse_absente_ou_incomplete,True,2062.266583,,,,,Non appariée,Simulation pédagogique locale,commune : médiane + surface/énergie + aléa,25.58643403,True,False,1054.366583,1054.366583,104.6102374,2.046102374,True,1,False
2314E3453503R,6393,2023,2023-10-09,etablissement,2026-01-09,True,conso_enedis_kwh,conso_enedis_kwh:simulation_locale_graine_fixe,Appartement,E,E,1-4 Square Orderic vital St pierre sur dives,4 Square Orderic Vital 14170 Saint-Pierre-en-Auge,4 Square Orderic Vital,Saint-Pierre-en-Auge,14170,14654,14,4 SQUARE ORDERIC VITAL,68,68,15899.5,16657,Gaz naturel + Électricité,False,Gaz / GPL,113,728.6,True,113,somme_des_seules_energies_electriques_EF,False,1.661764706,244.9558824,51.06764706,3472.6,1457.9,1457.9,1948-1974,1965,1965,-0.03782198042,49.014159,adresse non géocodée ban car aucune correspondance trouvée,0.46,False,14654|4 SQUARE ORDERIC VITAL,aucun,0,adresse_absente_ou_incomplete,True,1013.683718,,,,,Non appariée,Simulation pédagogique locale,département : médiane + surface/énergie + aléa,14.90711351,True,False,900.6837184,900.6837184,797.0652375,8.970652375,True,3,False
2314E3454087D,6047,2023,2023-10-09,etablissement,2026-01-09,True,conso_enedis_kwh,conso_enedis_kwh:simulation_locale_graine_fixe,Appartement,D,D,1-4 Square Orderic vital St pierre sur dives,4 Square Orderic Vital 14170 Saint-Pierre-en-Auge,4 Square Orderic Vital,Saint-Pierre-en-Auge,14170,14654,14,4 SQUARE ORDERIC VITAL,72,72,14186.2,14944.7,Gaz naturel + Électricité,False,Gaz / GPL,105.6,737.1,True,105.6,somme_des_seules_energies_electriques_EF,False,1.466666667,207.5652778,42.82777778,3083.6,1346.2,1346.2,1948-1974,1965,1965,-0.03782198042,49.014159,adresse non géocodée ban car aucune correspondance trouvée,0.46,False,14654|4 SQUARE ORDERIC VITAL,aucun,0,adresse_absente_ou_incomplete,True,1013.683718,,,,,Non appariée,Simulation pédagogique locale,département : médiane + surface/énergie + aléa,14.07894053,True,False,908.0837184,908.0837184,859.9277636,9.599277636,True,3,False
2314E3454514O,3949,2023,2023-10-09,etablissement,2026-01-09,True,conso_enedis_kwh,conso_enedis_kwh:simulation_locale_graine_fixe,Appartement,F,F,1-4 Square Orderic vital St pierre sur dives,4 Square Orderic Vital 14170 Saint-Pierre-en-Auge,4 Square Orderic Vital,Saint-Pierre-en-Auge,14170,14654,14,4 SQUARE ORDERIC VITAL,60,60,21321.2,22110.1,Gaz naturel + Électricité,False,Gaz / GPL,138.5,738.1,True,138.5,somme_des_seules_energies_electriques_EF,False,2.308333333,368.5016667,78.29333333,4697.6,1819.9,1819.9,1948-1974,1965,1965,-0.03782198042,49.014159,adresse non géocodée ban car aucune correspondance trouvée,0.46,False,14654|4 SQUARE ORDERIC VITAL,aucun,0,adresse_absente_ou_incomplete,True,1013.683718,,,,,Non appariée,Simulation pédagogique locale,département : médiane + surface/énergie + aléa,16.89472864,True,False,875.1837184,875.1837184,631.9016017,7.319016017,True,3,False
2314E3455064S,3830,2023,2023-10-11,etablissement,2026-01-09,True,conso_enedis_kwh,conso_enedis_kwh:simulation_locale_graine_fixe,Maison,D,B,16 PIERRE MENDES FRANCE,16 Rue Pierre Mendes France 14540 Soliers,16 Rue Pierre Mendes France,Soliers,14540,14675,14,16 RUE PIERRE MENDES FRANCE,61,61,6729.3,12785.7,Électricité,True,Électricité,6729.3,0,False,6729.3,total_EF_logement_tout_electrique,False,110.3163934,209.6016393,8,488,1153,1153,1983-1988,1986,1986,-0.2912789781,49.13229202,adresse non géocodée ban car aucune correspondance trouvée,0.73,False,14675|16 RUE PIERRE MENDES FRANCE,aucun,0,adresse_absente_ou_incomplete,True,2716.595949,,,,,Non appariée,Simulation pédagogique locale,département : médiane + surface/énergie + aléa,44.53435982,True,False,-4012.704051,4012.704051,-59.63033378,0.4036966622,True,1,False
2314E3456223H,1682,2023,2023-10-13,etablissement,2026-01-09,True,conso_enedis_kwh,conso_enedis_kwh:simulation_locale_graine_fixe,Appartement,E,B,9-10-11 Rue Romain Rolland,11 Rue Romain Rolland 14270 Mézidon Vallée d'Auge,11 Rue Romain Rolland,Mézidon Vallée d'Auge,14270,14431,14,11 RUE ROMAIN ROLLAND,52,52,7158.1,13600.4,Électricité,True,Électricité,6791.6,366.5,True,7158.1,total_EF_logement_tout_electrique,False,137.6557692,261.5461538,10.24038462,532.5,1220.3,1220.3,1983-1988,1985,1985,-0.07653300711,49.074228,adresse non géocodée ban car aucune correspondance trouvée,0.53,False,14431|11 RUE ROMAIN ROLLAND,aucun,0,adresse_absente_ou_incomplete,True,2562.007671,,,,,Non appariée,Simulation pédagogique locale,département : médiane + surface/énergie + aléa,49.26937829,True,False,-4596.092329,4596.092329,-64.20827215,0.3579172785,True,2,False
2314E3456307N,7603,2023,2023-10-13,etablissement,2026-01-09,True,conso_enedis_kwh,conso_enedis_kwh:simulation_locale_graine_fixe,Appartement,E,B,9-10-11 Rue Romain Rolland,11 Rue Romain Rolland 14270 Mézidon Vallée d'Auge,11 Rue Romain Rolland,Mézidon Vallée d'Auge,14270,14431,14,11 RUE ROMAIN ROLLAND,68,68,9166.8,17416.9,Électricité,True,Électricité,8687.1,479.7,True,9166.8,total_EF_logement_tout_electrique,False,134.8058824,256.1308824,10.10147059,686.9,1536.4,1536.4,1983-1988,1985,1985,-0.07653300711,49.074228,adresse non géocodée ban car aucune correspondance trouvée,0.53,False,14431|11 RUE ROMAIN ROLLAND,aucun,0,adresse_absente_ou_incomplete,True,2562.007671,,,,,Non appariée,Simulation pédagogique locale,département : médiane + surface/énergie + aléa,37.6765834,True,False,-6604.792329,6604.792329,-72.05123193,0.2794876807,True,2,False
2314E3466938K,6256,2023,2023-09-19,etablissement,2026-01-09,True,conso_enedis_kwh,conso_enedis_kwh:simulation_locale_graine_fixe,Maison,C,B,6 DES NOISETIERS,6 Allee des Noisetiers 14120 Mondeville,6 Allee des Noisetiers,Mondeville,14120,14437,14,6 ALLEE DES NOISETIERS,84.4,84.4,7533.9,14314.3,Électricité,True,Électricité,7533.9,0,False,7533.9,total_EF_logement_tout_electrique,False,89.26421801,169.6007109,6,506.4,1279,1279,2006-2012,2007,2007,-0.3008250008,49.17522796,adresse non géocodée ban car aucune correspondance trouvée,0.68,False,14437|6 ALLEE DES NOISETIERS,aucun,0,adresse_absente_ou_incomplete,True,3533.252698,,,,,Non appariée,Simulation pédagogique locale,département : médiane + surface/énergie + aléa,41.86318362,True,False,-4000.647302,4000.647302,-53.10194325,0.4689805675,True,1,False
2314E3485519B,1311,2023,2023-10-17,etablissement,2026-01-09,True,conso_enedis_kwh,conso_enedis_kwh:simulation_locale_graine_fixe,Appartement,C,C,19 Rue Guillaume le Conquérant ESI N° 1300.01.01.0001 / RPLS N° 5206109,19 Rue Guillaume le Conquérant 14370 Argences,19 Rue Guillaume le Conquérant,Argences,14370,14020,14,19 RUE GUILLAUME LE CONQUERANT,65.2,65.2,7859.4,8280.2,Gaz naturel + Électricité,False,Gaz / GPL,106.4,361.1,True,106.4,somme_des_seules_energies_electriques_EF,False,1.63190184,126.9969325,26.20398773,1708.5,848.5,848.5,après 2021,2016,2016,-0.1794629982,49.12345604,adresse non géocodée ban car aucune correspondance trouvée,0.47,False,14020|19 RUE GUILLAUME LE CONQUERANT,aucun,0,adresse_absente_ou_incomplete,True,1247.583636,,,,,Non appariée,Simulation pédagogique locale,département : médiane + surface/énergie + aléa,19.13471835,True,False,1141.183636,1141.183636,1072.541012,11.72541012,True,2,False
2314E3485570A,1995,2023,2023-10-17,etablissement,2026-01-09,True,conso_enedis_kwh,conso_enedis_kwh:simulation_locale_graine_fixe,Appartement,C,C,19 Rue Guillaume le Conquérant ESI N° 1300.01.01.0008 / RPLS N° 5206373,19 Rue Guillaume le Conquérant 14370 Argences,19 Rue Guillaume le Conquérant,Argences,14370,14020,14,19 RUE GUILLAUME LE CONQUERANT,66,66,5335.4,5663.6,Gaz naturel + Électricité,False,Gaz / GPL,76.2,288.4,True,76.2,somme_des_seules_energies_electriques_EF,False,1.154545455,85.81212121,17.45909091,1152.3,658.6,658.6,après 2021,2016,2016,-0.1794629982,49.12345604,adresse non géocodée ban car aucune correspondance trouvée,0.47,False,14020|19 RUE GUILLAUME LE CONQUERANT,aucun,0,adresse_absente_ou_incomplete,True,1247.583636,,,,,Non appariée,Simulation pédagogique locale,département : médiane + surface/énergie + aléa,18.90278237,True,False,1171.383636,1171.383636,1537.248867,16.37248867,True,2,False
2314E3489899N,7467,2023,2023-10-17,etablissement,2026-01-09,True,conso_enedis_kwh,conso_enedis_kwh:simulation_locale_graine_fixe,Appartement,C,C,13 Rue Guillaume le Conquérant Appartement 7,13 Rue Guillaume le Conquérant 14370 Argences,13 Rue Guillaume le Conquérant,Argences,14370,14020,14,13 RUE GUILLAUME LE CONQUERANT,64.7,64.7,5706.6,6044.4,Gaz naturel + Électricité,False,Gaz / GPL,80.1,295.1,True,80.1,somme_des_seules_energies_electriques_EF,False,1.238021638,93.42194745,19.08500773,1234.8,687.2,687.2,après 2021,2016,2016,-0.1795010447,49.123379,adresse non géocodée ban car aucune correspondance trouvée,0.66,False,14020|13 RUE GUILLAUME LE CONQUERANT,aucun,0,adresse_absente_ou_incomplete,True,1060.817031,,,,,Non appariée,Simulation pédagogique locale,département : médiane + surface/énergie + aléa,16.39593556,True,False,980.7170307,980.7170307,1224.365831,13.24365831,True,1,False
2314E3494911H,5288,2023,2023-10-17,etablissement,2026-01-09,True,conso_enedis_kwh,conso_enedis_kwh:simulation_locale_graine_fixe,Maison,D,B,17 Rue Fontaine d’Arlette,17 Rue Fontaine d’Arlette 14160 Dives-sur-Mer,17 Rue Fontaine d’Arlette,Dives-sur-Mer,14160,14225,14,17 RUE FONTAINE D ARLETTE,67,67,7240.8,13757.5,Électricité,True,Électricité,7240.8,0,False,7240.8,total_EF_logement_tout_electrique,False,108.0716418,205.3358209,7,469,1234,1234,2006-2012,2012,2012,-0.1078360222,49.28213304,adresse non géocodée ban car aucune correspondance trouvée,0.81,False,14225|17 RUE FONTAINE D ARLETTE,aucun,0,adresse_absente_ou_incomplete,True,4377.691778,,,,,Non appariée,Simulation pédagogique locale,commune : médiane + surface/énergie + aléa,65.33868325,True,False,-2863.108222,2863.108222,-39.54132447,0.6045867553,True,1,False
2314E3501859N,741,2023,2023-09-27,etablissement,2026-01-09,True,conso_enedis_kwh,conso_enedis_kwh:simulation_locale_graine_fixe,Maison,D,D,22 Rue des Pervenches,22 Rue des Pervenches 14670 Troarn,22 Rue des Pervenches,Troarn,14670,14712,14,22 RUE DES PERVENCHES,103,103,17614,18554.7,Gaz naturel + Électricité,False,Gaz / GPL,1045.3,0,False,1045.3,somme_des_seules_energies_electriques_EF,False,10.14854369,180.1427184,37,3811,1608,1608,1948-1974,1971,1971,-0.1896880348,49.184541,adresse non géocodée ban car aucune correspondance trouvée,0.79,False,14712|22 RUE DES PERVENCHES,aucun,0,adresse_absente_ou_incomplete,True,1250.828182,,,,,Non appariée,Simulation pédagogique locale,département : médiane + surface/énergie + aléa,12.14396293,True,False,205.5281819,205.5281819,19.66212397,1.19662124,True,1,False
2314E3509963F,8307,2023,2023-10-10,etablissement,2026-01-09,True,conso_enedis_kwh,conso_enedis_kwh:simulation_locale_graine_fixe,Appartement,C,C,11 Rue Michel Tournier Appartement 3,11 Rue Michel Tournier 14120 Mondeville,11 Rue Michel Tournier,Mondeville,14120,14437,14,11 RUE MICHEL TOURNIER,52.8,52.8,5023.8,5392.9,Gaz naturel + Électricité,False,Gaz / GPL,75.4,334.7,True,75.4,somme_des_seules_energies_electriques_EF,False,1.428030303,102.1382576,20.34280303,1074.1,632.1,632.1,après 2021,2016,2016,-0.3186999654,49.16937498,adresse non géocodée ban car aucune correspondance trouvée,0.63,False,14437|11 RUE MICHEL TOURNIER,aucun,0,adresse_absente_ou_incomplete,True,989.5062914,,,,,Non appariée,Simulation pédagogique locale,département : médiane + surface/énergie + aléa,18.74064946,True,False,914.1062914,914.1062914,1212.342562,13.12342562,True,2,False
2314E3510053R,1472,2023,2023-10-10,etablissement,2026-01-09,True,conso_enedis_kwh,conso_enedis_kwh:simulation_locale_graine_fixe,Appartement,C,C,11 Rue Michel Tournier Appartement 10,11 Rue Michel Tournier 14120 Mondeville,11 Rue Michel Tournier,Mondeville,14120,14437,14,11 RUE MICHEL TOURNIER,53.2,53.2,5698.7,6100,Gaz naturel + Électricité,False,Gaz / GPL,85.4,360.5,True,85.4,somme_des_seules_energies_electriques_EF,False,1.605263158,114.6616541,22.95864662,1221.4,702.5,702.5,après 2021,2016,2016,-0.3186999654,49.16937498,adresse non géocodée ban car aucune correspondance trouvée,0.65,False,14437|11 RUE MICHEL TOURNIER,aucun,0,adresse_absente_ou_incomplete,True,989.5062914,,,,,Non appariée,Simulation pédagogique locale,département : médiane + surface/énergie + aléa,18.59974232,True,False,904.1062914,904.1062914,1058.672472,11.58672472,True,2,False
2314E3522904Y,9410,2023,2023-10-10,etablissement,2026-01-09,True,conso_enedis_kwh,conso_enedis_kwh:simulation_locale_graine_fixe,Appartement,C,C,"13 Rue Michel Tournier, Appartement 5",13 Rue Michel Tournier 14120 Mondeville,13 Rue Michel Tournier,Mondeville,14120,14437,14,13 RUE MICHEL TOURNIER,53.2,53.2,4612.9,4964.9,Gaz naturel + Électricité,False,Gaz / GPL,74.2,317,True,74.2,somme_des_seules_energies_electriques_EF,False,1.394736842,93.32518797,18.4943609,983.9,583,583,après 2021,2016,2016,-0.3186999654,49.16937498,adresse non géocodée ban car aucune correspondance trouvée,0.63,False,14437|13 RUE MICHEL TOURNIER,aucun,0,adresse_absente_ou_incomplete,True,986.4292689,,,,,Non appariée,Simulation pédagogique locale,département : médiane + surface/énergie + aléa,18.54190355,True,False,912.2292689,912.2292689,1229.4195,13.294195,True,2,False
2314E3523169D,7009,2023,2023-10-10,etablissement,2026-01-09,True,conso_enedis_kwh,conso_enedis_kwh:simulation_locale_graine_fixe,Appartement,C,C,"13 Rue Michel Tournier, Appartement 12",13 Rue Michel Tournier 14120 Mondeville,13 Rue Michel Tournier,Mondeville,14120,14437,14,13 RUE MICHEL TOURNIER,69.9,69.9,5376.9,5823.4,Gaz naturel + Électricité,False,Gaz / GPL,92.4,403.7,True,92.4,somme_des_seules_energies_electriques_EF,False,1.321888412,83.31044349,16.31473534,1140.4,686.7,686.7,après 2021,2016,2016,-0.3186999654,49.16937498,adresse non géocodée ban car aucune correspondance trouvée,0.65,False,14437|13 RUE MICHEL TOURNIER,aucun,0,adresse_absente_ou_incomplete,True,986.4292689,,,,,Non appariée,Simulation pédagogique locale,département : médiane + surface/énergie + aléa,14.11200671,True,False,894.0292689,894.0292689,967.5641438,10.67564144,True,2,False
2314E3525636A,375,2023,2023-10-19,etablissement,2026-01-09,True,conso_enedis_kwh,conso_enedis_kwh:simulation_locale_graine_fixe,Maison,C,A,5 FONTAINE D'ARLETTE,5 Rue Fontaine d’Arlette 14160 Dives-sur-Mer,5 Rue Fontaine d’Arlette,Dives-sur-Mer,14160,14225,14,5 RUE FONTAINE D ARLETTE,83,83,6746.5,12818.4,Électricité,True,Électricité,6746.5,0,False,6746.5,total_EF_logement_tout_electrique,False,81.28313253,154.4385542,5,415,1156,1156,2006-2012,2012,2012,-0.1089680186,49.28212996,adresse non géocodée ban car aucune correspondance trouvée,0.74,False,14225|5 RUE FONTAINE D ARLETTE,aucun,0,adresse_absente_ou_incomplete,True,5581.976642,,,,,Non appariée,Simulation pédagogique locale,commune : médiane + surface/énergie + aléa,67.25273063,True,False,-1164.523358,1164.523358,-17.26114812,0.8273885188,True,1,False
2314E3535040S,156,2023,2023-10-09,etablissement,2026-01-09,True,conso_enedis_kwh,conso_enedis_kwh:simulation_locale_graine_fixe,Appartement,C,C,"28 Rue de Valleuil, Appartement 9",28 Rue de Valleuil 14120 Mondeville,28 Rue de Valleuil,Mondeville,14120,14437,14,28 RUE DE VALLEUIL,66.7,66.7,8508.7,8888.7,Gaz naturel + Électricité,False,Gaz / GPL,73.3,349,True,73.3,somme_des_seules_energies_electriques_EF,False,1.098950525,133.2638681,27.93553223,1863.3,799.4,799.4,après 2021,2013,2013,-0.3185059532,49.17314601,adresse non géocodée ban car aucune correspondance trouvée,0.61,False,14437|28 RUE DE VALLEUIL,aucun,0,adresse_absente_ou_incomplete,True,1859.935382,,,,,Non appariée,Simulation pédagogique locale,département : médiane + surface/énergie + aléa,27.88508818,True,False,1786.635382,1786.635382,2437.428897,25.37428897,True,1,False
2314E3540496O,6494,2023,2023-09-08,etablissement,2026-01-09,True,conso_enedis_kwh,conso_enedis_kwh:simulation_locale_graine_fixe,Maison,D,D,3 Allée de Mondorf - les - Bains,3 Allée de Mondorf - les - Bains 14390 Cabourg,3 Allée de Mondorf - les - Bains,Cabourg,14390,14117,14,3 ALLEE DE MONDORF LES BAINS,71.6,71.6,10342.3,11149.7,Gaz naturel + Électricité,False,Gaz / GPL,897.1,0.1,False,897.1,somme_des_seules_energies_electriques_EF,False,12.52932961,155.722067,30.01675978,2149.2,1107,1107,2001-2005,2002,2002,-0.1251400199,49.27943103,adresse non géocodée ban car aucune correspondance trouvée,0.8,False,14117|3 ALLEE DE MONDORF LES BAINS,aucun,0,adresse_absente_ou_incomplete,True,1158.23302,,,,,Non appariée,Simulation pédagogique locale,commune : médiane + surface/énergie + aléa,16.17643883,True,False,261.1330202,261.1330202,29.10857432,1.291085743,True,1,False
2314E3540861P,6560,2023,2023-09-08,etablissement,2026-01-09,True,conso_enedis_kwh,conso_enedis_kwh:simulation_locale_graine_fixe,Maison,D,D,8 Allée de Chur,8 Allée de Chur 14390 Cabourg,8 Allée de Chur,Cabourg,14390,14117,14,8 ALLEE DE CHUR,84.4,84.4,12485,13331.4,Gaz naturel + Électricité,False,Gaz / GPL,940.5,0.1,False,940.5,somme_des_seules_energies_electriques_EF,False,11.14336493,157.9549763,31.01066351,2617.3,1257,1257,2001-2005,2002,2002,-0.1257460623,49.27877504,adresse non géocodée ban car aucune correspondance trouvée,0.78,False,14117|8 ALLEE DE CHUR,aucun,0,adresse_absente_ou_incomplete,True,2026.82571,,,,,Non appariée,Simulation pédagogique locale,commune : médiane + surface/énergie + aléa,24.01452263,True,False,1086.32571,1086.32571,115.505126,2.15505126,True,1,False
2314E3547988S,2367,2023,2023-09-08,etablissement,2026-01-09,True,conso_enedis_kwh,conso_enedis_kwh:simulation_locale_graine_fixe,Maison,D,D,6 Allée de Mayrhofen,6 Allée de Mayrhofen 14390 Cabourg,6 Allée de Mayrhofen,Cabourg,14390,14117,14,6 ALLEE DE MAYRHOFEN,84.4,84.4,11880.2,12719.3,Gaz naturel + Électricité,False,Gaz / GPL,932.3,1.818989404e-12,False,932.3,somme_des_seules_energies_electriques_EF,False,11.04620853,150.7026066,30.01066351,2532.9,1216,1216,2001-2005,2002,2002,-0.1230369568,49.27832898,adresse non géocodée ban car aucune correspondance trouvée,0.79,False,14117|6 ALLEE DE MAYRHOFEN,aucun,0,adresse_absente_ou_incomplete,True,1775.756066,,,,,Non appariée,Simulation pédagogique locale,commune : médiane + surface/énergie + aléa,21.03976382,True,False,843.4560664,843.4560664,90.47045655,1.904704565,True,1,False
2314E3560275H,2826,2023,2023-10-21,etablissement,2026-01-09,True,conso_enedis_kwh,conso_enedis_kwh:simulation_locale_graine_fixe,Maison,E,E,4 Rue Eugène Leriteau,4 Rue Eugène Leriteau 14270 Mézidon Vallée d'Auge,4 Rue Eugène Leriteau,Mézidon Vallée d'Auge,14270,14431,14,4 RUE EUGENE LERITEAU,70,70,20957.3,21780,Gaz naturel + Électricité,False,Gaz / GPL,914.2,0,False,914.2,somme_des_seules_energies_electriques_EF,False,13.06,311.1428571,65,4550,1803,1803,1948-1974,1958,1958,-0.07237303404,49.07450597,adresse non géocodée ban car aucune correspondance trouvée,0.55,False,14431|4 RUE EUGENE LERITEAU,aucun,0,adresse_absente_ou_incomplete,True,2446.552811,,,,,Non appariée,Simulation pédagogique locale,département : médiane + surface/énergie + aléa,34.95075444,True,False,1532.352811,1532.352811,167.6168027,2.676168027,True,1,False
2314E3571479F,710,2023,2023-10-17,etablissement,2026-01-09,True,conso_enedis_kwh,conso_enedis_kwh:simulation_locale_graine_fixe,Appartement,E,E,1/3 Rue Fontenelle,3 Rue Fontenelle 14100 Lisieux,3 Rue Fontenelle,Lisieux,14100,14366,14,3 RUE FONTENELLE,48,48,12745.1,13336.8,Gaz naturel + Électricité,False,Gaz / GPL,111,546.4,True,111,somme_des_seules_energies_electriques_EF,False,2.3125,277.85,58.05,2786.4,1210.4,1210.4,1948-1974,1958,1958,0.2247319663,49.15708304,adresse non géocodée ban car aucune correspondance trouvée,0.74,False,14366|3 RUE FONTENELLE,aucun,0,adresse_absente_ou_incomplete,True,1040.002483,,,,,Non appariée,Simulation pédagogique locale,département : médiane + surface/énergie + aléa,21.66671839,True,False,929.0024826,929.0024826,836.9391735,9.369391735,True,7,False
2314E3571517R,2780,2023,2023-10-17,etablissement,2026-01-09,True,conso_enedis_kwh,conso_enedis_kwh:simulation_locale_graine_fixe,Appartement,D,D,1/3 Rue Fontenelle,3 Rue Fontenelle 14100 Lisieux,3 Rue Fontenelle,Lisieux,14100,14366,14,3 RUE FONTENELLE,57,57,9347.2,9912.3,Gaz naturel + Électricité,False,Gaz / GPL,87.5,540.3,True,87.5,somme_des_seules_energies_electriques_EF,False,1.535087719,173.9,35.43859649,2020,981.8,981.8,1948-1974,1958,1958,0.2247319663,49.15708304,adresse non géocodée ban car aucune correspondance trouvée,0.74,False,14366|3 RUE FONTENELLE,aucun,0,adresse_absente_ou_incomplete,True,1040.002483,,,,,Non appariée,Simulation pédagogique locale,département : médiane + surface/énergie + aléa,18.24565759,True,False,952.5024826,952.5024826,1088.574266,11.88574266,True,7,False
2314E3571529D,2344,2023,2023-10-17,etablissement,2026-01-09,True,conso_enedis_kwh,conso_enedis_kwh:simulation_locale_graine_fixe,Appartement,D,D,1/3 Rue Fontenelle,3 Rue Fontenelle 14100 Lisieux,3 Rue Fontenelle,Lisieux,14100,14366,14,3 RUE FONTENELLE,50,50,8687.2,9192.2,Gaz naturel + Électricité,False,Gaz / GPL,79.7,481.5,True,79.7,somme_des_seules_energies_electriques_EF,False,1.594,183.844,37.62,1881,923.6,923.6,1948-1974,1958,1958,0.2247319663,49.15708304,adresse non géocodée ban car aucune correspondance trouvée,0.74,False,14366|3 RUE FONTENELLE,aucun,0,adresse_absente_ou_incomplete,True,1040.002483,,,,,Non appariée,Simulation pédagogique locale,département : médiane + surface/énergie + aléa,20.80004965,True,False,960.3024826,960.3024826,1204.896465,13.04896465,True,7,False
2314E3573274G,3045,2023,2023-10-17,etablissement,2026-01-09,True,conso_enedis_kwh,conso_enedis_kwh:simulation_locale_graine_fixe,Appartement,E,E,1/3 Rue Fontenelle,3 Rue Fontenelle 14100 Lisieux,3 Rue Fontenelle,Lisieux,14100,14366,14,3 RUE FONTENELLE,50,50,13227.4,13859.6,Gaz naturel + Électricité,False,Gaz / GPL,116.1,586.3,True,116.1,somme_des_seules_energies_electriques_EF,False,2.322,277.192,57.772,2888.6,1252,1252,1948-1974,1958,1958,0.2247319663,49.15708304,adresse non géocodée ban car aucune correspondance trouvée,0.74,False,14366|3 RUE FONTENELLE,aucun,0,adresse_absente_ou_incomplete,True,1040.002483,,,,,Non appariée,Simulation pédagogique locale,département : médiane + surface/énergie + aléa,20.80004965,True,False,923.9024826,923.9024826,795.7816388,8.957816388,True,7,False
2314E3573277J,5455,2023,2023-10-17,etablissement,2026-01-09,True,conso_enedis_kwh,conso_enedis_kwh:simulation_locale_graine_fixe,Appartement,E,E,1/3 Rue Fontenelle,3 Rue Fontenelle 14100 Lisieux,3 Rue Fontenelle,Lisieux,14100,14366,14,3 RUE FONTENELLE,37,37,9564.9,10024,Gaz naturel + Électricité,False,Gaz / GPL,83.1,427,True,83.1,somme_des_seules_energies_electriques_EF,False,2.245945946,270.9189189,56.44324324,2088.4,969.5,969.5,1948-1974,1958,1958,0.2247319663,49.15708304,adresse non géocodée ban car aucune correspondance trouvée,0.74,False,14366|3 RUE FONTENELLE,aucun,0,adresse_absente_ou_incomplete,True,1040.002483,,,,,Non appariée,Simulation pédagogique locale,département : médiane + surface/énergie + aléa,28.10817521,True,False,956.9024826,956.9024826,1151.507199,12.51507199,True,7,False
2314E3573291X,512,2023,2023-10-17,etablissement,2026-01-09,True,conso_enedis_kwh,conso_enedis_kwh:simulation_locale_graine_fixe,Appartement,D,D,1/3 Rue Fontenelle,3 Rue Fontenelle 14100 Lisieux,3 Rue Fontenelle,Lisieux,14100,14366,14,3 RUE FONTENELLE,50,50,8403.8,8919.6,Gaz naturel + Électricité,False,Gaz / GPL,78.6,494.4,True,78.6,somme_des_seules_energies_electriques_EF,False,1.572,178.392,36.294,1814.7,907.8,907.8,1948-1974,1958,1958,0.2247319663,49.15708304,adresse non géocodée ban car aucune correspondance trouvée,0.74,False,14366|3 RUE FONTENELLE,aucun,0,adresse_absente_ou_incomplete,True,1040.002483,,,,,Non appariée,Simulation pédagogique locale,département : médiane + surface/énergie + aléa,20.80004965,True,False,961.4024826,961.4024826,1223.158375,13.23158375,True,7,False
2314E3573320A,8665,2023,2023-10-17,etablissement,2026-01-09,True,conso_enedis_kwh,conso_enedis_kwh:simulation_locale_graine_fixe,Appartement,D,D,1/3 Rue Fontenelle,3 Rue Fontenelle 14100 Lisieux,3 Rue Fontenelle,Lisieux,14100,14366,14,3 RUE FONTENELLE,48,48,7792.6,8280.5,Gaz naturel + Électricité,False,Gaz / GPL,73.1,469.1,True,73.1,somme_des_seules_energies_electriques_EF,False,1.522916667,172.5104167,35.02083333,1681,860.9,860.9,1948-1974,1958,1958,0.2247319663,49.15708304,adresse non géocodée ban car aucune correspondance trouvée,0.74,False,14366|3 RUE FONTENELLE,aucun,0,adresse_absente_ou_incomplete,True,1040.002483,,,,,Non appariée,Simulation pédagogique locale,département : médiane + surface/énergie + aléa,21.66671839,True,False,966.9024826,966.9024826,1322.712015,14.22712015,True,7,False
2314E3579551R,6092,2023,2023-10-23,etablissement,2026-01-09,True,conso_enedis_kwh,conso_enedis_kwh:simulation_locale_graine_fixe,Appartement,D,D,6/8/10/12 Rue Victorine Magne,12 Rue Victorine Magne 14100 Lisieux,12 Rue Victorine Magne,Lisieux,14100,14366,14,12 RUE VICTORINE MAGNE,58,58,10436.5,11022.1,Gaz naturel + Électricité,False,Gaz / GPL,87,563.6,True,87,somme_des_seules_energies_electriques_EF,False,1.5,190.0362069,39.02758621,2263.6,1058,1058,1948-1974,1956,1956,0.2233240145,49.15753501,adresse non géocodée ban car aucune correspondance trouvée,0.71,False,14366|12 RUE VICTORINE MAGNE,aucun,0,adresse_absente_ou_incomplete,True,872.6930392,,,,,Non appariée,Simulation pédagogique locale,département : médiane + surface/énergie + aléa,15.04643171,True,False,785.6930392,785.6930392,903.0954473,10.03095447,True,2,False
2314E3579703N,5173,2023,2023-10-23,etablissement,2026-01-09,True,conso_enedis_kwh,conso_enedis_kwh:simulation_locale_graine_fixe,Appartement,D,D,6/8/10/12 Rue Victorine Magne,12 Rue Victorine Magne 14100 Lisieux,12 Rue Victorine Magne,Lisieux,14100,14366,14,12 RUE VICTORINE MAGNE,58,58,10436.5,11022.1,Gaz naturel + Électricité,False,Gaz / GPL,87,563.6,True,87,somme_des_seules_energies_electriques_EF,False,1.5,190.0362069,39.02758621,2263.6,1058,1058,1948-1974,1956,1956,0.2233240145,49.15753501,adresse non géocodée ban car aucune correspondance trouvée,0.71,False,14366|12 RUE VICTORINE MAGNE,aucun,0,adresse_absente_ou_incomplete,True,872.6930392,,,,,Non appariée,Simulation pédagogique locale,département : médiane + surface/énergie + aléa,15.04643171,True,False,785.6930392,785.6930392,903.0954473,10.03095447,True,2,False
2314E3583500O,6732,2023,2023-10-23,etablissement,2026-01-09,True,conso_enedis_kwh,conso_enedis_kwh:simulation_locale_graine_fixe,Maison,C,C,23 BIS RUE BRIERE,23bis Rue Brière 14120 Mondeville,23bis Rue Brière,Mondeville,14120,14437,14,23 BIS RUE BRIERE,98.3,98.3,11867.6,12620.1,Gaz naturel + Électricité,False,Gaz / GPL,836,0,False,836,somme_des_seules_energies_electriques_EF,False,8.504577823,128.3835198,26,2555.8,1194,1194,1983-1988,1987,1987,-0.3124300098,49.174429,adresse non géocodée ban car aucune correspondance trouvée,0.73,False,14437|23 BIS RUE BRIERE,aucun,0,adresse_absente_ou_incomplete,True,2073.975537,,,,,Non appariée,Simulation pédagogique locale,département : médiane + surface/énergie + aléa,21.09842866,True,False,1237.975537,1237.975537,148.0831982,2.480831982,True,1,False
2314E3584180S,5602,2023,2023-10-23,etablissement,2026-01-09,True,conso_enedis_kwh,conso_enedis_kwh:simulation_locale_graine_fixe,Maison,D,D,3 ALLEE DE VIENNE,3 Allée de Vienne 14120 Mondeville,3 Allée de Vienne,Mondeville,14120,14437,14,3 ALLEE DE VIENNE,68,68,11668.6,12471.2,Gaz naturel + Électricité,False,Gaz / GPL,891.8,1.818989404e-12,False,891.8,somme_des_seules_energies_electriques_EF,False,13.11470588,183.4,35.97941176,2446.6,1192,1192,1989-2000,1993,1993,-0.3066130006,49.16953697,adresse non géocodée ban car aucune correspondance trouvée,0.79,False,14437|3 ALLEE DE VIENNE,aucun,0,adresse_absente_ou_incomplete,True,1799.110762,,,,,Non appariée,Simulation pédagogique locale,département : médiane + surface/énergie + aléa,26.4575112,True,False,907.3107616,907.3107616,101.7392646,2.017392646,True,1,False
2314E3590083T,8215,2023,2023-10-24,etablissement,2026-01-09,True,conso_enedis_kwh,conso_enedis_kwh:simulation_locale_graine_fixe,Maison,D,B,2 Cour Jean-Marie Proslier,2 Cour Jean-Marie Proslier 14290 Orbec,2 Cour Jean-Marie Proslier,Orbec,14290,14478,14,2 COUR JEAN MARIE PROSLIER,84,84,9000.2,17100.5,Électricité,True,Électricité,9000.2,0,False,9000.2,total_EF_logement_tout_electrique,False,107.1452381,203.577381,8,672,1511,1511,1989-2000,1997,1997,0.4032410008,49.02312403,adresse non géocodée ban car aucune correspondance trouvée,0.79,False,14478|2 COUR JEAN MARIE PROSLIER,aucun,0,adresse_absente_ou_incomplete,True,3897.930445,,,,,Non appariée,Simulation pédagogique locale,département : médiane + surface/énergie + aléa,46.40393386,True,False,-5102.269555,5102.269555,-56.69062416,0.4330937584,True,1,False
2314E3597194G,5019,2023,2023-08-14,etablissement,2026-01-09,True,conso_enedis_kwh,conso_enedis_kwh:simulation_locale_graine_fixe,Appartement,C,A,1-3-5 3 allée Lucie Aubrac - Logement 010,3 Allée Lucie Aubrac 14120 Mondeville,3 Allée Lucie Aubrac,Mondeville,14120,14437,14,3 ALLEE LUCIE AUBRAC,65.6,65.6,4621.6,8781,Électricité,True,Électricité,4519.8,101.8,True,4621.6,total_EF_logement_tout_electrique,False,70.45121951,133.8567073,5.181402439,339.9,823.4,823.4,2006-2012,2010,2010,-0.3212480364,49.17705399,adresse non géocodée ban car aucune correspondance trouvée,0.56,False,14437|3 ALLEE LUCIE AUBRAC,aucun,0,adresse_absente_ou_incomplete,True,3704.847732,,,,,Non appariée,Simulation pédagogique locale,département : médiane + surface/énergie + aléa,56.47633738,True,False,-916.7522676,916.7522676,-19.83625298,0.8016374702,True,1,False
2314E3597614K,1579,2023,2023-08-14,etablissement,2026-01-09,True,conso_enedis_kwh,conso_enedis_kwh:simulation_locale_graine_fixe,Appartement,C,A,1-3-5 5 allée Lucie Aubrac - Logement 021,5 Allée Lucie Aubrac 14120 Mondeville,5 Allée Lucie Aubrac,Mondeville,14120,14437,14,5 ALLEE LUCIE AUBRAC,70.6,70.6,4779.8,9081.5,Électricité,True,Électricité,4670.1,109.7,True,4779.8,total_EF_logement_tout_electrique,False,67.70254958,128.6331445,4.895184136,345.6,847.4,847.4,2006-2012,2010,2010,-0.3213810365,49.17699201,adresse non géocodée ban car aucune correspondance trouvée,0.56,False,14437|5 ALLEE LUCIE AUBRAC,aucun,0,adresse_absente_ou_incomplete,True,2726.675219,,,,,Non appariée,Simulation pédagogique locale,département : médiane + surface/énergie + aléa,38.62146203,True,False,-2053.124781,2053.124781,-42.95419852,0.5704580148,True,3,False
2314E3597620Q,7,2023,2023-08-14,etablissement,2026-01-09,True,conso_enedis_kwh,conso_enedis_kwh:simulation_locale_graine_fixe,Appartement,C,A,1-3-5 5 allée Lucie Aubrac - Logement 022,5 Allée Lucie Aubrac 14120 Mondeville,5 Allée Lucie Aubrac,Mondeville,14120,14437,14,5 ALLEE LUCIE AUBRAC,72.4,72.4,4820.2,9158.4,Électricité,True,Électricité,4707.7,112.5,True,4820.2,total_EF_logement_tout_electrique,False,66.57734807,126.4972376,4.824585635,349.3,853.5,853.5,2006-2012,2010,2010,-0.3213810365,49.17699201,adresse non géocodée ban car aucune correspondance trouvée,0.56,False,14437|5 ALLEE LUCIE AUBRAC,aucun,0,adresse_absente_ou_incomplete,True,2726.675219,,,,,Non appariée,Simulation pédagogique locale,département : médiane + surface/énergie + aléa,37.66125993,True,False,-2093.524781,2093.524781,-43.43232191,0.5656767809,True,3,False
2314E3597626W,5521,2023,2023-08-14,etablissement,2026-01-09,True,conso_enedis_kwh,conso_enedis_kwh:simulation_locale_graine_fixe,Appartement,C,B,1-3-5 5 allée Lucie Aubrac - Logement 023,5 Allée Lucie Aubrac 14120 Mondeville,5 Allée Lucie Aubrac,Mondeville,14120,14437,14,5 ALLEE LUCIE AUBRAC,70.5,70.5,6209.5,11798,Électricité,True,Électricité,6099.2,110.3,True,6209.5,total_EF_logement_tout_electrique,False,88.07801418,167.3475177,6.504964539,458.6,1071.1,1071.1,2006-2012,2010,2010,-0.3213810365,49.17699201,adresse non géocodée ban car aucune correspondance trouvée,0.56,False,14437|5 ALLEE LUCIE AUBRAC,aucun,0,adresse_absente_ou_incomplete,True,2726.675219,,,,,Non appariée,Simulation pédagogique locale,département : médiane + surface/énergie + aléa,38.67624424,True,False,-3482.824781,3482.824781,-56.08865095,0.4391134905,True,3,False
2314E3613615V,5506,2023,2023-09-14,etablissement,2026-01-09,True,conso_enedis_kwh,conso_enedis_kwh:simulation_locale_graine_fixe,Appartement,C,C,4 du parc - Logement 012,4 Rue du Parc 14120 Mondeville,4 Rue du Parc,Mondeville,14120,14437,14,4 RUE DU PARC,69.1,69.1,5899.5,6075.9,Gaz naturel + Électricité,False,Gaz / GPL,56.9,139.1,True,56.9,somme_des_seules_energies_electriques_EF,False,0.8234442836,87.92908828,18.9276411,1307.9,561.4,561.4,2006-2012,2011,2011,-0.3191860212,49.178893,adresse non géocodée ban car aucune correspondance trouvée,0.51,False,14437|4 RUE DU PARC,aucun,0,adresse_absente_ou_incomplete,True,1262.493024,,,,,Non appariée,Simulation pédagogique locale,département : médiane + surface/énergie + aléa,18.27052133,True,False,1205.593024,1205.593024,2118.79266,22.1879266,True,1,False
2314E3614983L,3592,2023,2023-10-24,etablissement,2026-01-09,True,conso_enedis_kwh,conso_enedis_kwh:simulation_locale_graine_fixe,Maison,D,D,1 Rue du Général Maczek,1 Rue du Général Maczek 14370 Moult-Chicheboville,1 Rue du Général Maczek,Moult-Chicheboville,14370,14456,14,1 RUE DU GENERAL MACZEK,63,63,13027.9,13840.7,Gaz naturel + Électricité,False,Gaz / GPL,903.1,0.1,False,903.1,somme_des_seules_energies_electriques_EF,False,14.33492063,219.6936508,44,2772,1285,1285,1975-1977,1976,1976,-0.16815496,49.116497,adresse non géocodée ban car aucune correspondance trouvée,0.65,False,14456|1 RUE DU GENERAL MACZEK,aucun,0,adresse_absente_ou_incomplete,True,1585.908923,,,,,Non appariée,Simulation pédagogique locale,département : médiane + surface/énergie + aléa,25.17315751,True,False,682.8089232,682.8089232,75.60723322,1.756072332,True,1,False
2314E3635880E,4101,2023,2023-10-26,etablissement,2026-01-09,True,conso_enedis_kwh,conso_enedis_kwh:simulation_locale_graine_fixe,Appartement,D,D,5/7 Rue Pierre Trebutien,7 Rue Pierre Trebutien 14100 Lisieux,7 Rue Pierre Trebutien,Lisieux,14100,14366,14,7 RUE PIERRE TREBUTIEN,58,58,11864.4,12442.3,Gaz naturel + Électricité,False,Gaz / GPL,84.6,557.4,True,84.6,somme_des_seules_energies_electriques_EF,False,1.45862069,214.5224138,44.63965517,2589.1,1149.4,1149.4,1948-1974,1956,1956,0.223030952,49.15686397,adresse non géocodée ban car aucune correspondance trouvée,0.76,False,14366|7 RUE PIERRE TREBUTIEN,aucun,0,adresse_absente_ou_incomplete,True,942.4323464,,,,,Non appariée,Simulation pédagogique locale,département : médiane + surface/énergie + aléa,16.24883356,True,False,857.8323464,857.8323464,1013.986225,11.13986225,True,11,False
2314E3635886K,2316,2023,2023-10-26,etablissement,2026-01-09,True,conso_enedis_kwh,conso_enedis_kwh:simulation_locale_graine_fixe,Appartement,D,D,5/7 Rue Pierre Trebutien,7 Rue Pierre Trebutien 14100 Lisieux,7 Rue Pierre Trebutien,Lisieux,14100,14366,14,7 RUE PIERRE TREBUTIEN,58,58,12332.5,12918.3,Gaz naturel + Électricité,False,Gaz / GPL,87.1,563.8,True,87.1,somme_des_seules_energies_electriques_EF,False,1.501724138,222.7293103,46.44655172,2693.9,1182,1182,1948-1974,1956,1956,0.223030952,49.15686397,adresse non géocodée ban car aucune correspondance trouvée,0.76,False,14366|7 RUE PIERRE TREBUTIEN,aucun,0,adresse_absente_ou_incomplete,True,942.4323464,,,,,Non appariée,Simulation pédagogique locale,département : médiane + surface/énergie + aléa,16.24883356,True,False,855.3323464,855.3323464,982.0118788,10.82011879,True,11,False
2314E3635933F,3631,2023,2023-10-26,etablissement,2026-01-09,True,conso_enedis_kwh,conso_enedis_kwh:simulation_locale_graine_fixe,Appartement,D,D,5/7 Rue Pierre Trebutien,7 Rue Pierre Trebutien 14100 Lisieux,7 Rue Pierre Trebutien,Lisieux,14100,14366,14,7 RUE PIERRE TREBUTIEN,58,58,12041,12621.8,Gaz naturel + Électricité,False,Gaz / GPL,85.5,559.8,True,85.5,somme_des_seules_energies_electriques_EF,False,1.474137931,217.6172414,45.32241379,2628.7,1161.7,1161.7,1948-1974,1956,1956,0.223030952,49.15686397,adresse non géocodée ban car aucune correspondance trouvée,0.76,False,14366|7 RUE PIERRE TREBUTIEN,aucun,0,adresse_absente_ou_incomplete,True,942.4323464,,,,,Non appariée,Simulation pédagogique locale,département : médiane + surface/énergie + aléa,16.24883356,True,False,856.9323464,856.9323464,1002.260054,11.02260054,True,11,False
2314E3635947T,9580,2023,2023-10-26,etablissement,2026-01-09,True,conso_enedis_kwh,conso_enedis_kwh:simulation_locale_graine_fixe,Appartement,D,D,5/7 Rue Pierre Trebutien,7 Rue Pierre Trebutien 14100 Lisieux,7 Rue Pierre Trebutien,Lisieux,14100,14366,14,7 RUE PIERRE TREBUTIEN,58,58,12041,12621.8,Gaz naturel + Électricité,False,Gaz / GPL,85.5,559.8,True,85.5,somme_des_seules_energies_electriques_EF,False,1.474137931,217.6172414,45.32241379,2628.7,1161.7,1161.7,1948-1974,1956,1956,0.223030952,49.15686397,adresse non géocodée ban car aucune correspondance trouvée,0.76,False,14366|7 RUE PIERRE TREBUTIEN,aucun,0,adresse_absente_ou_incomplete,True,942.4323464,,,,,Non appariée,Simulation pédagogique locale,département : médiane + surface/énergie + aléa,16.24883356,True,False,856.9323464,856.9323464,1002.260054,11.02260054,True,11,False
2314E3646478U,2792,2023,2023-10-26,etablissement,2026-01-09,True,conso_enedis_kwh,conso_enedis_kwh:simulation_locale_graine_fixe,Appartement,F,F,13/15 Rue Pierre Trebutien,15 Rue Pierre Trebutien 14100 Lisieux,15 Rue Pierre Trebutien,Lisieux,14100,14366,14,15 RUE PIERRE TREBUTIEN,45,45,16375.1,16943.3,Gaz naturel + Électricité,False,Gaz / GPL,104.2,527.1,True,104.2,somme_des_seules_energies_electriques_EF,False,2.315555556,376.5177778,80.32666667,3614.7,1441.7,1441.7,1948-1974,1956,1956,0.2239740256,49.15743297,adresse non géocodée ban car aucune correspondance trouvée,0.79,False,14366|15 RUE PIERRE TREBUTIEN,aucun,0,adresse_absente_ou_incomplete,True,1677.068433,,,,,Non appariée,Simulation pédagogique locale,département : médiane + surface/énergie + aléa,37.26818739,True,False,1572.868433,1572.868433,1509.470665,16.09470665,True,2,False
2314E3646501R,4091,2023,2023-10-26,etablissement,2026-01-09,True,conso_enedis_kwh,conso_enedis_kwh:simulation_locale_graine_fixe,Appartement,D,D,5/7 Rue Pierre Trebutien,7 Rue Pierre Trebutien 14100 Lisieux,7 Rue Pierre Trebutien,Lisieux,14100,14366,14,7 RUE PIERRE TREBUTIEN,58,58,12138.3,12723.6,Gaz naturel + Électricité,False,Gaz / GPL,87,563.4,True,87,somme_des_seules_energies_electriques_EF,False,1.5,219.3724138,45.68793103,2649.9,1169.2,1169.2,1948-1974,1956,1956,0.223030952,49.15686397,adresse non géocodée ban car aucune correspondance trouvée,0.76,False,14366|7 RUE PIERRE TREBUTIEN,aucun,0,adresse_absente_ou_incomplete,True,942.4323464,,,,,Non appariée,Simulation pédagogique locale,département : médiane + surface/énergie + aléa,16.24883356,True,False,855.4323464,855.4323464,983.2555706,10.83255571,True,11,False
2314E3646524O,3276,2023,2023-10-26,etablissement,2026-01-09,True,conso_enedis_kwh,conso_enedis_kwh:simulation_locale_graine_fixe,Appartement,D,D,5/7 Rue Pierre Trebutien,7 Rue Pierre Trebutien 14100 Lisieux,7 Rue Pierre Trebutien,Lisieux,14100,14366,14,7 RUE PIERRE TREBUTIEN,58,58,11672.2,12249.7,Gaz naturel + Électricité,False,Gaz / GPL,84.4,557.3,True,84.4,somme_des_seules_energies_electriques_EF,False,1.455172414,211.2017241,43.88793103,2545.5,1136.7,1136.7,1948-1974,1956,1956,0.223030952,49.15686397,adresse non géocodée ban car aucune correspondance trouvée,0.76,False,14366|7 RUE PIERRE TREBUTIEN,aucun,0,adresse_absente_ou_incomplete,True,942.4323464,,,,,Non appariée,Simulation pédagogique locale,département : médiane + surface/énergie + aléa,16.24883356,True,False,858.0323464,858.0323464,1016.626003,11.16626003,True,11,False
2314E3646528S,3798,2023,2023-10-26,etablissement,2026-01-09,True,conso_enedis_kwh,conso_enedis_kwh:simulation_locale_graine_fixe,Appartement,D,D,5/7 Rue Pierre Trebutien,7 Rue Pierre Trebutien 14100 Lisieux,7 Rue Pierre Trebutien,Lisieux,14100,14366,14,7 RUE PIERRE TREBUTIEN,58,58,11845.2,12425.6,Gaz naturel + Électricité,False,Gaz / GPL,85.4,559.5,True,85.4,somme_des_seules_energies_electriques_EF,False,1.472413793,214.2344828,44.55689655,2584.3,1148.8,1148.8,1948-1974,1956,1956,0.223030952,49.15686397,adresse non géocodée ban car aucune correspondance trouvée,0.76,False,14366|7 RUE PIERRE TREBUTIEN,aucun,0,adresse_absente_ou_incomplete,True,942.4323464,,,,,Non appariée,Simulation pédagogique locale,département : médiane + surface/énergie + aléa,16.24883356,True,False,857.0323464,857.0323464,1003.550757,11.03550757,True,11,False
2314E3654289F,829,2023,2023-10-26,etablissement,2026-01-09,True,conso_enedis_kwh,conso_enedis_kwh:simulation_locale_graine_fixe,Appartement,D,D,13/15 Rue Pierre Trebutien,15 Rue Pierre Trebutien 14100 Lisieux,15 Rue Pierre Trebutien,Lisieux,14100,14366,14,15 RUE PIERRE TREBUTIEN,46,46,10067.8,10569.1,Gaz naturel + Électricité,False,Gaz / GPL,80.9,476.1,True,80.9,somme_des_seules_energies_electriques_EF,False,1.758695652,229.7630435,47.7173913,2195,1012.9,1012.9,1948-1974,1956,1956,0.2239740256,49.15743297,adresse non géocodée ban car aucune correspondance trouvée,0.79,False,14366|15 RUE PIERRE TREBUTIEN,aucun,0,adresse_absente_ou_incomplete,True,1677.068433,,,,,Non appariée,Simulation pédagogique locale,département : médiane + surface/énergie + aléa,36.4580094,True,False,1596.168433,1596.168433,1973.014132,20.73014132,True,2,False
2314E3654303T,8332,2023,2023-10-26,etablissement,2026-01-09,True,conso_enedis_kwh,conso_enedis_kwh:simulation_locale_graine_fixe,Appartement,D,D,5/7 Rue Pierre Trebutien,7 Rue Pierre Trebutien 14100 Lisieux,7 Rue Pierre Trebutien,Lisieux,14100,14366,14,7 RUE PIERRE TREBUTIEN,46,46,10067.8,10569.1,Gaz naturel + Électricité,False,Gaz / GPL,80.9,476.1,True,80.9,somme_des_seules_energies_electriques_EF,False,1.758695652,229.7630435,47.7173913,2195,1012.9,1012.9,1948-1974,1956,1956,0.223030952,49.15686397,adresse non géocodée ban car aucune correspondance trouvée,0.76,False,14366|7 RUE PIERRE TREBUTIEN,aucun,0,adresse_absente_ou_incomplete,True,942.4323464,,,,,Non appariée,Simulation pédagogique locale,département : médiane + surface/énergie + aléa,20.48765971,True,False,861.5323464,861.5323464,1064.934915,11.64934915,True,11,False
2314E3654315F,3959,2023,2023-10-26,etablissement,2026-01-09,True,conso_enedis_kwh,conso_enedis_kwh:simulation_locale_graine_fixe,Appartement,D,D,5/7 Rue Pierre Trebutien,7 Rue Pierre Trebutien 14100 Lisieux,7 Rue Pierre Trebutien,Lisieux,14100,14366,14,7 RUE PIERRE TREBUTIEN,46,46,10067.8,10569.1,Gaz naturel + Électricité,False,Gaz / GPL,80.9,476.1,True,80.9,somme_des_seules_energies_electriques_EF,False,1.758695652,229.7630435,47.7173913,2195,1012.9,1012.9,1948-1974,1956,1956,0.223030952,49.15686397,adresse non géocodée ban car aucune correspondance trouvée,0.76,False,14366|7 RUE PIERRE TREBUTIEN,aucun,0,adresse_absente_ou_incomplete,True,942.4323464,,,,,Non appariée,Simulation pédagogique locale,département : médiane + surface/énergie + aléa,20.48765971,True,False,861.5323464,861.5323464,1064.934915,11.64934915,True,11,False
2314E3654755D,4286,2023,2023-10-26,etablissement,2026-01-09,True,conso_enedis_kwh,conso_enedis_kwh:simulation_locale_graine_fixe,Appartement,D,D,5/7 Rue Pierre Trebutien,7 Rue Pierre Trebutien 14100 Lisieux,7 Rue Pierre Trebutien,Lisieux,14100,14366,14,7 RUE PIERRE TREBUTIEN,46,46,10067.8,10569.1,Gaz naturel + Électricité,False,Gaz / GPL,80.9,476.1,True,80.9,somme_des_seules_energies_electriques_EF,False,1.758695652,229.7630435,47.7173913,2195,1012.9,1012.9,1948-1974,1956,1956,0.223030952,49.15686397,adresse non géocodée ban car aucune correspondance trouvée,0.76,False,14366|7 RUE PIERRE TREBUTIEN,aucun,0,adresse_absente_ou_incomplete,True,942.4323464,,,,,Non appariée,Simulation pédagogique locale,département : médiane + surface/énergie + aléa,20.48765971,True,False,861.5323464,861.5323464,1064.934915,11.64934915,True,11,False
2314E3656894K,9003,2023,2023-10-26,etablissement,2026-01-09,True,conso_enedis_kwh,conso_enedis_kwh:simulation_locale_graine_fixe,Appartement,D,D,5/7 Rue Pierre Trebutien,7 Rue Pierre Trebutien 14100 Lisieux,7 Rue Pierre Trebutien,Lisieux,14100,14366,14,7 RUE PIERRE TREBUTIEN,46,46,10067.8,10569.1,Gaz naturel + Électricité,False,Gaz / GPL,80.9,476.1,True,80.9,somme_des_seules_energies_electriques_EF,False,1.758695652,229.7630435,47.7173913,2195,1012.9,1012.9,1948-1974,1956,1956,0.223030952,49.15686397,adresse non géocodée ban car aucune correspondance trouvée,0.76,False,14366|7 RUE PIERRE TREBUTIEN,aucun,0,adresse_absente_ou_incomplete,True,942.4323464,,,,,Non appariée,Simulation pédagogique locale,département : médiane + surface/énergie + aléa,20.48765971,True,False,861.5323464,861.5323464,1064.934915,11.64934915,True,11,False
2314E3676457V,9375,2023,2023-10-26,etablissement,2026-01-09,True,conso_enedis_kwh,conso_enedis_kwh:simulation_locale_graine_fixe,Appartement,D,D,21/23/25 MARIN BOURGEOIS,Rue Marin Bourgeois 14100 Lisieux,Rue Marin Bourgeois,Lisieux,14100,14366,14,RUE MARIN BOURGEOIS,69,69,13718.1,14386.9,Gaz naturel + Électricité,False,Gaz / GPL,94.9,648.2,True,94.9,somme_des_seules_energies_electriques_EF,False,1.375362319,208.5057971,43.38405797,2993.5,1293.2,1293.2,1948-1974,1956,1956,0.2244650274,49.15612401,adresse non géocodée ban car aucune correspondance trouvée,0.59,False,DPE:2314E3676457V,aucun,0,adresse_absente_ou_incomplete,True,1091.715787,,,,,Non appariée,Simulation pédagogique locale,département : médiane + surface/énergie + aléa,15.82196793,True,False,996.8157875,996.8157875,1050.385445,11.50385445,True,1,False
2314E3693791N,2978,2023,2023-10-24,etablissement,2026-01-09,True,conso_enedis_kwh,conso_enedis_kwh:simulation_locale_graine_fixe,Appartement,D,D,Résidence de la Druelle,Residence de la Druelle 14160 Dives-sur-Mer,Residence de la Druelle,Dives-sur-Mer,14160,14225,14,RESIDENCE DE LA DRUELLE,52,52,7426,8016.1,Gaz naturel + Électricité,False,Gaz / GPL,89.9,565.8,True,89.9,somme_des_seules_energies_electriques_EF,False,1.728846154,154.1557692,30.37115385,1579.3,862.5,862.5,1983-1988,1987,1987,-0.09486497781,49.28367202,adresse non géocodée ban car aucune correspondance trouvée,0.81,False,DPE:2314E3693791N,aucun,0,adresse_absente_ou_incomplete,True,1167.997862,,,,,Non appariée,Simulation pédagogique locale,commune : médiane + surface/énergie + aléa,22.46149735,True,False,1078.097862,1078.097862,1199.218979,12.99218979,True,1,False
2314E3694256K,9210,2023,2023-10-24,etablissement,2026-01-09,True,conso_enedis_kwh,conso_enedis_kwh:simulation_locale_graine_fixe,Appartement,D,D,Résidence de la Druelle,Residence de la Druelle 14160 Dives-sur-Mer,Residence de la Druelle,Dives-sur-Mer,14160,14225,14,RESIDENCE DE LA DRUELLE,61,61,10696,11467.2,Gaz naturel + Électricité,False,Gaz / GPL,130.9,725.9,True,130.9,somme_des_seules_energies_electriques_EF,False,2.145901639,187.9868852,37.52295082,2288.9,1121.3,1121.3,1983-1988,1987,1987,-0.09486497781,49.28367202,adresse non géocodée ban car aucune correspondance trouvée,0.81,False,DPE:2314E3694256K,aucun,0,adresse_absente_ou_incomplete,True,1971.035577,,,,,Non appariée,Simulation pédagogique locale,commune : médiane + surface/énergie + aléa,32.31205864,True,False,1840.135577,1840.135577,1405.756743,15.05756743,True,1,False
2314E3694693F,6286,2023,2023-10-24,etablissement,2026-01-09,True,conso_enedis_kwh,conso_enedis_kwh:simulation_locale_graine_fixe,Appartement,D,D,Résidence de la Druelle,Residence de la Druelle 14160 Dives-sur-Mer,Residence de la Druelle,Dives-sur-Mer,14160,14225,14,RESIDENCE DE LA DRUELLE,75,75,11597.2,12499.8,Gaz naturel + Électricité,False,Gaz / GPL,145.8,857.1,True,145.8,somme_des_seules_energies_electriques_EF,False,1.944,166.664,32.93066667,2469.8,1212.2,1212.2,1983-1988,1987,1987,-0.09486497781,49.28367202,adresse non géocodée ban car aucune correspondance trouvée,0.81,False,DPE:2314E3694693F,aucun,0,adresse_absente_ou_incomplete,True,2130.145192,,,,,Non appariée,Simulation pédagogique locale,commune : médiane + surface/énergie + aléa,28.4019359,True,False,1984.345192,1984.345192,1361.004933,14.61004933,True,1,False
2314E3695708G,5641,2023,2023-10-24,etablissement,2026-01-09,True,conso_enedis_kwh,conso_enedis_kwh:simulation_locale_graine_fixe,Appartement,D,D,Résidence de la Druelle,Residence de la Druelle 14160 Dives-sur-Mer,Residence de la Druelle,Dives-sur-Mer,14160,14225,14,RESIDENCE DE LA DRUELLE,62,62,8802.9,9513.9,Gaz naturel + Électricité,False,Gaz / GPL,109.6,680.4,True,109.6,somme_des_seules_energies_electriques_EF,False,1.767741935,153.45,30.16290323,1870.1,982.6,982.6,1983-1988,1987,1987,-0.09486497781,49.28367202,adresse non géocodée ban car aucune correspondance trouvée,0.81,False,DPE:2314E3695708G,aucun,0,adresse_absente_ou_incomplete,True,2823.442474,,,,,Non appariée,Simulation pédagogique locale,commune : médiane + surface/énergie + aléa,45.53939475,True,False,2713.842474,2713.842474,2476.133645,25.76133645,True,1,False
2314E3695923N,8284,2023,2023-10-24,etablissement,2026-01-09,True,conso_enedis_kwh,conso_enedis_kwh:simulation_locale_graine_fixe,Appartement,D,D,Résidence de la Druelle,Residence de la Druelle 14160 Dives-sur-Mer,Residence de la Druelle,Dives-sur-Mer,14160,14225,14,RESIDENCE DE LA DRUELLE,47,47,8064.8,8643.8,Gaz naturel + Électricité,False,Gaz / GPL,96,547.3,True,96,somme_des_seules_energies_electriques_EF,False,2.042553191,183.9106383,36.72978723,1726.3,901.4,901.4,1983-1988,1987,1987,-0.09486497781,49.28367202,adresse non géocodée ban car aucune correspondance trouvée,0.81,False,DPE:2314E3695923N,aucun,0,adresse_absente_ou_incomplete,True,2077.569376,,,,,Non appariée,Simulation pédagogique locale,commune : médiane + surface/énergie + aléa,44.20360374,True,False,1981.569376,1981.569376,2064.134766,21.64134766,True,1,False
2314E3718328G,9776,2023,2023-11-02,etablissement,2026-01-09,True,conso_enedis_kwh,conso_enedis_kwh:simulation_locale_graine_fixe,Maison,D,D,12 ALPHONSE ALLAIS,12 Rue Alphonse Allais 14430 Dozulé,12 Rue Alphonse Allais,Dozulé,14430,14229,14,12 RUE ALPHONSE ALLAIS,80,80,16790.8,17745.1,Gaz naturel + Électricité,False,Gaz / GPL,1060.3,0,False,1060.3,somme_des_seules_energies_electriques_EF,False,13.25375,221.81375,45,3600,1557,1557,2006-2012,2006,2006,-0.03766405697,49.23202703,adresse non géocodée ban car aucune correspondance trouvée,0.7,False,14229|12 RUE ALPHONSE ALLAIS,aucun,0,adresse_absente_ou_incomplete,True,3252.106935,,,,,Non appariée,Simulation pédagogique locale,département : médiane + surface/énergie + aléa,40.65133669,True,False,2191.806935,2191.806935,206.7157347,3.067157347,True,1,False
2314E3720149H,9945,2023,2023-11-02,etablissement,2026-01-09,True,conso_enedis_kwh,conso_enedis_kwh:simulation_locale_graine_fixe,Maison,D,D,16 ALPHONSE ALLAIS,16 Rue Alphonse Allais 14430 Dozulé,16 Rue Alphonse Allais,Dozulé,14430,14229,14,16 RUE ALPHONSE ALLAIS,80,80,11979.1,12922.3,Gaz naturel + Électricité,False,Gaz / GPL,1048,0,False,1048,somme_des_seules_energies_electriques_EF,False,13.1,161.52875,31,2480,1241,1241,2006-2012,2006,2006,-0.03803403366,49.23183796,adresse non géocodée ban car aucune correspondance trouvée,0.7,False,14229|16 RUE ALPHONSE ALLAIS,aucun,0,adresse_absente_ou_incomplete,True,1443.059529,,,,,Non appariée,Simulation pédagogique locale,département : médiane + surface/énergie + aléa,18.03824412,True,False,395.0595295,395.0595295,37.69651999,1.3769652,True,1,False
2314E3737114U,7053,2023,2023-11-02,etablissement,2026-01-09,True,conso_enedis_kwh,conso_enedis_kwh:simulation_locale_graine_fixe,Maison,D,D,9 RUE FRANZ SCHUBERT,9 Rue Franz Schubert 14370 Moult-Chicheboville,9 Rue Franz Schubert,Moult-Chicheboville,14370,14456,14,9 RUE FRANZ SCHUBERT,83,83,12267.3,13118.5,Gaz naturel + Électricité,False,Gaz / GPL,945.8,-0.1,False,945.8,somme_des_seules_energies_electriques_EF,False,11.39518072,158.0542169,31,2573,1243,1243,1983-1988,1984,1984,-0.1682409884,49.11591102,adresse non géocodée ban car aucune correspondance trouvée,0.81,False,14456|9 RUE FRANZ SCHUBERT,aucun,0,adresse_absente_ou_incomplete,True,1648.766549,,,,,Non appariée,Simulation pédagogique locale,département : médiane + surface/énergie + aléa,19.86465721,True,False,702.9665487,702.9665487,74.32507388,1.743250739,True,1,False
2314E3737835N,1999,2023,2023-11-02,etablissement,2026-01-09,True,conso_enedis_kwh,conso_enedis_kwh:simulation_locale_graine_fixe,Maison,D,D,8 RUE FRANZ SCHUBERT,8 Rue Franz Schubert 14370 Moult-Chicheboville,8 Rue Franz Schubert,Moult-Chicheboville,14370,14456,14,8 RUE FRANZ SCHUBERT,83,83,12221.2,13071.8,Gaz naturel + Électricité,False,Gaz / GPL,945.1,0.1,False,945.1,somme_des_seules_energies_electriques_EF,False,11.38674699,157.4915663,31,2573,1240,1240,1983-1988,1984,1984,-0.1679719765,49.115919,adresse non géocodée ban car aucune correspondance trouvée,0.81,False,14456|8 RUE FRANZ SCHUBERT,aucun,0,adresse_absente_ou_incomplete,True,1341.435678,,,,,Non appariée,Simulation pédagogique locale,département : médiane + surface/énergie + aléa,16.16187564,True,False,396.3356782,396.3356782,41.93584575,1.419358457,True,1,False
2314E3754272S,8047,2023,2023-11-02,etablissement,2026-01-09,True,conso_enedis_kwh,conso_enedis_kwh:simulation_locale_graine_fixe,Maison,D,D,4 RUE FRANZ SCHUBERT,4 Rue Franz Schubert 14370 Moult-Chicheboville,4 Rue Franz Schubert,Moult-Chicheboville,14370,14456,14,4 RUE FRANZ SCHUBERT,67,67,10634.4,11436.3,Gaz naturel + Électricité,False,Gaz / GPL,891,0,False,891,somme_des_seules_energies_electriques_EF,False,13.29850746,170.6910448,33,2211,1125,1125,1983-1988,1984,1984,-0.1676390245,49.116065,adresse non géocodée ban car aucune correspondance trouvée,0.81,False,14456|4 RUE FRANZ SCHUBERT,aucun,0,adresse_absente_ou_incomplete,True,1159.500539,,,,,Non appariée,Simulation pédagogique locale,département : médiane + surface/énergie + aléa,17.30597819,True,False,268.5005389,268.5005389,30.13474061,1.301347406,True,1,False
2314E3764125R,7843,2023,2023-11-06,etablissement,2026-01-09,True,conso_enedis_kwh,conso_enedis_kwh:simulation_locale_graine_fixe,Maison,C,B,6 Rue Fontaine d’Arlette,6 Rue Fontaine d’Arlette 14160 Dives-sur-Mer,6 Rue Fontaine d’Arlette,Dives-sur-Mer,14160,14225,14,6 RUE FONTAINE D ARLETTE,83.1,83.1,6834.9,12986.3,Électricité,True,Électricité,6834.9,0,False,6834.9,total_EF_logement_tout_electrique,False,82.24909747,156.2731649,5.998796631,498.5,1169,1169,2006-2012,2012,2012,-0.1089899663,49.28233002,adresse non géocodée ban car aucune correspondance trouvée,0.81,False,14225|6 RUE FONTAINE D ARLETTE,aucun,0,adresse_absente_ou_incomplete,True,5178.343884,,,,,Non appariée,Simulation pédagogique locale,commune : médiane + surface/énergie + aléa,62.3146075,True,False,-1656.556116,1656.556116,-24.23672792,0.7576327208,True,1,False
2314E3767185J,9623,2023,2023-11-06,etablissement,2026-01-09,True,conso_enedis_kwh,conso_enedis_kwh:simulation_locale_graine_fixe,Appartement,C,C,16 RUE DE LISBONNE,16 Rue de Lisbonne 14120 Mondeville,16 Rue de Lisbonne,Mondeville,14120,14437,14,16 RUE DE LISBONNE,68,68,8696.5,9387.8,Gaz naturel + Électricité,False,Gaz / GPL,768.1,0,False,768.1,somme_des_seules_energies_electriques_EF,False,11.29558824,138.0558824,27,1836,970,970,1989-2000,1992,1992,-0.3100479864,49.17044102,adresse non géocodée ban car aucune correspondance trouvée,0.8,False,14437|16 RUE DE LISBONNE,aucun,0,adresse_absente_ou_incomplete,True,919.781981,,,,,Non appariée,Simulation pédagogique locale,département : médiane + surface/énergie + aléa,13.5262056,True,False,151.681981,151.681981,19.74768662,1.197476866,True,1,False
2314E3784680G,4972,2023,2023-11-07,etablissement,2026-01-09,True,conso_enedis_kwh,conso_enedis_kwh:simulation_locale_graine_fixe,Appartement,D,D,22 RUE DE LISBONNE,22 Rue de Lisbonne 14120 Mondeville,22 Rue de Lisbonne,Mondeville,14120,14437,14,22 RUE DE LISBONNE,54.8,54.8,8098.6,8687.4,Gaz naturel + Électricité,False,Gaz / GPL,654.2,9.094947018e-13,False,654.2,somme_des_seules_energies_electriques_EF,False,11.9379562,158.5291971,31,1698.8,906,906,1989-2000,1992,1992,-0.3104370413,49.17026501,adresse non géocodée ban car aucune correspondance trouvée,0.8,False,14437|22 RUE DE LISBONNE,aucun,0,adresse_absente_ou_incomplete,True,1538.666102,,,,,Non appariée,Simulation pédagogique locale,département : médiane + surface/énergie + aléa,28.07784858,True,False,884.466102,884.466102,135.1981201,2.351981201,True,1,False
2314E3791859J,9278,2023,2023-11-08,etablissement,2026-01-09,True,conso_enedis_kwh,conso_enedis_kwh:simulation_locale_graine_fixe,Maison,D,D,58 Rue du Nord,58 Rue du Nord 14160 Dives-sur-Mer,58 Rue du Nord,Dives-sur-Mer,14160,14225,14,58 RUE DU NORD,65.1,65.1,10267.5,10944.3,Gaz naturel + Électricité,False,Gaz / GPL,752,0,False,752,somme_des_seules_energies_electriques_EF,False,11.55145929,168.1152074,32.97542243,2146.7,1069,1069,2001-2005,2002,2002,-0.1089770516,49.28363196,adresse non géocodée ban car aucune correspondance trouvée,0.8,False,14225|58 RUE DU NORD,aucun,0,adresse_absente_ou_incomplete,True,2638.948877,,,,,Non appariée,Simulation pédagogique locale,commune : médiane + surface/énergie + aléa,40.53684911,True,False,1886.948877,1886.948877,250.9240528,3.509240528,True,1,False
2314E3812609L,8890,2023,2023-11-08,etablissement,2026-01-09,True,conso_enedis_kwh,conso_enedis_kwh:simulation_locale_graine_fixe,Maison,D,D,11 Impasse le Pre de Paris,11 Impasse le Pre de Paris 14340 Bonnebosq,11 Impasse le Pre de Paris,Bonnebosq,14340,14083,14,11 IMPASSE LE PRE DE PARIS,77.1,77.1,12862.3,13681,Gaz naturel + Électricité,False,Gaz / GPL,909.8,0,False,909.8,somme_des_seules_energies_electriques_EF,False,11.8002594,177.4448768,35.01426719,2699.6,1274,1274,2001-2005,2003,2003,0.0812219654,49.20573501,adresse non géocodée ban car aucune correspondance trouvée,0.8,False,14083|11 IMPASSE LE PRE DE PARIS,aucun,0,adresse_absente_ou_incomplete,True,1265.683669,,,,,Non appariée,Simulation pédagogique locale,département : médiane + surface/énergie + aléa,16.4161306,True,False,355.8836693,355.8836693,39.1166926,1.391166926,True,1,False
2314E3822063B,8168,2023,2023-11-09,etablissement,2026-01-09,True,conso_enedis_kwh,conso_enedis_kwh:simulation_locale_graine_fixe,Appartement,E,C,21 de Bretagne,21 Rue de Bretagne 14500 Vire Normandie,21 Rue de Bretagne,Vire Normandie,14500,14762,14,21 RUE DE BRETAGNE,57,57,14111.3,14325.9,Réseau de Chauffage urbain + Gaz naturel + Électricité,False,Réseau de chaleur,56.1,182.3,True,56.1,somme_des_seules_energies_electriques_EF,False,0.9842105263,251.3315789,18.01754386,1027,1221.5,1221.5,1948-1974,1966,1966,-0.8764549306,48.85505897,adresse non géocodée ban car aucune correspondance trouvée,0.53,False,14762|21 RUE DE BRETAGNE,aucun,0,adresse_absente_ou_incomplete,True,925.4075346,,,,,Non appariée,Simulation pédagogique locale,département : médiane + surface/énergie + aléa,16.2352199,True,False,869.3075346,869.3075346,1549.567798,16.49567798,True,1,False
2314E3822111X,3888,2023,2023-11-09,etablissement,2026-01-09,True,adresse;conso_enedis_kwh,adresse:reconstruction_adresse_brute;conso_enedis_kwh:simulation_locale_graine_fixe,Appartement,E,C,22 de Bretagne,Rue de Bretagne 14500 Vire Normandie,22 de Bretagne,Vire Normandie,14500,14762,14,22 DE BRETAGNE,57,57,14111.3,14325.9,Réseau de Chauffage urbain + Gaz naturel + Électricité,False,Réseau de chaleur,56.1,182.3,True,56.1,somme_des_seules_energies_electriques_EF,False,0.9842105263,251.3315789,18.01754386,1027,1221.5,1221.5,1948-1974,1966,1966,-0.8771519462,48.85429902,adresse non géocodée ban car aucune correspondance trouvée,0.49,False,14762|22 DE BRETAGNE,aucun,0,adresse_absente_ou_incomplete,True,1148.608109,,,,,Non appariée,Simulation pédagogique locale,département : médiane + surface/énergie + aléa,20.15101946,True,False,1092.508109,1092.508109,1947.429785,20.47429785,True,2,False
2314E3822118E,3239,2023,2023-11-09,etablissement,2026-01-09,True,adresse;conso_enedis_kwh,adresse:reconstruction_adresse_brute;conso_enedis_kwh:simulation_locale_graine_fixe,Appartement,E,C,22 de Bretagne,Rue de Bretagne 14500 Vire Normandie,22 de Bretagne,Vire Normandie,14500,14762,14,22 DE BRETAGNE,57,57,14111.3,14325.9,Réseau de Chauffage urbain + Gaz naturel + Électricité,False,Réseau de chaleur,56.1,182.3,True,56.1,somme_des_seules_energies_electriques_EF,False,0.9842105263,251.3315789,18.01754386,1027,1221.5,1221.5,1948-1974,1966,1966,-0.8771519462,48.85429902,adresse non géocodée ban car aucune correspondance trouvée,0.49,False,14762|22 DE BRETAGNE,aucun,0,adresse_absente_ou_incomplete,True,1148.608109,,,,,Non appariée,Simulation pédagogique locale,département : médiane + surface/énergie + aléa,20.15101946,True,False,1092.508109,1092.508109,1947.429785,20.47429785,True,2,False
2314E3822137X,1299,2023,2023-11-09,etablissement,2026-01-09,True,adresse;conso_enedis_kwh,adresse:reconstruction_adresse_brute;conso_enedis_kwh:simulation_locale_graine_fixe,Appartement,E,C,23 de Bretagne,Rue de Bretagne 14500 Vire Normandie,23 de Bretagne,Vire Normandie,14500,14762,14,23 DE BRETAGNE,57,57,14111.3,14325.9,Réseau de Chauffage urbain + Gaz naturel + Électricité,False,Réseau de chaleur,56.1,182.3,True,56.1,somme_des_seules_energies_electriques_EF,False,0.9842105263,251.3315789,18.01754386,1027,1221.5,1221.5,1948-1974,1966,1966,-0.8771519462,48.85429902,adresse non géocodée ban car aucune correspondance trouvée,0.49,False,14762|23 DE BRETAGNE,aucun,0,adresse_absente_ou_incomplete,True,2426.821491,,,,,Non appariée,Simulation pédagogique locale,département : médiane + surface/énergie + aléa,42.57581564,True,False,2370.721491,2370.721491,4225.885011,43.25885011,True,2,False
2314E3822173H,7601,2023,2023-11-09,etablissement,2026-01-09,True,adresse;conso_enedis_kwh,adresse:reconstruction_adresse_brute;conso_enedis_kwh:simulation_locale_graine_fixe,Appartement,E,C,23 de Bretagne,Rue de Bretagne 14500 Vire Normandie,23 de Bretagne,Vire Normandie,14500,14762,14,23 DE BRETAGNE,67,67,16587,16839.2,Réseau de Chauffage urbain + Gaz naturel + Électricité,False,Réseau de chaleur,66,214.3,True,66,somme_des_seules_energies_electriques_EF,False,0.9850746269,251.3313433,18.01641791,1207.1,1435.8,1435.8,1948-1974,1966,1966,-0.8771519462,48.85429902,adresse non géocodée ban car aucune correspondance trouvée,0.49,False,14762|23 DE BRETAGNE,aucun,0,adresse_absente_ou_incomplete,True,2426.821491,,,,,Non appariée,Simulation pédagogique locale,département : médiane + surface/énergie + aléa,36.22121629,True,False,2360.821491,2360.821491,3577.00226,36.7700226,True,2,False
2314E3867970S,3594,2023,2023-11-14,etablissement,2026-01-09,True,conso_enedis_kwh,conso_enedis_kwh:simulation_locale_graine_fixe,Maison,D,D,29 RUE DES JONCHETS,29 Rue des Jontchets 14123 Cormelles-le-Royal,29 Rue des Jontchets,Cormelles-le-Royal,14123,14181,14,29 RUE DES JONTCHETS,78,78,12564.5,13401.5,Gaz naturel + Électricité,False,Gaz / GPL,930,0,False,930,somme_des_seules_energies_electriques_EF,False,11.92307692,171.8141026,34,2652,1260,1260,1983-1988,1987,1987,-0.3395020135,49.16406999,adresse non géocodée ban car aucune correspondance trouvée,0.76,False,14181|29 RUE DES JONTCHETS,aucun,0,adresse_absente_ou_incomplete,True,1768.926459,,,,,Non appariée,Simulation pédagogique locale,commune : médiane + surface/énergie + aléa,22.67854435,True,False,838.9264589,838.9264589,90.20714612,1.902071461,True,1,False
2314E3879541T,8844,2023,2023-11-15,etablissement,2026-01-09,True,conso_enedis_kwh,conso_enedis_kwh:simulation_locale_graine_fixe,Maison,D,D,19 RUE DES JONCHETS,19 Rue des Jontchets 14123 Cormelles-le-Royal,19 Rue des Jontchets,Cormelles-le-Royal,14123,14181,14,19 RUE DES JONTCHETS,93,93,13084.2,13959.3,Gaz naturel + Électricité,False,Gaz / GPL,972.3,1.818989404e-12,False,972.3,somme_des_seules_energies_electriques_EF,False,10.45483871,150.1,30,2790,1303,1303,1983-1988,1987,1987,-0.3388600474,49.16362896,adresse non géocodée ban car aucune correspondance trouvée,0.76,False,14181|19 RUE DES JONTCHETS,aucun,0,adresse_absente_ou_incomplete,True,1243.372516,,,,,Non appariée,Simulation pédagogique locale,commune : médiane + surface/énergie + aléa,13.36959694,True,False,271.0725158,271.0725158,27.87951412,1.278795141,True,1,False
2314E3893943R,4430,2023,2023-11-13,etablissement,2026-01-09,True,conso_enedis_kwh,conso_enedis_kwh:simulation_locale_graine_fixe,Appartement,C,A,10 RUE DES JARDINS - APPT 15,10 Rue des Jardins 14540 Soliers,10 Rue des Jardins,Soliers,14540,14675,14,10 RUE DES JARDINS,70,70,5676.3,10784.9,Électricité,True,Électricité,5676.3,0,False,5676.3,total_EF_logement_tout_electrique,False,81.09,154.07,5,350,987,987,1983-1988,1986,1986,-0.2925409421,49.13282799,adresse non géocodée ban car aucune correspondance trouvée,0.71,False,14675|10 RUE DES JARDINS,aucun,0,adresse_absente_ou_incomplete,True,3309.58511,,,,,Non appariée,Simulation pédagogique locale,département : médiane + surface/énergie + aléa,47.27978729,True,False,-2366.71489,2366.71489,-41.69467593,0.5830532407,True,1,False
2314E3894826Q,8989,2023,2023-11-14,etablissement,2026-01-09,True,conso_enedis_kwh,conso_enedis_kwh:simulation_locale_graine_fixe,Appartement,C,B,2 RUE PIERRE MENDES FRANCE - APPT 1,2 Rue Pierre Mendes France 14540 Soliers,2 Rue Pierre Mendes France,Soliers,14540,14675,14,2 RUE PIERRE MENDES FRANCE,69.2,69.2,5669.6,10772.2,Électricité,True,Électricité,5669.6,0,False,5669.6,total_EF_logement_tout_electrique,False,81.93063584,155.6676301,6,415.2,986,986,1983-1988,1986,1986,-0.2919790523,49.13229004,adresse non géocodée ban car aucune correspondance trouvée,0.76,False,14675|2 RUE PIERRE MENDES FRANCE,aucun,0,adresse_absente_ou_incomplete,True,2782.641516,,,,,Non appariée,Simulation pédagogique locale,département : médiane + surface/énergie + aléa,40.2115826,True,False,-2886.958484,2886.958484,-50.91996762,0.4908003238,True,1,False
2314E3895499N,218,2023,2023-11-16,etablissement,2026-01-09,True,conso_enedis_kwh,conso_enedis_kwh:simulation_locale_graine_fixe,Maison,D,D,20 RUE DES SURETS,20 Rue des Surets 14123 Cormelles-le-Royal,20 Rue des Surets,Cormelles-le-Royal,14123,14181,14,20 RUE DES SURETS,78,78,13252,13860.2,Gaz naturel + Électricité,False,Gaz / GPL,675.8,0,False,675.8,somme_des_seules_energies_electriques_EF,False,8.664102564,177.6948718,37,2886,1247,1247,1983-1988,1987,1987,-0.3390990539,49.16328398,adresse non géocodée ban car aucune correspondance trouvée,0.81,False,14181|20 RUE DES SURETS,aucun,0,adresse_absente_ou_incomplete,True,910.5173031,,,,,Non appariée,Simulation pédagogique locale,commune : médiane + surface/énergie + aléa,11.67329876,True,False,234.7173031,234.7173031,34.73177022,1.347317702,True,1,False
2314E3907710E,860,2023,2023-11-14,etablissement,2026-01-09,True,conso_enedis_kwh,conso_enedis_kwh:simulation_locale_graine_fixe,Appartement,C,B,4 RUE DES JARDINS APPT 33,4 Rue des Jardins 14540 Soliers,4 Rue des Jardins,Soliers,14540,14675,14,4 RUE DES JARDINS,46,46,4336.9,8240.1,Électricité,True,Électricité,4336.9,0,False,4336.9,total_EF_logement_tout_electrique,False,94.28043478,179.1326087,6,276,781,781,1983-1988,1986,1986,-0.2927890073,49.13261,adresse non géocodée ban car aucune correspondance trouvée,0.67,False,14675|4 RUE DES JARDINS,aucun,0,adresse_absente_ou_incomplete,True,3092.742579,,,,,Non appariée,Simulation pédagogique locale,département : médiane + surface/énergie + aléa,67.23353433,True,False,-1244.157421,1244.157421,-28.68771291,0.7131228709,True,1,False
2314E3909517R,609,2023,2023-11-15,etablissement,2026-01-09,True,conso_enedis_kwh,conso_enedis_kwh:simulation_locale_graine_fixe,Maison,D,D,3 RUE DES SURETS,3 Rue des Surets 14123 Cormelles-le-Royal,3 Rue des Surets,Cormelles-le-Royal,14123,14181,14,3 RUE DES SURETS,65,65,13832.2,14656.9,Gaz naturel + Électricité,False,Gaz / GPL,916.3,1.818989404e-12,False,916.3,somme_des_seules_energies_electriques_EF,False,14.09692308,225.4907692,46,2990,1339,1339,1983-1988,1987,1987,-0.3395299983,49.16286204,adresse non géocodée ban car aucune correspondance trouvée,0.81,False,14181|3 RUE DES SURETS,aucun,0,adresse_absente_ou_incomplete,True,850.258028,,,,,Non appariée,Simulation pédagogique locale,commune : médiane + surface/énergie + aléa,13.08089274,True,False,-66.04197203,66.04197203,-7.207461751,0.9279253825,True,1,False
2314E3942205X,5902,2023,2023-11-20,etablissement,2026-01-09,True,conso_enedis_kwh,conso_enedis_kwh:simulation_locale_graine_fixe,Maison,F,F,25 DU DOCTEUR DERRIEN,25 Rue du Docteur Derrien 14370 Argences,25 Rue du Docteur Derrien,Argences,14370,14020,14,25 RUE DU DOCTEUR DERRIEN,55,55,20525.8,21325.4,Gaz naturel + Électricité,False,Gaz / GPL,888.4,-3.637978807e-12,False,888.4,somme_des_seules_energies_electriques_EF,False,16.15272727,387.7345455,82,4510,1770,1770,1948-1974,1961,1961,-0.1688379563,49.12543501,adresse non géocodée ban car aucune correspondance trouvée,0.72,False,14020|25 RUE DU DOCTEUR DERRIEN,aucun,0,adresse_absente_ou_incomplete,True,1418.669666,,,,,Non appariée,Simulation pédagogique locale,département : médiane + surface/énergie + aléa,25.79399394,True,False,530.2696665,530.2696665,59.68816597,1.59688166,True,1,False
2314E3942468A,1837,2023,2023-11-20,etablissement,2026-01-09,True,conso_enedis_kwh,conso_enedis_kwh:simulation_locale_graine_fixe,Maison,F,F,17 DU DOCTEUR DERRIEN,17 Rue du Docteur Derrien 14370 Argences,17 Rue du Docteur Derrien,Argences,14370,14020,14,17 RUE DU DOCTEUR DERRIEN,55,55,20385.9,21185.2,Gaz naturel + Électricité,False,Gaz / GPL,888.1,0.1,False,888.1,somme_des_seules_energies_electriques_EF,False,16.14727273,385.1854545,81,4455,1760,1760,1948-1974,1961,1961,-0.1681820233,49.12529798,adresse non géocodée ban car aucune correspondance trouvée,0.72,False,14020|17 RUE DU DOCTEUR DERRIEN,aucun,0,adresse_absente_ou_incomplete,True,1434.829908,,,,,Non appariée,Simulation pédagogique locale,département : médiane + surface/énergie + aléa,26.08781652,True,False,546.7299085,546.7299085,61.56175076,1.615617508,True,1,False
2314E3942849R,42,2023,2023-11-20,etablissement,2026-01-09,True,conso_enedis_kwh,conso_enedis_kwh:simulation_locale_graine_fixe,Maison,F,F,19 DU DOCTEUR DERRIEN,19 Rue du Docteur Derrien 14370 Argences,19 Rue du Docteur Derrien,Argences,14370,14020,14,19 RUE DU DOCTEUR DERRIEN,55,55,20385.9,21185.2,Gaz naturel + Électricité,False,Gaz / GPL,888.1,0.1,False,888.1,somme_des_seules_energies_electriques_EF,False,16.14727273,385.1854545,81,4455,1760,1760,1948-1974,1961,1961,-0.1683370449,49.12530397,adresse non géocodée ban car aucune correspondance trouvée,0.72,False,14020|19 RUE DU DOCTEUR DERRIEN,aucun,0,adresse_absente_ou_incomplete,True,1019.289502,,,,,Non appariée,Simulation pédagogique locale,département : médiane + surface/énergie + aléa,18.53253639,True,False,131.1895017,131.1895017,14.77192903,1.14771929,True,1,False
2314E3952114A,9630,2023,2023-11-21,etablissement,2026-01-09,True,conso_enedis_kwh,conso_enedis_kwh:simulation_locale_graine_fixe,Maison,G,F,20 DU DOCTEUR DERRIEN,20 Rue du Docteur Derrien 14370 Argences,20 Rue du Docteur Derrien,Argences,14370,14020,14,20 RUE DU DOCTEUR DERRIEN,55,55,22665.1,23470.2,Gaz naturel + Électricité,False,Gaz / GPL,894.5,0,False,894.5,somme_des_seules_energies_electriques_EF,False,16.26363636,426.7309091,90,4950,1911,1911,1948-1974,1961,1961,-0.1684119389,49.12530901,adresse non géocodée ban car aucune correspondance trouvée,0.72,False,14020|20 RUE DU DOCTEUR DERRIEN,aucun,0,adresse_absente_ou_incomplete,True,1247.639626,,,,,Non appariée,Simulation pédagogique locale,département : médiane + surface/énergie + aléa,22.68435683,True,False,353.1396256,353.1396256,39.47899671,1.394789967,True,1,False
2314E3952712A,5631,2023,2023-11-21,etablissement,2026-01-09,True,conso_enedis_kwh,conso_enedis_kwh:simulation_locale_graine_fixe,Maison,C,C,40 RUE MARGUERITE DURAS,40 Rue Marguerite Duras 14370 Moult-Chicheboville,40 Rue Marguerite Duras,Moult-Chicheboville,14370,14456,14,40 RUE MARGUERITE DURAS,82.2,82.2,8313.2,9017.7,Gaz naturel + Électricité,False,Gaz / GPL,782.7,0,False,782.7,somme_des_seules_energies_electriques_EF,False,9.52189781,109.7043796,21,1726.2,949,949,2001-2005,2002,2002,-0.1710149699,49.11596503,adresse non géocodée ban car aucune correspondance trouvée,0.66,False,14456|40 RUE MARGUERITE DURAS,aucun,0,adresse_absente_ou_incomplete,True,1603.398055,,,,,Non appariée,Simulation pédagogique locale,département : médiane + surface/énergie + aléa,19.50605906,True,False,820.6980545,820.6980545,104.8547406,2.048547406,True,1,False
2314E3953201V,4795,2023,2023-10-24,etablissement,2026-01-09,True,conso_enedis_kwh,conso_enedis_kwh:simulation_locale_graine_fixe,Maison,D,D,7 RUE FRANZ SCHUBERT MOULT,7 Rue Franz Schubert 14370 Moult-Chicheboville,7 Rue Franz Schubert,Moult-Chicheboville,14370,14456,14,7 RUE FRANZ SCHUBERT,83,83,13227.7,14090.5,Gaz naturel + Électricité,False,Gaz / GPL,958.7,0,False,958.7,somme_des_seules_energies_electriques_EF,False,11.55060241,169.7650602,34,2822,1310,1310,1983-1988,1984,1984,-0.1678739423,49.11590296,adresse non géocodée ban car aucune correspondance trouvée,0.57,False,14456|7 RUE FRANZ SCHUBERT,aucun,0,adresse_absente_ou_incomplete,True,1535.644396,,,,,Non appariée,Simulation pédagogique locale,département : médiane + surface/énergie + aléa,18.50173971,True,False,576.9443957,576.9443957,60.17986813,1.601798681,True,1,False
2314E3966373L,4438,2023,2023-11-10,etablissement,2026-01-09,True,conso_enedis_kwh,conso_enedis_kwh:simulation_locale_graine_fixe,Maison,D,B,5 Louis Fresnel,5 Rue Louis Fresnel 14140 Livarot-Pays-d'Auge,5 Rue Louis Fresnel,Livarot-Pays-d'Auge,14140,14371,14,5 RUE LOUIS FRESNEL,98.5,98.5,10622.3,20182.3,Électricité,True,Électricité,10622.3,0,False,10622.3,total_EF_logement_tout_electrique,False,107.8406091,204.8964467,8.002030457,788.2,1766,1766,1983-1988,1983,1983,0.2550149625,49.04030103,adresse non géocodée ban car aucune correspondance trouvée,0.47,False,14371|5 RUE LOUIS FRESNEL,aucun,0,adresse_absente_ou_incomplete,True,3725.349715,,,,,Non appariée,Simulation pédagogique locale,département : médiane + surface/énergie + aléa,37.82080929,True,False,-6896.950285,6896.950285,-64.92897287,0.3507102713,True,1,False
2314E3966723X,5476,2023,2023-11-10,etablissement,2026-01-09,True,conso_enedis_kwh,conso_enedis_kwh:simulation_locale_graine_fixe,Maison,D,B,9 Louis Fresnel,9 Rue Louis Fresnel 14140 Livarot-Pays-d'Auge,9 Rue Louis Fresnel,Livarot-Pays-d'Auge,14140,14371,14,9 RUE LOUIS FRESNEL,87.4,87.4,8913.5,16935.6,Électricité,True,Électricité,8913.5,0,False,8913.5,total_EF_logement_tout_electrique,False,101.9851259,193.771167,7.00228833,612,1496,1496,1983-1988,1983,1983,0.2548700384,49.04005003,adresse non géocodée ban car aucune correspondance trouvée,0.47,False,14371|9 RUE LOUIS FRESNEL,aucun,0,adresse_absente_ou_incomplete,True,3540.552593,,,,,Non appariée,Simulation pédagogique locale,département : médiane + surface/énergie + aléa,40.50975507,True,False,-5372.947407,5372.947407,-60.2787615,0.397212385,True,1,False
2314E3966838I,3087,2023,2023-11-21,etablissement,2026-01-09,True,conso_enedis_kwh,conso_enedis_kwh:simulation_locale_graine_fixe,Maison,G,G,11 DE LA GARE,11 Rue de la Gare 14370 Argences,11 Rue de la Gare,Argences,14370,14020,14,11 RUE DE LA GARE,38,38,17597,18363.2,Gaz naturel + Électricité,False,Gaz / GPL,851.4,0,False,851.4,somme_des_seules_energies_electriques_EF,False,22.40526316,483.2421053,101,3838,1571,1571,1948-1974,1961,1961,-0.1698389667,49.12572401,adresse non géocodée ban car aucune correspondance trouvée,0.69,False,14020|11 RUE DE LA GARE,aucun,0,adresse_absente_ou_incomplete,True,1224.559569,,,,,Non appariée,Simulation pédagogique locale,département : médiane + surface/énergie + aléa,32.22525181,True,False,373.1595687,373.1595687,43.8289369,1.438289369,True,1,False
2314E3967011Z,475,2023,2023-11-16,etablissement,2026-01-09,True,conso_enedis_kwh,conso_enedis_kwh:simulation_locale_graine_fixe,Maison,C,C,42 RUE D'ATHENES,42 Rue d'Athènes 14123 Ifs,42 Rue d'Athènes,Ifs,14123,14341,14,42 RUE D ATHENES,77.5,77.5,9182.7,9880.8,Gaz naturel + Électricité,False,Gaz / GPL,775.7,0,False,775.7,somme_des_seules_energies_electriques_EF,False,10.00903226,127.4941935,25,1937.5,1003,1003,1989-2000,1990,1990,-0.3447320073,49.14352799,adresse non géocodée ban car aucune correspondance trouvée,0.78,False,14341|42 RUE D ATHENES,aucun,0,adresse_absente_ou_incomplete,True,2121.763659,,,,,Non appariée,Simulation pédagogique locale,commune : médiane + surface/énergie + aléa,27.3775956,True,False,1346.063659,1346.063659,173.5288976,2.735288976,True,1,False
2314E3970654C,8055,2023,2023-11-22,etablissement,2026-01-09,True,conso_enedis_kwh,conso_enedis_kwh:simulation_locale_graine_fixe,Maison,C,C,18 Rue Alphonse Allais,18 Rue Alphonse Allais 14430 Dozulé,18 Rue Alphonse Allais,Dozulé,14430,14229,14,18 RUE ALPHONSE ALLAIS,78.2,78.2,7375.6,7951.2,Gaz naturel + Électricité,False,Gaz / GPL,639.6,0,False,639.6,somme_des_seules_energies_electriques_EF,False,8.179028133,101.6777494,20.00255754,1564.2,855,855,après 2021,2013,2013,-0.03821697859,49.23173204,adresse non géocodée ban car aucune correspondance trouvée,0.79,False,14229|18 RUE ALPHONSE ALLAIS,aucun,0,adresse_absente_ou_incomplete,True,1742.181336,,,,,Non appariée,Simulation pédagogique locale,département : médiane + surface/énergie + aléa,22.2785337,True,False,1102.581336,1102.581336,172.386075,2.72386075,True,1,False
2314E3973417J,4329,2023,2023-11-22,etablissement,2026-01-09,True,conso_enedis_kwh,conso_enedis_kwh:simulation_locale_graine_fixe,Maison,D,D,13 DES ERGALANCIERS,13 Allee des Ergalanciers 14123 Cormelles-le-Royal,13 Allee des Ergalanciers,Cormelles-le-Royal,14123,14181,14,13 ALLEE DES ERGALANCIERS,68,68,13460.3,14282.8,Gaz naturel + Électricité,False,Gaz / GPL,913.8,0,False,913.8,somme_des_seules_energies_electriques_EF,False,13.43823529,210.0411765,42,2856,1315,1315,1983-1988,1985,1985,-0.339141012,49.16230097,adresse non géocodée ban car aucune correspondance trouvée,0.72,False,14181|13 ALLEE DES ERGALANCIERS,aucun,0,adresse_absente_ou_incomplete,True,775.1784174,,,,,Non appariée,Simulation pédagogique locale,commune : médiane + surface/énergie + aléa,11.39968261,True,False,-138.6215826,138.6215826,-15.16979455,0.8483020545,True,1,False
2314E3983685H,1961,2023,2023-10-13,etablissement,2026-01-09,True,conso_enedis_kwh,conso_enedis_kwh:simulation_locale_graine_fixe,Maison,C,C,35 Hauts des prés,35 Rue des Hauts Prés 14800 Touques,35 Rue des Hauts Prés,Touques,14800,14699,14,35 RUE DES HAUTS PRES,67.6,67.6,9228.2,9911,Gaz naturel + Électricité,False,Gaz / GPL,758.8,1.818989404e-12,False,758.8,somme_des_seules_energies_electriques_EF,False,11.22485207,146.612426,29,1960.4,1003,1003,1989-2000,1989,1989,0.1020940662,49.35116897,adresse non géocodée ban car aucune correspondance trouvée,0.7,False,14699|35 RUE DES HAUTS PRES,aucun,0,adresse_absente_ou_incomplete,True,1671.448903,,,,,Non appariée,Simulation pédagogique locale,département : médiane + surface/énergie + aléa,24.72557549,True,False,912.648903,912.648903,120.2752903,2.202752903,True,1,False
2314E4000834W,9870,2023,2023-11-23,etablissement,2026-01-09,True,conso_enedis_kwh,conso_enedis_kwh:simulation_locale_graine_fixe,Maison,D,D,77 DU COTI,77 Avenue du Coti 14123 Cormelles-le-Royal,77 Avenue du Coti,Cormelles-le-Royal,14123,14181,14,77 AVENUE DU COTI,80.3,80.3,12484.7,13194.6,Gaz naturel + Électricité,False,Gaz / GPL,788.7,0,False,788.7,somme_des_seules_energies_electriques_EF,False,9.821917808,164.3163138,33.00871731,2650.6,1222,1222,2006-2012,2008,2008,-0.3381900436,49.16589297,adresse non géocodée ban car aucune correspondance trouvée,0.68,False,14181|77 AVENUE DU COTI,aucun,0,adresse_absente_ou_incomplete,True,1378.018819,,,,,Non appariée,Simulation pédagogique locale,commune : médiane + surface/énergie + aléa,17.16088193,True,False,589.3188194,589.3188194,74.72027633,1.747202763,True,1,False
2314E4033414Y,1751,2023,2023-11-15,etablissement,2026-01-09,True,conso_enedis_kwh,conso_enedis_kwh:simulation_locale_graine_fixe,Appartement,C,C,22 Nicolas oresme,22 Boulevard Nicolas Oresme 14100 Lisieux,22 Boulevard Nicolas Oresme,Lisieux,14100,14366,14,22 BOULEVARD NICOLAS ORESME,69.1,69.1,7233,9962.2,Gaz naturel + Électricité,False,Gaz / GPL,2500.6,531.9,True,2500.6,somme_des_seules_energies_electriques_EF,False,36.18813314,144.170767,16.65267728,1150.7,865,865,2006-2012,2006,2006,0.2241410527,49.15475802,adresse non géocodée ban car aucune correspondance trouvée,0.62,False,14366|22 BOULEVARD NICOLAS ORESME,aucun,0,adresse_absente_ou_incomplete,True,1942.569806,,,,,Non appariée,Simulation pédagogique locale,département : médiane + surface/énergie + aléa,28.11244293,True,False,-558.0301937,558.0301937,-22.31585194,0.7768414806,True,1,False
2314E4043652S,6982,2023,2023-11-06,etablissement,2026-01-09,True,conso_enedis_kwh,conso_enedis_kwh:simulation_locale_graine_fixe,Maison,D,D,15 ALLEE DES CYCLAMENS,15 Impasse des Cyclamens 14123 Ifs,15 Impasse des Cyclamens,Ifs,14123,14341,14,15 IMPASSE DES CYCLAMENS,70,70,12631.9,13466.7,Gaz naturel + Électricité,False,Gaz / GPL,927.5,0,False,927.5,somme_des_seules_energies_electriques_EF,False,13.25,192.3814286,38,2660,1264,1264,1948-1974,1969,1969,-0.3488289953,49.14420599,adresse non géocodée ban car aucune correspondance trouvée,0.55,False,14341|15 IMPASSE DES CYCLAMENS,aucun,0,adresse_absente_ou_incomplete,True,1656.246621,,,,,Non appariée,Simulation pédagogique locale,commune : médiane + surface/énergie + aléa,23.66066601,True,False,728.7466208,728.7466208,78.57106423,1.785710642,True,1,False
2314E4045637B,2651,2023,2023-11-06,etablissement,2026-01-09,True,adresse;conso_enedis_kwh,adresse:reconstruction_adresse_brute;conso_enedis_kwh:simulation_locale_graine_fixe,Maison,D,D,14 RUE MOZART MOULT,Rue Mozart 14370 Moult-Chicheboville,14 RUE MOZART MOULT,Moult-Chicheboville,14370,14456,14,14 RUE MOZART MOULT,49,49,7720.3,8486,Gaz naturel + Électricité,False,Gaz / GPL,850.8,0,False,850.8,somme_des_seules_energies_electriques_EF,False,17.36326531,173.1836735,32,1568,925,925,1989-2000,1991,1991,-0.1671770321,49.11779997,adresse non géocodée ban car aucune correspondance trouvée,0.43,False,14456|14 RUE MOZART MOULT,aucun,0,adresse_absente_ou_incomplete,True,1693.051354,,,,,Non appariée,Simulation pédagogique locale,département : médiane + surface/énergie + aléa,34.55206845,True,False,842.251354,842.251354,98.99522262,1.989952226,True,1,False
2314E4047500S,1483,2023,2023-10-25,etablissement,2026-01-09,True,conso_enedis_kwh,conso_enedis_kwh:simulation_locale_graine_fixe,Appartement,C,C,2 RUE DE LISBONNE,2 Rue de Lisbonne 14120 Mondeville,2 Rue de Lisbonne,Mondeville,14120,14437,14,2 RUE DE LISBONNE,64.5,64.5,8828.7,9495.1,Gaz naturel + Électricité,False,Gaz / GPL,740.4,0,False,740.4,somme_des_seules_energies_electriques_EF,False,11.47906977,147.2108527,28.99534884,1870.2,972,972,1989-2000,1992,1992,-0.3096890415,49.17045701,adresse non géocodée ban car aucune correspondance trouvée,0.8,False,14437|2 RUE DE LISBONNE,aucun,0,adresse_absente_ou_incomplete,True,874.4017668,,,,,Non appariée,Simulation pédagogique locale,département : médiane + surface/énergie + aléa,13.55661654,True,False,134.0017668,134.0017668,18.09856386,1.180985639,True,1,False
2314E4054324E,8488,2023,2023-10-16,etablissement,2026-01-09,True,conso_enedis_kwh,conso_enedis_kwh:simulation_locale_graine_fixe,Appartement,C,C,eugenie cotton,Rue Eugénie Cotton 14160 Dives-sur-Mer,Rue Eugénie Cotton,Dives-sur-Mer,14160,14225,14,RUE EUGENIE COTTON,77,77,7703.3,8522.4,Gaz naturel + Électricité,False,Gaz / GPL,85.6,824.6,True,85.6,somme_des_seules_energies_electriques_EF,False,1.111688312,110.6805195,20.79220779,1601,937.8,937.8,1948-1974,1948,1948,-0.1031550206,49.28657102,adresse non géocodée ban car aucune correspondance trouvée,0.72,False,DPE:2314E4054324E,aucun,0,adresse_absente_ou_incomplete,True,2864.413062,,,,,Non appariée,Simulation pédagogique locale,commune : médiane + surface/énergie + aléa,37.20016963,True,False,2778.813062,2778.813062,3246.276941,33.46276941,True,1,False
2314E4054419V,9246,2023,2023-10-16,etablissement,2026-01-09,True,conso_enedis_kwh,conso_enedis_kwh:simulation_locale_graine_fixe,Appartement,C,C,eugenie cotton,Rue Eugénie Cotton 14160 Dives-sur-Mer,Rue Eugénie Cotton,Dives-sur-Mer,14160,14225,14,RUE EUGENIE COTTON,77,77,10166.2,11048.1,Gaz naturel + Électricité,False,Gaz / GPL,105.9,874.1,True,105.9,somme_des_seules_energies_electriques_EF,False,1.375324675,143.4818182,27.90519481,2148.7,1114.4,1114.4,1948-1974,1948,1948,-0.1031550206,49.28657102,adresse non géocodée ban car aucune correspondance trouvée,0.72,False,DPE:2314E4054419V,aucun,0,adresse_absente_ou_incomplete,True,4027.390513,,,,,Non appariée,Simulation pédagogique locale,commune : médiane + surface/énergie + aléa,52.3037729,True,False,3921.490513,3921.490513,3703.01276,38.0301276,True,1,False
2314E4054435L,4828,2023,2023-10-16,etablissement,2026-01-09,True,conso_enedis_kwh,conso_enedis_kwh:simulation_locale_graine_fixe,Appartement,C,C,eugenie cotton,Rue Eugénie Cotton 14160 Dives-sur-Mer,Rue Eugénie Cotton,Dives-sur-Mer,14160,14225,14,RUE EUGENIE COTTON,66,66,6273.9,6964.8,Gaz naturel + Électricité,False,Gaz / GPL,69.8,697.8,True,69.8,somme_des_seules_energies_electriques_EF,False,1.057575758,105.5272727,19.69242424,1299.7,812.4,812.4,1948-1974,1948,1948,-0.1031550206,49.28657102,adresse non géocodée ban car aucune correspondance trouvée,0.72,False,DPE:2314E4054435L,aucun,0,adresse_absente_ou_incomplete,True,2333.268322,,,,,Non appariée,Simulation pédagogique locale,commune : médiane + surface/énergie + aléa,35.35255034,True,False,2263.468322,2263.468322,3242.791293,33.42791293,True,1,False
2314E4054459J,5169,2023,2023-10-16,etablissement,2026-01-09,True,conso_enedis_kwh,conso_enedis_kwh:simulation_locale_graine_fixe,Appartement,D,D,eugenie cotton,Rue Eugénie Cotton 14160 Dives-sur-Mer,Rue Eugénie Cotton,Dives-sur-Mer,14160,14225,14,RUE EUGENIE COTTON,71,71,11842.9,12716.5,Gaz naturel + Électricité,False,Gaz / GPL,117.1,853.5,True,117.1,somme_des_seules_energies_electriques_EF,False,1.649295775,179.1056338,35.64507042,2530.8,1221.8,1221.8,1948-1974,1948,1948,-0.1031550206,49.28657102,adresse non géocodée ban car aucune correspondance trouvée,0.72,False,DPE:2314E4054459J,aucun,0,adresse_absente_ou_incomplete,True,1382.913765,,,,,Non appariée,Simulation pédagogique locale,commune : médiane + surface/énergie + aléa,19.47765866,True,False,1265.813765,1265.813765,1080.968202,11.80968202,True,1,False
2314E4054477B,4623,2023,2023-10-16,etablissement,2026-01-09,True,conso_enedis_kwh,conso_enedis_kwh:simulation_locale_graine_fixe,Appartement,C,C,eugenie cotton,Rue Eugénie Cotton 14160 Dives-sur-Mer,Rue Eugénie Cotton,Dives-sur-Mer,14160,14225,14,RUE EUGENIE COTTON,66,66,8767.9,9521.8,Gaz naturel + Électricité,False,Gaz / GPL,90.1,747.6,True,90.1,somme_des_seules_energies_electriques_EF,False,1.365151515,144.269697,28.0969697,1854.4,991.1,991.1,1948-1974,1948,1948,-0.1031550206,49.28657102,adresse non géocodée ban car aucune correspondance trouvée,0.72,False,DPE:2314E4054477B,aucun,0,adresse_absente_ou_incomplete,True,2498.276559,,,,,Non appariée,Simulation pédagogique locale,commune : médiane + surface/énergie + aléa,37.85267514,True,False,2408.176559,2408.176559,2672.781975,27.72781975,True,1,False
2314E4054520S,956,2023,2023-10-16,etablissement,2026-01-09,True,conso_enedis_kwh,conso_enedis_kwh:simulation_locale_graine_fixe,Appartement,C,C,eugenie cotton,Rue Eugénie Cotton 14160 Dives-sur-Mer,Rue Eugénie Cotton,Dives-sur-Mer,14160,14225,14,RUE EUGENIE COTTON,60,60,7944.4,8627.2,Gaz naturel + Électricité,False,Gaz / GPL,81.1,677.7,True,81.1,somme_des_seules_energies_electriques_EF,False,1.351666667,143.7866667,28.005,1680.3,919.5,919.5,1948-1974,1948,1948,-0.1031550206,49.28657102,adresse non géocodée ban car aucune correspondance trouvée,0.72,False,DPE:2314E4054520S,aucun,0,adresse_absente_ou_incomplete,True,1787.251322,,,,,Non appariée,Simulation pédagogique locale,commune : médiane + surface/énergie + aléa,29.78752203,True,False,1706.151322,1706.151322,2103.762419,22.03762419,True,1,False
2314E4054556C,2380,2023,2023-10-16,etablissement,2026-01-09,True,conso_enedis_kwh,conso_enedis_kwh:simulation_locale_graine_fixe,Appartement,D,D,eugenie cotton,Rue Eugénie Cotton 14160 Dives-sur-Mer,Rue Eugénie Cotton,Dives-sur-Mer,14160,14225,14,RUE EUGENIE COTTON,95,95,14405.7,15545.2,Gaz naturel + Électricité,False,Gaz / GPL,131.1,1135,True,131.1,somme_des_seules_energies_electriques_EF,False,1.38,163.6336842,32.25894737,3064.6,1415.5,1415.5,1948-1974,1948,1948,-0.1031550206,49.28657102,adresse non géocodée ban car aucune correspondance trouvée,0.72,False,DPE:2314E4054556C,aucun,0,adresse_absente_ou_incomplete,True,1682.970174,,,,,Non appariée,Simulation pédagogique locale,commune : médiane + surface/énergie + aléa,17.71547552,True,False,1551.870174,1551.870174,1183.73011,12.8373011,True,1,False
2314E4060783P,8272,2023,2023-11-28,etablissement,2026-01-09,True,conso_enedis_kwh,conso_enedis_kwh:simulation_locale_graine_fixe,Maison,F,E,1 RUE DE L'ACADIE,1 Rue de l'Acadie 14123 Cormelles-le-Royal,1 Rue de l'Acadie,Cormelles-le-Royal,14123,14181,14,1 RUE DE L ACADIE,85.9,85.9,32540.3,33498.2,Gaz naturel + Bois – Bûches + Électricité,False,Gaz / GPL,1064.3,0,False,1064.3,somme_des_seules_energies_electriques_EF,False,12.38998836,389.967404,55.01280559,4725.6,2166,2166,1983-1988,1987,1987,-0.3316189521,49.15902196,adresse non géocodée ban car aucune correspondance trouvée,0.81,False,14181|1 RUE DE L ACADIE,aucun,0,adresse_absente_ou_incomplete,True,1018.549369,,,,,Non appariée,Simulation pédagogique locale,commune : médiane + surface/énergie + aléa,11.85738497,True,False,-45.75063116,45.75063116,-4.298659322,0.9570134068,True,1,False
2314E4079996O,9194,2023,2023-11-29,etablissement,2026-01-09,True,conso_enedis_kwh,conso_enedis_kwh:simulation_locale_graine_fixe,Maison,C,C,6 RUE EMILE COMBES,6 Rue Émile Combe 14370 Moult-Chicheboville,6 Rue Émile Combe,Moult-Chicheboville,14370,14456,14,6 RUE EMILE COMBE,86.4,86.4,9365.6,10079.3,Gaz naturel + Électricité,False,Gaz / GPL,793,0.1,False,793,somme_des_seules_energies_electriques_EF,False,9.178240741,116.6585648,23,1987.2,1019,1019,2006-2012,2008,2008,-0.1687520377,49.112321,adresse non géocodée ban car aucune correspondance trouvée,0.59,False,14456|6 RUE EMILE COMBE,aucun,0,adresse_absente_ou_incomplete,True,2408.873854,,,,,Non appariée,Simulation pédagogique locale,département : médiane + surface/énergie + aléa,27.88048442,True,False,1615.873854,1615.873854,203.7671947,3.037671947,True,1,False
2314E4082632Y,3797,2023,2023-11-29,etablissement,2026-01-09,True,conso_enedis_kwh,conso_enedis_kwh:simulation_locale_graine_fixe,Maison,E,E,27 Rue Pasteur,27 Rue Pasteur 14510 Houlgate,27 Rue Pasteur,Houlgate,14510,14338,14,27 RUE PASTEUR,44,44,12416,13181.5,Gaz naturel + Électricité,False,Gaz / GPL,850.5,-0.1,False,850.5,somme_des_seules_energies_electriques_EF,False,19.32954545,299.5795455,60.04090909,2641.8,1232,1232,1948-1974,1948,1948,-0.07435005533,49.29875101,adresse non géocodée ban car aucune correspondance trouvée,0.78,False,14338|27 RUE PASTEUR,aucun,0,adresse_absente_ou_incomplete,True,1039.4644,,,,,Non appariée,Simulation pédagogique locale,commune : médiane + surface/énergie + aléa,23.6241909,True,False,188.9643997,188.9643997,22.21803641,1.222180364,True,1,False
2314E4082860S,3246,2023,2023-10-23,etablissement,2026-01-09,True,conso_enedis_kwh,conso_enedis_kwh:simulation_locale_graine_fixe,Maison,D,D,21 Rue du Stade,21 Rue du Stade 14540 Soliers,21 Rue du Stade,Soliers,14540,14675,14,21 RUE DU STADE,91,91,14323.2,15213,Gaz naturel + Électricité,False,Gaz / GPL,988.7,0,False,988.7,somme_des_seules_energies_electriques_EF,False,10.86483516,167.1758242,33,3003,1388,1388,1948-1974,1972,1972,-0.2941430591,49.13295698,adresse non géocodée ban car aucune correspondance trouvée,0.78,False,14675|21 RUE DU STADE,aucun,0,adresse_absente_ou_incomplete,True,2103.845125,,,,,Non appariée,Simulation pédagogique locale,département : médiane + surface/énergie + aléa,23.1191772,True,False,1115.145125,1115.145125,112.7890286,2.127890286,True,1,False
2314E4085336Y,7481,2023,2023-11-29,etablissement,2026-01-09,True,conso_enedis_kwh,conso_enedis_kwh:simulation_locale_graine_fixe,Maison,D,D,14 BENJAMIN FRANKLIN,14 Rue Benjamin Franklin 14270 Mézidon Vallée d'Auge,14 Rue Benjamin Franklin,Mézidon Vallée d'Auge,14270,14431,14,14 RUE BENJAMIN FRANKLIN,107,107,18558.4,19511.9,Gaz naturel + Électricité,False,Gaz / GPL,1059.5,0.1,False,1059.5,somme_des_seules_energies_electriques_EF,False,9.901869159,182.3542056,37,3959,1671,1671,1975-1977,1975,1975,-0.05899594628,49.07630396,adresse non géocodée ban car aucune correspondance trouvée,0.51,False,14431|14 RUE BENJAMIN FRANKLIN,aucun,0,adresse_absente_ou_incomplete,True,2593.18383,,,,,Non appariée,Simulation pédagogique locale,département : médiane + surface/énergie + aléa,24.2353629,True,False,1533.68383,1533.68383,144.7554346,2.447554346,True,1,False
2314E4096018U,2320,2023,2023-11-29,etablissement,2026-01-09,True,conso_enedis_kwh,conso_enedis_kwh:simulation_locale_graine_fixe,Maison,E,E,39 PASTEUR,39 Rue Pasteur 14510 Houlgate,39 Rue Pasteur,Houlgate,14510,14338,14,39 RUE PASTEUR,65,65,17438.5,18267.9,Gaz naturel + Électricité,False,Gaz / GPL,921.5,0,False,921.5,somme_des_seules_energies_electriques_EF,False,14.17692308,281.0446154,57.97384615,3768.3,1577,1577,1948-1974,1948,1948,-0.07372599974,49.29837999,adresse non géocodée ban car aucune correspondance trouvée,0.67,False,14338|39 RUE PASTEUR,aucun,0,adresse_absente_ou_incomplete,True,964.2136266,,,,,Non appariée,Simulation pédagogique locale,commune : médiane + surface/énergie + aléa,14.83405579,True,False,42.71362663,42.71362663,4.635228066,1.046352281,True,1,False
2314E4118952W,5369,2023,2023-11-30,etablissement,2026-01-09,True,conso_enedis_kwh,conso_enedis_kwh:simulation_locale_graine_fixe,Maison,E,E,33 PASTEUR,33 Rue Pasteur 14510 Houlgate,33 Rue Pasteur,Houlgate,14510,14338,14,33 RUE PASTEUR,59.3,59.3,18219.2,19055.9,Gaz naturel + Électricité,False,Gaz / GPL,929.8,0,False,929.8,somme_des_seules_energies_electriques_EF,False,15.67959528,321.3473862,66.96121417,3970.8,1629,1629,1948-1974,1948,1948,-0.07400201649,49.29856601,adresse non géocodée ban car aucune correspondance trouvée,0.67,False,14338|33 RUE PASTEUR,aucun,0,adresse_absente_ou_incomplete,True,2373.903466,,,,,Non appariée,Simulation pédagogique locale,commune : médiane + surface/énergie + aléa,40.03209891,True,False,1444.103466,1444.103466,155.3133433,2.553133433,True,1,False
2314E4119921D,6363,2023,2023-11-30,etablissement,2026-01-09,True,conso_enedis_kwh,conso_enedis_kwh:simulation_locale_graine_fixe,Maison,E,E,31 PASTEUR,31 Rue Pasteur 14510 Houlgate,31 Rue Pasteur,Houlgate,14510,14338,14,31 RUE PASTEUR,59.3,59.3,18218.2,19055,Gaz naturel + Électricité,False,Gaz / GPL,929.8,-0.1,False,929.8,somme_des_seules_energies_electriques_EF,False,15.67959528,321.3322091,66.96121417,3970.8,1629,1629,1948-1974,1948,1948,-0.07411996386,49.29863399,adresse non géocodée ban car aucune correspondance trouvée,0.67,False,14338|31 RUE PASTEUR,aucun,0,adresse_absente_ou_incomplete,True,1327.113882,,,,,Non appariée,Simulation pédagogique locale,commune : médiane + surface/énergie + aléa,22.37966074,True,False,397.3138816,397.3138816,42.73111224,1.427311122,True,1,False
2314E4121470S,9846,2023,2023-09-04,etablissement,2026-01-09,True,conso_enedis_kwh,conso_enedis_kwh:simulation_locale_graine_fixe,Appartement,C,C,8-10 Rue du Parc,10 Rue du Parc 14120 Mondeville,10 Rue du Parc,Mondeville,14120,14437,14,10 RUE DU PARC,55.9,55.9,5800.4,6215.4,Gaz naturel + Électricité,False,Gaz / GPL,52.7,408.5,True,52.7,somme_des_seules_energies_electriques_EF,False,0.9427549195,111.1878354,22.21824687,1242,596.2,596.2,2006-2012,2012,2012,-0.3203680268,49.17910804,adresse non géocodée ban car aucune correspondance trouvée,0.79,False,14437|10 RUE DU PARC,aucun,0,adresse_absente_ou_incomplete,True,1365.14255,,,,,Non appariée,Simulation pédagogique locale,département : médiane + surface/énergie + aléa,24.42115474,True,False,1312.44255,1312.44255,2490.40332,25.9040332,True,1,False
2314E4135854Y,7478,2023,2023-12-01,etablissement,2026-01-09,True,conso_enedis_kwh,conso_enedis_kwh:simulation_locale_graine_fixe,Maison,E,E,8 DE LA RENAISSANCE,8 Rue Blanc 14510 Houlgate,8 Rue Blanc,Houlgate,14510,14338,14,8 RUE BLANC,61.1,61.1,17969.9,18819.7,Gaz naturel + Électricité,False,Gaz / GPL,944.2,-0.1,False,944.2,somme_des_seules_energies_electriques_EF,False,15.45335516,308.01473,63.94271686,3906.9,1617,1617,1948-1974,1948,1948,-0.07619894594,49.30017198,adresse non géocodée ban car aucune correspondance trouvée,0.45,False,14338|8 RUE BLANC,aucun,0,adresse_absente_ou_incomplete,True,1824.680865,,,,,Non appariée,Simulation pédagogique locale,commune : médiane + surface/énergie + aléa,29.86384395,True,False,880.4808655,880.4808655,93.25152145,1.932515214,True,1,False
2314E4150494A,4974,2023,2023-10-19,etablissement,2026-01-09,True,conso_enedis_kwh,conso_enedis_kwh:simulation_locale_graine_fixe,Appartement,C,B,2 allee des poetes,2 Allée des Poètes 14810 Merville-Franceville-Plage,2 Allée des Poètes,Merville-Franceville-Plage,14810,14409,14,2 ALLEE DES POETES,58.4,58.4,5264,10001.6,Électricité,True,Électricité,4867,397,True,5264,total_EF_logement_tout_electrique,False,90.1369863,171.260274,6.631849315,387.3,922.3,922.3,2006-2012,2011,2011,-0.2001509333,49.28041399,adresse non géocodée ban car aucune correspondance trouvée,0.64,False,14409|2 ALLEE DES POETES,aucun,0,adresse_absente_ou_incomplete,True,1076.692443,,,,,Non appariée,Simulation pédagogique locale,département : médiane + surface/énergie + aléa,18.43651443,True,False,-4187.307557,4187.307557,-79.54611621,0.2045388379,True,5,False
2314E4157969N,8130,2023,2023-12-04,etablissement,2026-01-09,True,conso_enedis_kwh,conso_enedis_kwh:simulation_locale_graine_fixe,Maison,C,C,45 Rue Paul Doumer,45 Rue Paul Doumer 14100 Lisieux,45 Rue Paul Doumer,Lisieux,14100,14366,14,45 RUE PAUL DOUMER,81.7,81.7,10927.8,11758.9,Gaz naturel + Électricité,False,Gaz / GPL,923.4,0,False,923.4,somme_des_seules_energies_electriques_EF,False,11.30232558,143.9277846,28.01468788,2288.8,1152,1152,2001-2005,2001,2001,0.217566963,49.15924897,adresse non géocodée ban car aucune correspondance trouvée,0.8,False,14366|45 RUE PAUL DOUMER,aucun,0,adresse_absente_ou_incomplete,True,2696.55579,,,,,Non appariée,Simulation pédagogique locale,département : médiane + surface/énergie + aléa,33.00557882,True,False,1773.15579,1773.15579,192.0246686,2.920246686,True,1,False
2314E4172071X,8802,2023,2023-12-05,etablissement,2026-01-09,True,conso_enedis_kwh,conso_enedis_kwh:simulation_locale_graine_fixe,Appartement,D,D,8 DES TUPLIPES,8 Rue des Tulipes 14100 Lisieux,8 Rue des Tulipes,Lisieux,14100,14366,14,8 RUE DES TULIPES,64,64,10536.2,10896,Gaz naturel + Électricité,False,Gaz / GPL,71.7,328.1,True,71.7,somme_des_seules_energies_electriques_EF,False,1.1203125,170.25,36.3609375,2327.1,942.3,942.3,1948-1974,1971,1971,0.2255180257,49.15524597,adresse non géocodée ban car aucune correspondance trouvée,0.62,False,14366|8 RUE DES TULIPES,aucun,0,adresse_absente_ou_incomplete,True,1277.366469,,,,,Non appariée,Simulation pédagogique locale,département : médiane + surface/énergie + aléa,19.95885108,True,False,1205.666469,1205.666469,1681.543193,17.81543193,True,2,False
2314E4172468E,9411,2023,2023-12-05,etablissement,2026-01-09,True,conso_enedis_kwh,conso_enedis_kwh:simulation_locale_graine_fixe,Appartement,C,C,8 DES TUPLIPES,8 Rue des Tulipes 14100 Lisieux,8 Rue des Tulipes,Lisieux,14100,14366,14,8 RUE DES TULIPES,62,62,7050,7334.7,Gaz naturel + Électricité,False,Gaz / GPL,48.8,267.6,True,48.8,somme_des_seules_energies_electriques_EF,False,0.7870967742,118.3016129,24.99032258,1549.4,692.6,692.6,1948-1974,1971,1971,0.2255180257,49.15524597,adresse non géocodée ban car aucune correspondance trouvée,0.62,False,14366|8 RUE DES TULIPES,aucun,0,adresse_absente_ou_incomplete,True,1277.366469,,,,,Non appariée,Simulation pédagogique locale,département : médiane + surface/énergie + aléa,20.60268499,True,False,1228.566469,1228.566469,2517.55424,26.1755424,True,2,False
2314E4173022M,5418,2023,2023-10-30,etablissement,2026-01-09,True,conso_enedis_kwh,conso_enedis_kwh:simulation_locale_graine_fixe,Appartement,C,C,6 RUE DU PARC - Logement 004,6 Rue du Parc 14120 Mondeville,6 Rue du Parc,Mondeville,14120,14437,14,6 RUE DU PARC,70,70,6582.3,9485.5,Gaz naturel + Électricité,False,Gaz / GPL,2542.9,682.8,True,2542.9,somme_des_seules_energies_electriques_EF,False,36.32714286,135.5071429,13.88,971.6,838.7,838.7,2006-2012,2011,2011,-0.3197129367,49.17881998,adresse non géocodée ban car aucune correspondance trouvée,0.59,False,14437|6 RUE DU PARC,aucun,0,adresse_absente_ou_incomplete,True,1893.125073,,,,,Non appariée,Simulation pédagogique locale,département : médiane + surface/énergie + aléa,27.0446439,True,False,-649.7749267,649.7749267,-25.55251589,0.7444748411,True,2,False
2314E4173128O,2009,2023,2023-10-30,etablissement,2026-01-09,True,conso_enedis_kwh,conso_enedis_kwh:simulation_locale_graine_fixe,Appartement,C,C,6 RUE DU PARC - Logement 019,6 Rue du Parc 14120 Mondeville,6 Rue du Parc,Mondeville,14120,14437,14,6 RUE DU PARC,85.6,85.6,8049.2,11599.4,Gaz naturel + Électricité,False,Gaz / GPL,3107.7,836.9,True,3107.7,somme_des_seules_energies_electriques_EF,False,36.30490654,135.5070093,13.8796729,1188.1,998.4,998.4,2006-2012,2011,2011,-0.3197129367,49.17881998,adresse non géocodée ban car aucune correspondance trouvée,0.59,False,14437|6 RUE DU PARC,aucun,0,adresse_absente_ou_incomplete,True,1893.125073,,,,,Non appariée,Simulation pédagogique locale,département : médiane + surface/énergie + aléa,22.11594712,True,False,-1214.574927,1214.574927,-39.08275981,0.6091724019,True,2,False
2314E4176644U,8022,2023,2023-12-05,etablissement,2026-01-09,True,conso_enedis_kwh,conso_enedis_kwh:simulation_locale_graine_fixe,Maison,C,C,1 Rue des Tulipes,1 Rue des Tulipes 14100 Lisieux,1 Rue des Tulipes,Lisieux,14100,14366,14,1 RUE DES TULIPES,89.4,89.4,11900.8,12739.3,Gaz naturel + Électricité,False,Gaz / GPL,931.7,-1.818989404e-12,False,931.7,somme_des_seules_energies_electriques_EF,False,10.42170022,142.4977629,28,2503.2,1216,1216,2006-2012,2006,2006,0.2249729681,49.15536601,adresse non géocodée ban car aucune correspondance trouvée,0.79,False,14366|1 RUE DES TULIPES,aucun,0,adresse_absente_ou_incomplete,True,2149.614626,,,,,Non appariée,Simulation pédagogique locale,département : médiane + surface/énergie + aléa,24.04490633,True,False,1217.914626,1217.914626,130.7196121,2.307196121,True,1,False
2314E4202702A,6845,2023,2023-06-16,etablissement,2026-01-09,True,conso_enedis_kwh,conso_enedis_kwh:simulation_locale_graine_fixe,Appartement,C,C,d'orival,Rue d'Orival 14100 Lisieux,Rue d'Orival,Lisieux,14100,14366,14,RUE D ORIVAL,50,50,5343.4,5555.9,Gaz naturel + Électricité,False,Gaz / GPL,68.5,167.6,True,68.5,somme_des_seules_energies_electriques_EF,False,1.37,111.118,23.498,1174.9,632.1,632.1,1948-1974,1958,1958,0.2348020099,49.13311597,adresse non géocodée ban car aucune correspondance trouvée,0.66,False,DPE:2314E4202702A,aucun,0,adresse_absente_ou_incomplete,True,910.8908784,,,,,Non appariée,Simulation pédagogique locale,département : médiane + surface/énergie + aléa,18.21781757,True,False,842.3908784,842.3908784,1229.767706,13.29767706,True,1,False
2314E4203006S,5841,2023,2023-06-16,etablissement,2026-01-09,True,conso_enedis_kwh,conso_enedis_kwh:simulation_locale_graine_fixe,Appartement,C,C,d'orival,Rue d'Orival 14100 Lisieux,Rue d'Orival,Lisieux,14100,14366,14,RUE D ORIVAL,50,50,6152.8,6392.4,Gaz naturel + Électricité,False,Gaz / GPL,77.2,189.1,True,77.2,somme_des_seules_energies_electriques_EF,False,1.544,127.848,27.074,1353.7,691.8,691.8,1948-1974,1958,1958,0.2348020099,49.13311597,adresse non géocodée ban car aucune correspondance trouvée,0.66,False,DPE:2314E4203006S,aucun,0,adresse_absente_ou_incomplete,True,1152.494882,,,,,Non appariée,Simulation pédagogique locale,département : médiane + surface/énergie + aléa,23.04989763,True,False,1075.294882,1075.294882,1392.869018,14.92869018,True,1,False
2314E4207325V,5123,2023,2023-04-18,etablissement,2026-01-09,True,adresse;conso_enedis_kwh,adresse:reconstruction_adresse_brute;conso_enedis_kwh:simulation_locale_graine_fixe,Maison,D,B,35 Résidence Hauzey,Résidence du Stade 14590 Moyaux,35 Résidence Hauzey,Moyaux,14590,14460,14,35 RESIDENCE HAUZEY,90.2,90.2,10498.2,17926.9,Électricité + Bois – Granulés (pellets) ou briquettes,False,Électricité,8254.1,0,False,8254.1,somme_des_seules_energies_electriques_EF,False,91.50886918,198.7461197,7.003325942,631.7,1527,1527,1989-2000,1999,1999,0.3581260679,49.19680199,adresse non géocodée ban car aucune correspondance trouvée,0.45,False,14460|35 RESIDENCE HAUZEY,aucun,0,adresse_absente_ou_incomplete,True,1722.706569,,,,,Non appariée,Simulation pédagogique locale,département : médiane + surface/énergie + aléa,19.09874245,True,False,-6531.393431,6531.393431,-79.12908047,0.2087091953,True,1,False
2314E4209413D,226,2023,2023-06-16,etablissement,2026-01-09,True,conso_enedis_kwh,conso_enedis_kwh:simulation_locale_graine_fixe,Appartement,D,D,d'orival,Rue d'Orival 14100 Lisieux,Rue d'Orival,Lisieux,14100,14366,14,RUE D ORIVAL,33,33,6851.3,7094.1,Gaz naturel + Électricité,False,Gaz / GPL,78.2,191.5,True,78.2,somme_des_seules_energies_electriques_EF,False,2.36969697,214.9727273,45.80606061,1511.6,738.2,738.2,1948-1974,1958,1958,0.2348020099,49.13311597,adresse non géocodée ban car aucune correspondance trouvée,0.66,False,DPE:2314E4209413D,aucun,0,adresse_absente_ou_incomplete,True,1107.861366,,,,,Non appariée,Simulation pédagogique locale,département : médiane + surface/énergie + aléa,33.57155654,True,False,1029.661366,1029.661366,1316.702514,14.16702514,True,1,False
2314E4209767T,7897,2023,2023-06-16,etablissement,2026-01-09,True,conso_enedis_kwh,conso_enedis_kwh:simulation_locale_graine_fixe,Appartement,C,C,d'orival,Rue d'Orival 14100 Lisieux,Rue d'Orival,Lisieux,14100,14366,14,RUE D ORIVAL,50,50,6152.8,6392.4,Gaz naturel + Électricité,False,Gaz / GPL,77.2,189.1,True,77.2,somme_des_seules_energies_electriques_EF,False,1.544,127.848,27.074,1353.7,691.8,691.8,1948-1974,1958,1958,0.2348020099,49.13311597,adresse non géocodée ban car aucune correspondance trouvée,0.66,False,DPE:2314E4209767T,aucun,0,adresse_absente_ou_incomplete,True,1197.838912,,,,,Non appariée,Simulation pédagogique locale,département : médiane + surface/énergie + aléa,23.95677824,True,False,1120.638912,1120.638912,1451.604808,15.51604808,True,1,False
2314E4209837L,2567,2023,2023-06-16,etablissement,2026-01-09,True,conso_enedis_kwh,conso_enedis_kwh:simulation_locale_graine_fixe,Appartement,C,C,d'orival,Rue d'Orival 14100 Lisieux,Rue d'Orival,Lisieux,14100,14366,14,RUE D ORIVAL,50,50,6762.8,7022.9,Gaz naturel + Électricité,False,Gaz / GPL,83.8,205.3,True,83.8,somme_des_seules_energies_electriques_EF,False,1.676,140.458,29.77,1488.5,736.8,736.8,1948-1974,1958,1958,0.2348020099,49.13311597,adresse non géocodée ban car aucune correspondance trouvée,0.66,False,DPE:2314E4209837L,aucun,0,adresse_absente_ou_incomplete,True,863.0877757,,,,,Non appariée,Simulation pédagogique locale,département : médiane + surface/énergie + aléa,17.26175551,True,False,779.2877757,779.2877757,929.9376798,10.2993768,True,1,False
2314E4211878Y,5619,2023,2023-12-07,etablissement,2026-01-09,True,conso_enedis_kwh,conso_enedis_kwh:simulation_locale_graine_fixe,Maison,D,D,73 DU COTI,73 Avenue du Coti 14123 Cormelles-le-Royal,73 Avenue du Coti,Cormelles-le-Royal,14123,14181,14,73 AVENUE DU COTI,80.3,80.3,11712.7,12417.8,Gaz naturel + Électricité,False,Gaz / GPL,783.4,1.818989404e-12,False,783.4,somme_des_seules_energies_electriques_EF,False,9.755915318,154.6425903,31.00747198,2489.9,1171,1171,2006-2012,2008,2008,-0.3380340663,49.16568097,adresse non géocodée ban car aucune correspondance trouvée,0.68,False,14181|73 AVENUE DU COTI,aucun,0,adresse_absente_ou_incomplete,True,1154.968235,,,,,Non appariée,Simulation pédagogique locale,commune : médiane + surface/énergie + aléa,14.38316607,True,False,371.5682354,371.5682354,47.4302062,1.474302062,True,1,False
2314E4215520A,2585,2023,2023-12-06,etablissement,2026-01-09,True,conso_enedis_kwh,conso_enedis_kwh:simulation_locale_graine_fixe,Appartement,B,B,33 JULES VERNE,33 Rue Jules Verne 14100 Lisieux,33 Rue Jules Verne,Lisieux,14100,14366,14,33 RUE JULES VERNE,69,69,5143.8,5460,Réseau de Chauffage urbain + Électricité,False,Réseau de chaleur,54.1,297.1,True,54.1,somme_des_seules_energies_electriques_EF,False,0.784057971,79.13043478,8.044927536,555.1,479.1,479.1,1975-1977,1976,1976,0.2549229587,49.14589196,adresse non géocodée ban car aucune correspondance trouvée,0.7,False,14366|33 RUE JULES VERNE,aucun,0,adresse_absente_ou_incomplete,True,1225.71817,,,,,Non appariée,Simulation pédagogique locale,département : médiane + surface/énergie + aléa,17.76403144,True,False,1171.61817,1171.61817,2165.652809,22.65652809,True,1,False
2314E4216948Y,9728,2023,2023-12-04,etablissement,2026-01-09,True,conso_enedis_kwh,conso_enedis_kwh:simulation_locale_graine_fixe,Appartement,B,B,100 AMIRAL DE TOURVILLE,100 Rue de l’Amiral de Tourville 14100 Lisieux,100 Rue de l’Amiral de Tourville,Lisieux,14100,14366,14,100 RUE DE L AMIRAL DE TOURVILLE,69,69,4913,5223.8,Réseau de Chauffage urbain + Électricité,False,Réseau de chaleur,52.4,293,True,52.4,somme_des_seules_energies_electriques_EF,False,0.7594202899,75.70724638,7.67826087,529.8,459.6,459.6,1975-1977,1976,1976,0.2547180584,49.14616401,adresse non géocodée ban car aucune correspondance trouvée,0.66,False,14366|100 RUE DE L AMIRAL DE TOURVILLE,aucun,0,adresse_absente_ou_incomplete,True,1454.022981,,,,,Non appariée,Simulation pédagogique locale,département : médiane + surface/énergie + aléa,21.07279683,True,False,1401.622981,1401.622981,2674.853018,27.74853018,True,2,False
2314E4216995T,3597,2023,2023-12-04,etablissement,2026-01-09,True,conso_enedis_kwh,conso_enedis_kwh:simulation_locale_graine_fixe,Appartement,B,B,100 AMIRAL DE TOURVILLE,100 Rue de l’Amiral de Tourville 14100 Lisieux,100 Rue de l’Amiral de Tourville,Lisieux,14100,14366,14,100 RUE DE L AMIRAL DE TOURVILLE,69,69,5094.7,5411.7,Réseau de Chauffage urbain + Électricité,False,Réseau de chaleur,54.4,297.8,True,54.4,somme_des_seules_energies_electriques_EF,False,0.7884057971,78.43043478,7.965217391,549.6,475.4,475.4,1975-1977,1976,1976,0.2547180584,49.14616401,adresse non géocodée ban car aucune correspondance trouvée,0.66,False,14366|100 RUE DE L AMIRAL DE TOURVILLE,aucun,0,adresse_absente_ou_incomplete,True,1454.022981,,,,,Non appariée,Simulation pédagogique locale,département : médiane + surface/énergie + aléa,21.07279683,True,False,1399.622981,1399.622981,2572.836363,26.72836363,True,2,False
2314E4220211L,6037,2023,2023-10-02,etablissement,2026-01-09,True,conso_enedis_kwh,conso_enedis_kwh:simulation_locale_graine_fixe,Appartement,C,C,2 Rue du Parc,2 Rue du Parc 14120 Mondeville,2 Rue du Parc,Mondeville,14120,14437,14,2 RUE DU PARC,63.7,63.7,5779.6,6103.5,Gaz naturel + Électricité,False,Gaz / GPL,59.8,300.1,True,59.8,somme_des_seules_energies_electriques_EF,False,0.9387755102,95.81632653,19.6844584,1253.9,594.3,594.3,après 2021,2013,2013,-0.3185110479,49.17900096,adresse non géocodée ban car aucune correspondance trouvée,0.78,False,14437|2 RUE DU PARC,aucun,0,adresse_absente_ou_incomplete,True,1492.017089,,,,,Non appariée,Simulation pédagogique locale,département : médiane + surface/énergie + aléa,23.42256026,True,False,1432.217089,1432.217089,2395.011854,24.95011854,True,5,False
2314E4220213N,7063,2023,2023-10-02,etablissement,2026-01-09,True,conso_enedis_kwh,conso_enedis_kwh:simulation_locale_graine_fixe,Appartement,C,C,2 Rue du Parc,2 Rue du Parc 14120 Mondeville,2 Rue du Parc,Mondeville,14120,14437,14,2 RUE DU PARC,74.7,74.7,6772.1,7151.6,Gaz naturel + Électricité,False,Gaz / GPL,70.1,351.6,True,70.1,somme_des_seules_energies_electriques_EF,False,0.9384203481,95.73761714,19.66800535,1469.2,696.3,696.3,après 2021,2013,2013,-0.3185110479,49.17900096,adresse non géocodée ban car aucune correspondance trouvée,0.78,False,14437|2 RUE DU PARC,aucun,0,adresse_absente_ou_incomplete,True,1492.017089,,,,,Non appariée,Simulation pédagogique locale,département : médiane + surface/énergie + aléa,19.973455,True,False,1421.917089,1421.917089,2028.412395,21.28412395,True,5,False
2314E4220251Z,781,2023,2023-10-02,etablissement,2026-01-09,True,conso_enedis_kwh,conso_enedis_kwh:simulation_locale_graine_fixe,Appartement,C,C,2 Rue du Parc,2 Rue du Parc 14120 Mondeville,2 Rue du Parc,Mondeville,14120,14437,14,2 RUE DU PARC,74.6,74.6,6769.3,7148.8,Gaz naturel + Électricité,False,Gaz / GPL,70.1,351.4,True,70.1,somme_des_seules_energies_electriques_EF,False,0.9396782842,95.82841823,19.68632708,1468.6,696.1,696.1,après 2021,2013,2013,-0.3185110479,49.17900096,adresse non géocodée ban car aucune correspondance trouvée,0.78,False,14437|2 RUE DU PARC,aucun,0,adresse_absente_ou_incomplete,True,1492.017089,,,,,Non appariée,Simulation pédagogique locale,département : médiane + surface/énergie + aléa,20.00022907,True,False,1421.917089,1421.917089,2028.412395,21.28412395,True,5,False
2314E4220285H,1956,2023,2023-10-02,etablissement,2026-01-09,True,conso_enedis_kwh,conso_enedis_kwh:simulation_locale_graine_fixe,Appartement,C,C,2 Rue du Parc,2 Rue du Parc 14120 Mondeville,2 Rue du Parc,Mondeville,14120,14437,14,2 RUE DU PARC,62.9,62.9,5706.1,6025.9,Gaz naturel + Électricité,False,Gaz / GPL,59.1,296.2,True,59.1,somme_des_seules_energies_electriques_EF,False,0.9395866455,95.80127186,19.68203498,1238,586.7,586.7,après 2021,2013,2013,-0.3185110479,49.17900096,adresse non géocodée ban car aucune correspondance trouvée,0.78,False,14437|2 RUE DU PARC,aucun,0,adresse_absente_ou_incomplete,True,1492.017089,,,,,Non appariée,Simulation pédagogique locale,département : médiane + surface/énergie + aléa,23.72046246,True,False,1432.917089,1432.917089,2424.563602,25.24563602,True,5,False
2314E4220300W,3697,2023,2023-10-02,etablissement,2026-01-09,True,conso_enedis_kwh,conso_enedis_kwh:simulation_locale_graine_fixe,Appartement,C,C,2 Rue du Parc,2 Rue du Parc 14120 Mondeville,2 Rue du Parc,Mondeville,14120,14437,14,2 RUE DU PARC,65.7,65.7,5959.2,6293.2,Gaz naturel + Électricité,False,Gaz / GPL,61.7,309.4,True,61.7,somme_des_seules_energies_electriques_EF,False,0.9391171994,95.7869102,19.67884323,1292.9,612.8,612.8,après 2021,2013,2013,-0.3185110479,49.17900096,adresse non géocodée ban car aucune correspondance trouvée,0.78,False,14437|2 RUE DU PARC,aucun,0,adresse_absente_ou_incomplete,True,1492.017089,,,,,Non appariée,Simulation pédagogique locale,département : médiane + surface/énergie + aléa,22.70954473,True,False,1430.317089,1430.317089,2318.180046,24.18180046,True,5,False
2314E4221135Z,6384,2023,2023-10-19,etablissement,2026-01-09,True,conso_enedis_kwh,conso_enedis_kwh:simulation_locale_graine_fixe,Appartement,C,B,2 allee des poetes,2 Allée des Poètes 14810 Merville-Franceville-Plage,2 Allée des Poètes,Merville-Franceville-Plage,14810,14409,14,2 ALLEE DES POETES,71.9,71.9,6650.8,12636.5,Électricité,True,Électricité,6161.4,489.4,True,6650.8,total_EF_logement_tout_electrique,False,92.50069541,175.7510431,6.867872045,493.8,1140.5,1140.5,2006-2012,2011,2011,-0.2001509333,49.28041399,adresse non géocodée ban car aucune correspondance trouvée,0.64,False,14409|2 ALLEE DES POETES,aucun,0,adresse_absente_ou_incomplete,True,1076.692443,,,,,Non appariée,Simulation pédagogique locale,département : médiane + surface/énergie + aléa,14.97486012,True,False,-5574.107557,5574.107557,-83.81108374,0.1618891626,True,5,False
2314E4225312Q,2707,2023,2023-10-02,etablissement,2026-01-09,True,conso_enedis_kwh,conso_enedis_kwh:simulation_locale_graine_fixe,Appartement,C,C,1 Rue du Parc,1 Rue du Parc 14120 Mondeville,1 Rue du Parc,Mondeville,14120,14437,14,1 RUE DU PARC,64,64,6018.3,6337,Gaz naturel + Électricité,False,Gaz / GPL,58.4,295.7,True,58.4,somme_des_seules_energies_electriques_EF,False,0.9125,99.015625,20.453125,1309,620,620,après 2021,2013,2013,-0.3187419987,49.17879897,adresse non géocodée ban car aucune correspondance trouvée,0.78,False,14437|1 RUE DU PARC,aucun,0,adresse_absente_ou_incomplete,True,1139.982176,,,,,Non appariée,Simulation pédagogique locale,département : médiane + surface/énergie + aléa,17.81222149,True,False,1081.582176,1081.582176,1852.024273,19.52024273,True,1,False
2314E4225321Z,5292,2023,2023-10-19,etablissement,2026-01-09,True,conso_enedis_kwh,conso_enedis_kwh:simulation_locale_graine_fixe,Appartement,C,B,2 allee des poetes,2 Allée des Poètes 14810 Merville-Franceville-Plage,2 Allée des Poètes,Merville-Franceville-Plage,14810,14409,14,2 ALLEE DES POETES,56.7,56.7,4987.6,9476.4,Électricité,True,Électricité,4602.6,385,True,4987.6,total_EF_logement_tout_electrique,False,87.96472663,167.1322751,6.451499118,365.8,878.9,878.9,2006-2012,2011,2011,-0.2001509333,49.28041399,adresse non géocodée ban car aucune correspondance trouvée,0.64,False,14409|2 ALLEE DES POETES,aucun,0,adresse_absente_ou_incomplete,True,1076.692443,,,,,Non appariée,Simulation pédagogique locale,département : médiane + surface/énergie + aléa,18.9892847,True,False,-3910.907557,3910.907557,-78.41261443,0.2158738557,True,5,False
2314E4225389P,9002,2023,2023-10-19,etablissement,2026-01-09,True,conso_enedis_kwh,conso_enedis_kwh:simulation_locale_graine_fixe,Appartement,C,B,2 allee des poetes,2 Allée des Poètes 14810 Merville-Franceville-Plage,2 Allée des Poètes,Merville-Franceville-Plage,14810,14409,14,2 ALLEE DES POETES,56.7,56.7,5004.8,9509.2,Électricité,True,Électricité,4619.8,385,True,5004.8,total_EF_logement_tout_electrique,False,88.2680776,167.7107584,6.474426808,367.1,881.5,881.5,2006-2012,2011,2011,-0.2001509333,49.28041399,adresse non géocodée ban car aucune correspondance trouvée,0.64,False,14409|2 ALLEE DES POETES,aucun,0,adresse_absente_ou_incomplete,True,1076.692443,,,,,Non appariée,Simulation pédagogique locale,département : médiane + surface/énergie + aléa,18.9892847,True,False,-3928.107557,3928.107557,-78.48680382,0.2151319618,True,5,False
2314E4225526W,1317,2023,2023-10-19,etablissement,2026-01-09,True,conso_enedis_kwh,conso_enedis_kwh:simulation_locale_graine_fixe,Appartement,D,B,2 allee des poetes,2 Allée des Poètes 14810 Merville-Franceville-Plage,2 Allée des Poètes,Merville-Franceville-Plage,14810,14409,14,2 ALLEE DES POETES,57.3,57.3,5941,11288,Électricité,True,Électricité,5551.1,389.9,True,5941,total_EF_logement_tout_electrique,False,103.6823735,196.9982548,7.694589878,440.9,1028.8,1028.8,2006-2012,2011,2011,-0.2001509333,49.28041399,adresse non géocodée ban car aucune correspondance trouvée,0.64,False,14409|2 ALLEE DES POETES,aucun,0,adresse_absente_ou_incomplete,True,1076.692443,,,,,Non appariée,Simulation pédagogique locale,département : médiane + surface/énergie + aléa,18.79044403,True,False,-4864.307557,4864.307557,-81.87691563,0.1812308437,True,5,False
2314E4252032I,170,2023,2023-10-11,etablissement,2026-01-09,True,commune;code_postal;departement;code_commune;conso_enedis_kwh,commune:valeur_source_brute_existante;code_postal:valeur_source_brute_existante;departement:code_postal_source;code_commune:commune_departement_uniques_Enedis;conso_enedis_kwh:simulation_locale_graine_fixe,Appartement,D,D,RESIDENCE PLAIN SUD - RUE DE LA MAIRIE Appartement 2,,RESIDENCE PLAIN SUD - RUE DE LA MAIRIE Appartement 2,BOURGUEBUS,14540,14092,14,RESIDENCE PLAIN SUD RUE DE LA MAIRIE APPARTEMENT 2,60.9,60.9,8684.9,9330.3,Gaz naturel + Électricité,False,Gaz / GPL,105.6,611.5,True,105.6,somme_des_seules_energies_electriques_EF,False,1.733990148,153.2068966,30.46305419,1855.2,958.5,958.5,2006-2012,2007,2007,,,adresse non géocodée ban car aucune correspondance trouvée,,False,DPE:2314E4252032I,aucun,0,adresse_absente_ou_incomplete,True,1053.960483,,,,,Non appariée,Simulation pédagogique locale,département : médiane + surface/énergie + aléa,17.30641187,True,False,948.3604831,948.3604831,898.0686393,9.980686393,True,1,False
2314E4252087L,4055,2023,2023-10-11,etablissement,2026-01-09,True,commune;code_postal;departement;code_commune;conso_enedis_kwh,commune:valeur_source_brute_existante;code_postal:valeur_source_brute_existante;departement:code_postal_source;code_commune:commune_departement_uniques_Enedis;conso_enedis_kwh:simulation_locale_graine_fixe,Appartement,C,C,RESIDENCE PLAIN SUD - RUE DE LA MAIRIE Appartement 5,,RESIDENCE PLAIN SUD - RUE DE LA MAIRIE Appartement 5,BOURGUEBUS,14540,14092,14,RESIDENCE PLAIN SUD RUE DE LA MAIRIE APPARTEMENT 5,60,60,6143.1,6696.6,Gaz naturel + Électricité,False,Gaz / GPL,77.3,537.6,True,77.3,somme_des_seules_energies_electriques_EF,False,1.288333333,111.61,21.58,1294.8,769.5,769.5,2006-2012,2007,2007,,,adresse non géocodée ban car aucune correspondance trouvée,,False,DPE:2314E4252087L,aucun,0,adresse_absente_ou_incomplete,True,1310.438273,,,,,Non appariée,Simulation pédagogique locale,département : médiane + surface/énergie + aléa,21.84063788,True,False,1233.138273,1233.138273,1595.262966,16.95262966,True,1,False
2314E4252147T,6309,2023,2023-10-11,etablissement,2026-01-09,True,commune;code_postal;departement;code_commune;conso_enedis_kwh,commune:valeur_source_brute_existante;code_postal:valeur_source_brute_existante;departement:code_postal_source;code_commune:commune_departement_uniques_Enedis;conso_enedis_kwh:simulation_locale_graine_fixe,Appartement,C,C,RESIDENCE PLAIN SUD - RUE DE LA MAIRIE Appartement 8,,RESIDENCE PLAIN SUD - RUE DE LA MAIRIE Appartement 8,BOURGUEBUS,14540,14092,14,RESIDENCE PLAIN SUD RUE DE LA MAIRIE APPARTEMENT 8,48.4,48.4,5143.8,5589.6,Gaz naturel + Électricité,False,Gaz / GPL,62.3,433,True,62.3,somme_des_seules_energies_electriques_EF,False,1.287190083,115.4876033,22.46694215,1087.4,660.6,660.6,2006-2012,2007,2007,,,adresse non géocodée ban car aucune correspondance trouvée,,False,DPE:2314E4252147T,aucun,0,adresse_absente_ou_incomplete,True,1255.19001,,,,,Non appariée,Simulation pédagogique locale,département : médiane + surface/énergie + aléa,25.93367788,True,False,1192.89001,1192.89001,1914.751219,20.14751219,True,1,False
2314E4252183D,1030,2023,2023-10-11,etablissement,2026-01-09,True,conso_enedis_kwh,conso_enedis_kwh:simulation_locale_graine_fixe,Appartement,C,C,RESIDENCE PLAIN SUD - RUE DE LA MAIRIE Appartement 13,Rue de la Mairie 14540 Bourguébus,Rue de la Mairie,Bourguébus,14540,14092,14,RUE DE LA MAIRIE,60,60,6143.1,6696.6,Gaz naturel + Électricité,False,Gaz / GPL,77.3,537.6,True,77.3,somme_des_seules_energies_electriques_EF,False,1.288333333,111.61,21.58,1294.8,769.5,769.5,2006-2012,2007,2007,-0.3010690452,49.12276404,adresse non géocodée ban car aucune correspondance trouvée,0.43,False,DPE:2314E4252183D,aucun,0,adresse_absente_ou_incomplete,True,1196.177401,,,,,Non appariée,Simulation pédagogique locale,département : médiane + surface/énergie + aléa,19.93629002,True,False,1118.877401,1118.877401,1447.448126,15.47448126,True,1,False
2314E4256807Z,1744,2023,2023-10-24,etablissement,2026-01-09,True,conso_enedis_kwh,conso_enedis_kwh:simulation_locale_graine_fixe,Maison,D,D,2 RUE DU CAPITAINE HAY,2 Rue Capitaine Hay 14370 Moult-Chicheboville,2 Rue Capitaine Hay,Moult-Chicheboville,14370,14456,14,2 RUE CAPITAINE HAY,48.4,48.4,9719,10487.3,Gaz naturel + Électricité,False,Gaz / GPL,853.7,0,False,853.7,somme_des_seules_energies_electriques_EF,False,17.63842975,216.6797521,42.01652893,2033.6,1058,1058,1989-2000,1998,1998,-0.1639009676,49.11042902,adresse non géocodée ban car aucune correspondance trouvée,0.57,False,14456|2 RUE CAPITAINE HAY,aucun,0,adresse_absente_ou_incomplete,True,1830.803405,,,,,Non appariée,Simulation pédagogique locale,département : médiane + surface/énergie + aléa,37.82651664,True,False,977.1034052,977.1034052,114.4551254,2.144551254,True,1,False
2314E4257624K,3008,2023,2023-10-25,etablissement,2026-01-09,True,conso_enedis_kwh,conso_enedis_kwh:simulation_locale_graine_fixe,Maison,D,D,4 RUE GENERAL MACZEK MOULT,4 Rue du Général Maczek 14370 Moult-Chicheboville,4 Rue du Général Maczek,Moult-Chicheboville,14370,14456,14,4 RUE DU GENERAL MACZEK,77,77,15900.5,16795.8,Gaz naturel + Électricité,False,Gaz / GPL,994.7,0,False,994.7,somme_des_seules_energies_electriques_EF,False,12.91818182,218.1272727,44,3388,1491,1491,1975-1977,1976,1976,-0.1678009682,49.11642003,adresse non géocodée ban car aucune correspondance trouvée,0.53,False,14456|4 RUE DU GENERAL MACZEK,aucun,0,adresse_absente_ou_incomplete,True,1938.762526,,,,,Non appariée,Simulation pédagogique locale,département : médiane + surface/énergie + aléa,25.1787341,True,False,944.062526,944.062526,94.90927174,1.949092717,True,1,False
2314E4272080K,3817,2023,2023-12-12,etablissement,2026-01-09,True,conso_enedis_kwh,conso_enedis_kwh:simulation_locale_graine_fixe,Maison,D,D,8 IMPASSE BAUDELAIRE,8 Impasse Baudelaire 14120 Mondeville,8 Impasse Baudelaire,Mondeville,14120,14437,14,8 IMPASSE BAUDELAIRE,66,66,10200.3,10882.2,Gaz naturel + Électricité,False,Gaz / GPL,757.6,-1.818989404e-12,False,757.6,somme_des_seules_energies_electriques_EF,False,11.47878788,164.8818182,33,2178,1066,1066,1983-1988,1986,1986,-0.319992996,49.17229496,adresse non géocodée ban car aucune correspondance trouvée,0.8,False,14437|8 IMPASSE BAUDELAIRE,aucun,0,adresse_absente_ou_incomplete,True,2201.626623,,,,,Non appariée,Simulation pédagogique locale,département : médiane + surface/énergie + aléa,33.35797914,True,False,1444.026623,1444.026623,190.6054149,2.906054149,True,1,False
2314E4272538A,8572,2023,2023-10-25,etablissement,2026-01-09,True,conso_enedis_kwh,conso_enedis_kwh:simulation_locale_graine_fixe,Appartement,C,C,30 BOULEVARD CORNEILLE,30 Boulevard Pierre Corneille 14123 Ifs,30 Boulevard Pierre Corneille,Ifs,14123,14341,14,30 BOULEVARD PIERRE CORNEILLE,57.1,57.1,7938.9,8547.8,Gaz naturel + Électricité,False,Gaz / GPL,676.6,-9.094947018e-13,False,676.6,somme_des_seules_energies_electriques_EF,False,11.84938704,149.6987741,29.01050788,1656.5,901,901,1989-2000,2000,2000,-0.350588054,49.15252501,adresse non géocodée ban car aucune correspondance trouvée,0.66,False,14341|30 BOULEVARD PIERRE CORNEILLE,aucun,0,adresse_absente_ou_incomplete,True,1299.441382,,,,,Non appariée,Simulation pédagogique locale,commune : médiane + surface/énergie + aléa,22.75729215,True,False,622.8413815,622.8413815,92.05459378,1.920545938,True,1,False
2314E4278268K,6236,2023,2023-08-28,etablissement,2026-01-09,True,conso_enedis_kwh,conso_enedis_kwh:simulation_locale_graine_fixe,Appartement,C,C,3 Rue des Explorateurs,3 Rue des Explorateurs 14120 Mondeville,3 Rue des Explorateurs,Mondeville,14120,14437,14,3 RUE DES EXPLORATEURS,83.7,83.7,6615.8,7116.5,Gaz naturel + Électricité,False,Gaz / GPL,63.4,492.9,True,63.4,somme_des_seules_energies_electriques_EF,False,0.7574671446,85.02389486,16.86618877,1411.7,678.8,678.8,2006-2012,2010,2010,-0.318260999,49.17980403,adresse non géocodée ban car aucune correspondance trouvée,0.81,False,14437|3 RUE DES EXPLORATEURS,aucun,0,adresse_absente_ou_incomplete,True,1386.354131,,,,,Non appariée,Simulation pédagogique locale,département : médiane + surface/énergie + aléa,16.56337075,True,False,1322.954131,1322.954131,2086.678441,21.86678441,True,1,False
2314E4282120O,2087,2023,2023-09-13,etablissement,2026-01-09,True,conso_enedis_kwh,conso_enedis_kwh:simulation_locale_graine_fixe,Appartement,C,C,5 Rue des Explorateurs,5 Rue des Explorateurs 14120 Mondeville,5 Rue des Explorateurs,Mondeville,14120,14437,14,5 RUE DES EXPLORATEURS,73.8,73.8,6873.5,7421.7,Gaz naturel + Électricité,False,Gaz / GPL,69.8,539.3,True,69.8,somme_des_seules_energies_electriques_EF,False,0.945799458,100.5650407,19.80623306,1461.7,709.1,709.1,2006-2012,2011,2011,-0.318840063,49.17978204,adresse non géocodée ban car aucune correspondance trouvée,0.81,False,14437|5 RUE DES EXPLORATEURS,aucun,0,adresse_absente_ou_incomplete,True,1146.247099,,,,,Non appariée,Simulation pédagogique locale,département : médiane + surface/énergie + aléa,15.53180351,True,False,1076.447099,1076.447099,1542.187821,16.42187821,True,6,False
2314E4282199P,404,2023,2023-09-13,etablissement,2026-01-09,True,conso_enedis_kwh,conso_enedis_kwh:simulation_locale_graine_fixe,Appartement,C,C,5 Rue des Explorateurs,5 Rue des Explorateurs 14120 Mondeville,5 Rue des Explorateurs,Mondeville,14120,14437,14,5 RUE DES EXPLORATEURS,79.7,79.7,7423.2,8015.3,Gaz naturel + Électricité,False,Gaz / GPL,75.3,582.5,True,75.3,somme_des_seules_energies_electriques_EF,False,0.9447929737,100.5683814,19.80677541,1578.6,765.8,765.8,2006-2012,2011,2011,-0.318840063,49.17978204,adresse non géocodée ban car aucune correspondance trouvée,0.81,False,14437|5 RUE DES EXPLORATEURS,aucun,0,adresse_absente_ou_incomplete,True,1146.247099,,,,,Non appariée,Simulation pédagogique locale,département : médiane + surface/énergie + aléa,14.38202131,True,False,1070.947099,1070.947099,1422.240503,15.22240503,True,6,False
2314E4282220K,9394,2023,2023-09-13,etablissement,2026-01-09,True,conso_enedis_kwh,conso_enedis_kwh:simulation_locale_graine_fixe,Appartement,C,C,5 Rue des Explorateurs,5 Rue des Explorateurs 14120 Mondeville,5 Rue des Explorateurs,Mondeville,14120,14437,14,5 RUE DES EXPLORATEURS,65,65,6059.3,6542.6,Gaz naturel + Électricité,False,Gaz / GPL,61.5,475.5,True,61.5,somme_des_seules_energies_electriques_EF,False,0.9461538462,100.6553846,19.82307692,1288.5,625.1,625.1,2006-2012,2011,2011,-0.318840063,49.17978204,adresse non géocodée ban car aucune correspondance trouvée,0.81,False,14437|5 RUE DES EXPLORATEURS,aucun,0,adresse_absente_ou_incomplete,True,1146.247099,,,,,Non appariée,Simulation pédagogique locale,département : médiane + surface/énergie + aléa,17.63457075,True,False,1084.747099,1084.747099,1763.816421,18.63816421,True,6,False
2314E4282237B,336,2023,2023-09-13,etablissement,2026-01-09,True,conso_enedis_kwh,conso_enedis_kwh:simulation_locale_graine_fixe,Appartement,C,C,5 Rue des Explorateurs,5 Rue des Explorateurs 14120 Mondeville,5 Rue des Explorateurs,Mondeville,14120,14437,14,5 RUE DES EXPLORATEURS,65,65,6056.5,6539.6,Gaz naturel + Électricité,False,Gaz / GPL,61.5,475.2,True,61.5,somme_des_seules_energies_electriques_EF,False,0.9461538462,100.6092308,19.81538462,1288,624.8,624.8,2006-2012,2011,2011,-0.318840063,49.17978204,adresse non géocodée ban car aucune correspondance trouvée,0.81,False,14437|5 RUE DES EXPLORATEURS,aucun,0,adresse_absente_ou_incomplete,True,1146.247099,,,,,Non appariée,Simulation pédagogique locale,département : médiane + surface/énergie + aléa,17.63457075,True,False,1084.747099,1084.747099,1763.816421,18.63816421,True,6,False
2314E4284062G,9647,2023,2023-09-13,etablissement,2026-01-09,True,conso_enedis_kwh,conso_enedis_kwh:simulation_locale_graine_fixe,Appartement,C,C,5 Rue des Explorateurs,5 Rue des Explorateurs 14120 Mondeville,5 Rue des Explorateurs,Mondeville,14120,14437,14,5 RUE DES EXPLORATEURS,47.7,47.7,4693.8,5068.2,Gaz naturel + Électricité,False,Gaz / GPL,47.6,368.5,True,47.6,somme_des_seules_energies_electriques_EF,False,0.9979035639,106.2515723,20.9245283,998.1,484.2,484.2,2006-2012,2011,2011,-0.318840063,49.17978204,adresse non géocodée ban car aucune correspondance trouvée,0.81,False,14437|5 RUE DES EXPLORATEURS,aucun,0,adresse_absente_ou_incomplete,True,1146.247099,,,,,Non appariée,Simulation pédagogique locale,département : médiane + surface/énergie + aléa,24.0303375,True,False,1098.647099,1098.647099,2308.08214,24.0808214,True,6,False
2314E4284164E,4960,2023,2023-09-13,etablissement,2026-01-09,True,conso_enedis_kwh,conso_enedis_kwh:simulation_locale_graine_fixe,Appartement,C,C,5 Rue des Explorateurs,5 Rue des Explorateurs 14120 Mondeville,5 Rue des Explorateurs,Mondeville,14120,14437,14,5 RUE DES EXPLORATEURS,65,65,6394.1,6904.1,Gaz naturel + Électricité,False,Gaz / GPL,64.9,501.9,True,64.9,somme_des_seules_energies_electriques_EF,False,0.9984615385,106.2169231,20.91846154,1359.7,659.6,659.6,2006-2012,2011,2011,-0.318840063,49.17978204,adresse non géocodée ban car aucune correspondance trouvée,0.81,False,14437|5 RUE DES EXPLORATEURS,aucun,0,adresse_absente_ou_incomplete,True,1146.247099,,,,,Non appariée,Simulation pédagogique locale,département : médiane + surface/énergie + aléa,17.63457075,True,False,1081.347099,1081.347099,1666.174266,17.66174266,True,6,False
2314E4294238Q,4166,2023,2023-10-24,etablissement,2026-01-09,True,conso_enedis_kwh,conso_enedis_kwh:simulation_locale_graine_fixe,Maison,C,C,19 BIS RUE BRIERE,19bis Rue Brière 14120 Mondeville,19bis Rue Brière,Mondeville,14120,14437,14,19 BIS RUE BRIERE,88,88,11849.6,12826,Gaz naturel + Électricité,False,Gaz / GPL,1084.9,0,False,1084.9,somme_des_seules_energies_electriques_EF,False,12.32840909,145.75,28,2464,1235,1235,1978-1982,1979,1979,-0.3076639537,49.17580202,adresse non géocodée ban car aucune correspondance trouvée,0.73,False,14437|19 BIS RUE BRIERE,aucun,0,adresse_absente_ou_incomplete,True,1493.98617,,,,,Non appariée,Simulation pédagogique locale,département : médiane + surface/énergie + aléa,16.97711556,True,False,409.0861696,409.0861696,37.70726976,1.377072698,True,1,False
2314E4296013X,1343,2023,2023-12-12,etablissement,2026-01-09,True,conso_enedis_kwh,conso_enedis_kwh:simulation_locale_graine_fixe,Maison,D,D,4 Rue Louis Aragon,4 Rue Louis Aragon 14160 Dives-sur-Mer,4 Rue Louis Aragon,Dives-sur-Mer,14160,14225,14,4 RUE LOUIS ARAGON,79,79,12672.6,13525.9,Gaz naturel + Électricité,False,Gaz / GPL,948.1,-0.1,False,948.1,somme_des_seules_energies_electriques_EF,False,12.00126582,171.2139241,34,2686,1271,1271,1989-2000,1992,1992,-0.09467196332,49.28193401,adresse non géocodée ban car aucune correspondance trouvée,0.8,False,14225|4 RUE LOUIS ARAGON,aucun,0,adresse_absente_ou_incomplete,True,2678.066439,,,,,Non appariée,Simulation pédagogique locale,commune : médiane + surface/énergie + aléa,33.89957517,True,False,1729.966439,1729.966439,182.4666637,2.824666637,True,1,False
2314E4296090W,9218,2023,2023-12-12,etablissement,2026-01-09,True,conso_enedis_kwh,conso_enedis_kwh:simulation_locale_graine_fixe,Maison,D,D,11 Rue Louis Aragon,11 Rue Louis Aragon 14160 Dives-sur-Mer,11 Rue Louis Aragon,Dives-sur-Mer,14160,14225,14,11 RUE LOUIS ARAGON,79,79,12671.5,13524.8,Gaz naturel + Électricité,False,Gaz / GPL,948.1,-0.1,False,948.1,somme_des_seules_energies_electriques_EF,False,12.00126582,171.2,34,2686,1271,1271,1989-2000,1992,1992,-0.09486798218,49.28134997,adresse non géocodée ban car aucune correspondance trouvée,0.81,False,14225|11 RUE LOUIS ARAGON,aucun,0,adresse_absente_ou_incomplete,True,3461.433454,,,,,Non appariée,Simulation pédagogique locale,commune : médiane + surface/énergie + aléa,43.81561334,True,False,2513.333454,2513.333454,265.0915994,3.650915994,True,1,False
2314E4298239N,8990,2023,2023-09-11,etablissement,2026-01-09,True,conso_enedis_kwh,conso_enedis_kwh:simulation_locale_graine_fixe,Appartement,C,C,7 Rue des Explorateurs,7 Rue des Explorateurs 14120 Mondeville,7 Rue des Explorateurs,Mondeville,14120,14437,14,7 RUE DES EXPLORATEURS,49.9,49.9,4550.2,4875.8,Gaz naturel + Électricité,False,Gaz / GPL,39.3,322.4,True,39.3,somme_des_seules_energies_electriques_EF,False,0.7875751503,97.71142285,19.52705411,974.4,474.5,474.5,2006-2012,2011,2011,-0.3193220247,49.179665,adresse non géocodée ban car aucune correspondance trouvée,0.81,False,14437|7 RUE DES EXPLORATEURS,aucun,0,adresse_absente_ou_incomplete,True,1418.253179,,,,,Non appariée,Simulation pédagogique locale,département : médiane + surface/énergie + aléa,28.42190739,True,False,1378.953179,1378.953179,3508.786714,36.08786714,True,6,False
2314E4300200Y,2284,2023,2023-09-11,etablissement,2026-01-09,True,conso_enedis_kwh,conso_enedis_kwh:simulation_locale_graine_fixe,Appartement,C,C,7 Rue des Explorateurs,7 Rue des Explorateurs 14120 Mondeville,7 Rue des Explorateurs,Mondeville,14120,14437,14,7 RUE DES EXPLORATEURS,68.5,68.5,6246.3,6693.3,Gaz naturel + Électricité,False,Gaz / GPL,54,442.6,True,54,somme_des_seules_energies_electriques_EF,False,0.7883211679,97.71240876,19.5270073,1337.6,651.4,651.4,2006-2012,2011,2011,-0.3193220247,49.179665,adresse non géocodée ban car aucune correspondance trouvée,0.81,False,14437|7 RUE DES EXPLORATEURS,aucun,0,adresse_absente_ou_incomplete,True,1418.253179,,,,,Non appariée,Simulation pédagogique locale,département : médiane + surface/énergie + aléa,20.70442597,True,False,1364.253179,1364.253179,2526.394775,26.26394775,True,6,False
2314E4300223V,6131,2023,2023-09-11,etablissement,2026-01-09,True,conso_enedis_kwh,conso_enedis_kwh:simulation_locale_graine_fixe,Appartement,C,C,7 Rue des Explorateurs,7 Rue des Explorateurs 14120 Mondeville,7 Rue des Explorateurs,Mondeville,14120,14437,14,7 RUE DES EXPLORATEURS,68.5,68.5,6246.3,6693.3,Gaz naturel + Électricité,False,Gaz / GPL,54,442.6,True,54,somme_des_seules_energies_electriques_EF,False,0.7883211679,97.71240876,19.5270073,1337.6,651.4,651.4,2006-2012,2011,2011,-0.3193220247,49.179665,adresse non géocodée ban car aucune correspondance trouvée,0.81,False,14437|7 RUE DES EXPLORATEURS,aucun,0,adresse_absente_ou_incomplete,True,1418.253179,,,,,Non appariée,Simulation pédagogique locale,département : médiane + surface/énergie + aléa,20.70442597,True,False,1364.253179,1364.253179,2526.394775,26.26394775,True,6,False
2314E4301381J,6595,2023,2023-09-27,etablissement,2026-01-09,True,conso_enedis_kwh,conso_enedis_kwh:simulation_locale_graine_fixe,Appartement,C,C,7 Rue des Explorateurs,7 Rue des Explorateurs 14120 Mondeville,7 Rue des Explorateurs,Mondeville,14120,14437,14,7 RUE DES EXPLORATEURS,66,66,6005.1,6435.6,Gaz naturel + Électricité,False,Gaz / GPL,52,426.5,True,52,somme_des_seules_energies_electriques_EF,False,0.7878787879,97.50909091,19.48181818,1285.8,626.4,626.4,2006-2012,2011,2011,-0.3193220247,49.179665,adresse non géocodée ban car aucune correspondance trouvée,0.81,False,14437|7 RUE DES EXPLORATEURS,aucun,0,adresse_absente_ou_incomplete,True,1418.253179,,,,,Non appariée,Simulation pédagogique locale,département : médiane + surface/énergie + aléa,21.48868453,True,False,1366.253179,1366.253179,2627.409959,27.27409959,True,6,False
2314E4301391T,2839,2023,2023-09-27,etablissement,2026-01-09,True,conso_enedis_kwh,conso_enedis_kwh:simulation_locale_graine_fixe,Appartement,C,C,7 Rue des Explorateurs,7 Rue des Explorateurs 14120 Mondeville,7 Rue des Explorateurs,Mondeville,14120,14437,14,7 RUE DES EXPLORATEURS,69.4,69.4,6316.3,6769.2,Gaz naturel + Électricité,False,Gaz / GPL,54.7,448.5,True,54.7,somme_des_seules_energies_electriques_EF,False,0.788184438,97.5389049,19.4870317,1352.4,658.9,658.9,2006-2012,2011,2011,-0.3193220247,49.179665,adresse non géocodée ban car aucune correspondance trouvée,0.81,False,14437|7 RUE DES EXPLORATEURS,aucun,0,adresse_absente_ou_incomplete,True,1418.253179,,,,,Non appariée,Simulation pédagogique locale,département : médiane + surface/énergie + aléa,20.43592476,True,False,1363.553179,1363.553179,2492.784605,25.92784605,True,6,False
2314E4301411N,5782,2023,2023-09-27,etablissement,2026-01-09,True,conso_enedis_kwh,conso_enedis_kwh:simulation_locale_graine_fixe,Appartement,C,C,7 Rue des Explorateurs,7 Rue des Explorateurs 14120 Mondeville,7 Rue des Explorateurs,Mondeville,14120,14437,14,7 RUE DES EXPLORATEURS,50.7,50.7,4610,4940.6,Gaz naturel + Électricité,False,Gaz / GPL,39.9,327.3,True,39.9,somme_des_seules_energies_electriques_EF,False,0.7869822485,97.44773176,19.46942801,987.1,480.9,480.9,2006-2012,2011,2011,-0.3193220247,49.179665,adresse non géocodée ban car aucune correspondance trouvée,0.81,False,14437|7 RUE DES EXPLORATEURS,aucun,0,adresse_absente_ou_incomplete,True,1418.253179,,,,,Non appariée,Simulation pédagogique locale,département : médiane + surface/énergie + aléa,27.97343548,True,False,1378.353179,1378.353179,3454.519245,35.54519245,True,6,False
2314E4301947D,8092,2023,2023-11-16,etablissement,2026-01-09,True,conso_enedis_kwh,conso_enedis_kwh:simulation_locale_graine_fixe,Maison,D,D,2 RUE DES CLEMATITES,2 Rue des Clématites 14940 Sannerville,2 Rue des Clématites,Sannerville,14940,14666,14,2 RUE DES CLEMATITES,54.8,54.8,11856.1,12634.7,Gaz naturel + Électricité,False,Gaz / GPL,865.1,0,False,865.1,somme_des_seules_energies_electriques_EF,False,15.78649635,230.560219,46,2520.8,1199,1199,1989-2000,2000,2000,-0.224506038,49.17896103,adresse non géocodée ban car aucune correspondance trouvée,0.79,False,14666|2 RUE DES CLEMATITES,aucun,0,adresse_absente_ou_incomplete,True,1639.596527,,,,,Non appariée,Simulation pédagogique locale,département : médiane + surface/énergie + aléa,29.91964465,True,False,774.4965269,774.4965269,89.52682082,1.895268208,True,1,False
2314E4324522K,491,2023,2023-12-01,etablissement,2026-01-09,True,conso_enedis_kwh,conso_enedis_kwh:simulation_locale_graine_fixe,Appartement,C,C,39 RUE DU CASTAGNIER APPARTEMENT 7,39 Rue du Castagnier 14123 Cormelles-le-Royal,39 Rue du Castagnier,Cormelles-le-Royal,14123,14181,14,39 RUE DU CASTAGNIER,65,65,7747.7,8199.3,Gaz naturel + Électricité,False,Gaz / GPL,94.4,407.4,True,94.4,somme_des_seules_energies_electriques_EF,False,1.452307692,126.1430769,25.80923077,1677.6,848.9,848.9,après 2021,2015,2015,-0.3355449435,49.14935999,adresse non géocodée ban car aucune correspondance trouvée,0.66,False,14181|39 RUE DU CASTAGNIER,aucun,0,adresse_absente_ou_incomplete,True,872.572868,,,,,Non appariée,Simulation pédagogique locale,commune : médiane + surface/énergie + aléa,13.42419797,True,False,778.172868,778.172868,824.3356653,9.243356653,True,1,False
2314E4332170O,1662,2023,2023-07-24,etablissement,2026-01-09,True,conso_enedis_kwh,conso_enedis_kwh:simulation_locale_graine_fixe,Appartement,C,C,Emile nicol,Rue Emile Nicol 14430 Dozulé,Rue Emile Nicol,Dozulé,14430,14229,14,RUE EMILE NICOL,67,67,8624.9,11161.8,Gaz naturel + Électricité,False,Gaz / GPL,2231.9,586.9,True,2231.9,somme_des_seules_energies_electriques_EF,False,33.3119403,166.5940299,22.40597015,1501.2,933.1,933.1,1948-1974,1972,1972,-0.0448869932,49.232126,adresse non géocodée ban car aucune correspondance trouvée,0.66,False,DPE:2314E4332170O,aucun,0,adresse_absente_ou_incomplete,True,2019.615366,,,,,Non appariée,Simulation pédagogique locale,département : médiane + surface/énergie + aléa,30.14351293,True,False,-212.2846339,212.2846339,-9.511386438,0.9048861356,True,1,False
2314E4332172Q,7529,2023,2023-07-24,etablissement,2026-01-09,True,conso_enedis_kwh,conso_enedis_kwh:simulation_locale_graine_fixe,Appartement,C,C,Emile nicol,Rue Emile Nicol 14430 Dozulé,Rue Emile Nicol,Dozulé,14430,14229,14,RUE EMILE NICOL,67,67,8624.9,11161.8,Gaz naturel + Électricité,False,Gaz / GPL,2231.9,586.9,True,2231.9,somme_des_seules_energies_electriques_EF,False,33.3119403,166.5940299,22.40597015,1501.2,933.1,933.1,1948-1974,1972,1972,-0.0448869932,49.232126,adresse non géocodée ban car aucune correspondance trouvée,0.66,False,DPE:2314E4332172Q,aucun,0,adresse_absente_ou_incomplete,True,2306.41505,,,,,Non appariée,Simulation pédagogique locale,département : médiane + surface/énergie + aléa,34.42410523,True,False,74.51505017,74.51505017,3.338637491,1.033386375,True,1,False
2314E4346122E,1342,2023,2023-07-24,etablissement,2026-01-09,True,conso_enedis_kwh,conso_enedis_kwh:simulation_locale_graine_fixe,Appartement,C,C,Emile nicol,Rue Emile Nicol 14430 Dozulé,Rue Emile Nicol,Dozulé,14430,14229,14,RUE EMILE NICOL,81,81,10146.5,12961,Gaz naturel + Électricité,False,Gaz / GPL,2416.5,710.7,True,2416.5,somme_des_seules_energies_electriques_EF,False,29.83333333,160.0123457,22.18024691,1796.6,1060,1060,1948-1974,1972,1972,-0.0448869932,49.232126,adresse non géocodée ban car aucune correspondance trouvée,0.66,False,DPE:2314E4346122E,aucun,0,adresse_absente_ou_incomplete,True,1873.111561,,,,,Non appariée,Simulation pédagogique locale,département : médiane + surface/énergie + aléa,23.12483409,True,False,-543.388439,543.388439,-22.48658966,0.7751341034,True,1,False
2314E4346269V,4177,2023,2023-07-24,etablissement,2026-01-09,True,conso_enedis_kwh,conso_enedis_kwh:simulation_locale_graine_fixe,Appartement,C,C,Emile nicol,Rue Emile Nicol 14430 Dozulé,Rue Emile Nicol,Dozulé,14430,14229,14,RUE EMILE NICOL,67,67,8624.9,11161.8,Gaz naturel + Électricité,False,Gaz / GPL,2231.9,586.9,True,2231.9,somme_des_seules_energies_electriques_EF,False,33.3119403,166.5940299,22.40597015,1501.2,933.1,933.1,1948-1974,1972,1972,-0.0448869932,49.232126,adresse non géocodée ban car aucune correspondance trouvée,0.66,False,DPE:2314E4346269V,aucun,0,adresse_absente_ou_incomplete,True,1116.073135,,,,,Non appariée,Simulation pédagogique locale,département : médiane + surface/énergie + aléa,16.65780798,True,False,-1115.826865,1115.826865,-49.99448296,0.5000551704,True,1,False
2314E4347024W,3163,2023,2023-10-12,etablissement,2026-01-09,True,conso_enedis_kwh,conso_enedis_kwh:simulation_locale_graine_fixe,Maison,D,D,15 AVENUE JOEL MINICI RPLS 16833924 / ESI N°5326.06.99.0007,15 Avenue Joël Minici 14370 Bellengreville,15 Avenue Joël Minici,Bellengreville,14370,14057,14,15 AVENUE JOEL MINICI,63,63,8927.9,9600.9,Gaz naturel + Électricité,False,Gaz / GPL,747.7,0,False,747.7,somme_des_seules_energies_electriques_EF,False,11.86825397,152.3952381,30,1890,981,981,2001-2005,2001,2001,-0.2083180103,49.12773301,adresse non géocodée ban car aucune correspondance trouvée,0.47,False,14057|15 AVENUE JOEL MINICI,aucun,0,adresse_absente_ou_incomplete,True,2065.798254,,,,,Non appariée,Simulation pédagogique locale,département : médiane + surface/énergie + aléa,32.79044848,True,False,1318.098254,1318.098254,176.2870475,2.762870475,True,2,False
2314E4347157Z,1493,2023,2023-10-12,etablissement,2026-01-09,True,conso_enedis_kwh,conso_enedis_kwh:simulation_locale_graine_fixe,Maison,D,D,15 AVENUE JOEL MINICI RPLS 16833924 / ESI N°5326.06.99.0007,15 Avenue Joël Minici 14370 Bellengreville,15 Avenue Joël Minici,Bellengreville,14370,14057,14,15 AVENUE JOEL MINICI,63,63,10192.8,10868.3,Gaz naturel + Électricité,False,Gaz / GPL,750.6,-1.818989404e-12,False,750.6,somme_des_seules_energies_electriques_EF,False,11.91428571,172.5126984,34,2142,1065,1065,2001-2005,2001,2001,-0.2083180103,49.12773301,adresse non géocodée ban car aucune correspondance trouvée,0.47,False,14057|15 AVENUE JOEL MINICI,aucun,0,adresse_absente_ou_incomplete,True,2065.798254,,,,,Non appariée,Simulation pédagogique locale,département : médiane + surface/énergie + aléa,32.79044848,True,False,1315.198254,1315.198254,175.2195916,2.752195916,True,2,False
2314E4362499B,89,2023,2023-10-10,etablissement,2026-01-09,True,conso_enedis_kwh,conso_enedis_kwh:simulation_locale_graine_fixe,Maison,C,C,13 RUE FANTASIO RPLS 16834005 / ESI N°5326.06.99.0015,13 Rue Fantasio 14370 Bellengreville,13 Rue Fantasio,Bellengreville,14370,14057,14,13 RUE FANTASIO,80,80,11096.7,11802.8,Gaz naturel + Électricité,False,Gaz / GPL,784.5,0,False,784.5,somme_des_seules_energies_electriques_EF,False,9.80625,147.535,29,2320,1131,1131,2001-2005,2001,2001,-0.2087820018,49.12703801,adresse non géocodée ban car aucune correspondance trouvée,0.44,False,14057|13 RUE FANTASIO,aucun,0,adresse_absente_ou_incomplete,True,1406.733703,,,,,Non appariée,Simulation pédagogique locale,département : médiane + surface/énergie + aléa,17.58417128,True,False,622.2337025,622.2337025,79.31595953,1.793159595,True,1,False
2314E4364207T,579,2023,2023-12-11,etablissement,2026-01-09,True,conso_enedis_kwh,conso_enedis_kwh:simulation_locale_graine_fixe,Maison,D,D,5 ALLEE DES BERNELLES,5 Allée des Bernelles 14123 Cormelles-le-Royal,5 Allée des Bernelles,Cormelles-le-Royal,14123,14181,14,5 ALLEE DES BERNELLES,77.4,77.4,12040.9,12876.6,Gaz naturel + Électricité,False,Gaz / GPL,928.5,0,False,928.5,somme_des_seules_energies_electriques_EF,False,11.99612403,166.3643411,33,2554.2,1225,1225,1989-2000,1989,1989,-0.3404830274,49.16416604,adresse non géocodée ban car aucune correspondance trouvée,0.81,False,14181|5 ALLEE DES BERNELLES,aucun,0,adresse_absente_ou_incomplete,True,1078.62055,,,,,Non appariée,Simulation pédagogique locale,commune : médiane + surface/énergie + aléa,13.93566603,True,False,150.1205505,150.1205505,16.16807221,1.161680722,True,1,False
2314E4368991T,5978,2023,2023-12-07,etablissement,2026-01-09,True,conso_enedis_kwh,conso_enedis_kwh:simulation_locale_graine_fixe,Maison,C,C,14 Impasse des Cyclamens,14 Impasse des Cyclamens 14123 Ifs,14 Impasse des Cyclamens,Ifs,14123,14341,14,14 IMPASSE DES CYCLAMENS,82,82,9782.8,10688.8,Gaz naturel + Électricité,False,Gaz / GPL,1006.7,-0.1,False,1006.7,somme_des_seules_energies_electriques_EF,False,12.27682927,130.3512195,25,2050,1095,1095,1948-1974,1969,1969,-0.349190997,49.14434403,adresse non géocodée ban car aucune correspondance trouvée,0.8,False,14341|14 IMPASSE DES CYCLAMENS,aucun,0,adresse_absente_ou_incomplete,True,2114.744495,,,,,Non appariée,Simulation pédagogique locale,commune : médiane + surface/énergie + aléa,25.78956701,True,False,1108.044495,1108.044495,110.0670006,2.100670006,True,1,False
2314E4369864I,7219,2023,2023-12-12,etablissement,2026-01-09,True,conso_enedis_kwh,conso_enedis_kwh:simulation_locale_graine_fixe,Appartement,C,C,2-4-6-8 Square André Gide,8 Square André Gide 14100 Lisieux,8 Square André Gide,Lisieux,14100,14366,14,8 SQUARE ANDRE GIDE,68,68,7006.4,7637.5,Gaz naturel + Électricité,False,Gaz / GPL,84.2,617.1,True,84.2,somme_des_seules_energies_electriques_EF,False,1.238235294,112.3161765,21.71764706,1476.8,845.3,845.3,1948-1974,1964,1964,0.2440089947,49.14341301,adresse non géocodée ban car aucune correspondance trouvée,0.68,False,14366|8 SQUARE ANDRE GIDE,aucun,0,adresse_absente_ou_incomplete,True,1217.381118,,,,,Non appariée,Simulation pédagogique locale,département : médiane + surface/énergie + aléa,17.9026635,True,False,1133.181118,1133.181118,1345.820806,14.45820806,True,1,False
2314E4370304G,2518,2023,2023-12-18,etablissement,2026-01-09,True,conso_enedis_kwh,conso_enedis_kwh:simulation_locale_graine_fixe,Maison,D,B,16 Rue Fontaine d’Arlette,16 Rue Fontaine d’Arlette 14160 Dives-sur-Mer,16 Rue Fontaine d’Arlette,Dives-sur-Mer,14160,14225,14,16 RUE FONTAINE D ARLETTE,82.2,82.2,11244.7,18446.2,Électricité + Bois – Bûches,False,Électricité,8001.7,0,False,8001.7,somme_des_seules_energies_electriques_EF,False,97.34428224,224.406326,7.99756691,657.4,1456,1456,2006-2012,2011,2011,-0.1090280378,49.28182497,adresse non géocodée ban car aucune correspondance trouvée,0.81,False,14225|16 RUE FONTAINE D ARLETTE,aucun,0,adresse_absente_ou_incomplete,True,3411.222847,,,,,Non appariée,Simulation pédagogique locale,commune : médiane + surface/énergie + aléa,41.4990614,True,False,-4590.477153,4590.477153,-57.36877355,0.4263122645,True,1,False
2314E4374934I,7339,2023,2023-11-27,etablissement,2026-01-09,True,conso_enedis_kwh,conso_enedis_kwh:simulation_locale_graine_fixe,Appartement,C,C,6 RUE DES EXPLORATEURS,6 Rue des Explorateurs 14120 Mondeville,6 Rue des Explorateurs,Mondeville,14120,14437,14,6 RUE DES EXPLORATEURS,96.7,96.7,8125.4,8691.2,Gaz naturel + Électricité,False,Gaz / GPL,628.7,0,False,628.7,somme_des_seules_energies_electriques_EF,False,6.501551189,89.87797311,18,1740.6,713,713,après 2021,2013,2013,-0.3182459726,49.17928299,adresse non géocodée ban car aucune correspondance trouvée,0.81,False,14437|6 RUE DES EXPLORATEURS,aucun,0,adresse_absente_ou_incomplete,True,1449.461704,,,,,Non appariée,Simulation pédagogique locale,département : médiane + surface/énergie + aléa,14.98926271,True,False,820.7617039,820.7617039,130.5490224,2.305490224,True,1,False
2314E4376157J,1073,2023,2023-12-14,etablissement,2026-01-09,True,conso_enedis_kwh,conso_enedis_kwh:simulation_locale_graine_fixe,Appartement,D,D,14 ALLEE DE BRUXELLES - APPT 21 -,14 Allée de Bruxelles 14123 Ifs,14 Allée de Bruxelles,Ifs,14123,14341,14,14 ALLEE DE BRUXELLES,68.8,68.8,11074.9,11775.7,Gaz naturel + Électricité,False,Gaz / GPL,778.7,-0.1,False,778.7,somme_des_seules_energies_electriques_EF,False,11.31831395,171.1584302,34,2339.2,1129,1129,1989-2000,1992,1992,-0.3468830237,49.14390101,adresse non géocodée ban car aucune correspondance trouvée,0.7,False,14341|14 ALLEE DE BRUXELLES,aucun,0,adresse_absente_ou_incomplete,True,1291.358171,,,,,Non appariée,Simulation pédagogique locale,commune : médiane + surface/énergie + aléa,18.76974085,True,False,512.6581705,512.6581705,65.83513169,1.658351317,True,1,False
2314E4391739R,866,2023,2023-12-19,etablissement,2026-01-09,True,conso_enedis_kwh,conso_enedis_kwh:simulation_locale_graine_fixe,Maison,D,D,27 Louis Aragon,27 Rue Louis Aragon 14160 Dives-sur-Mer,27 Rue Louis Aragon,Dives-sur-Mer,14160,14225,14,27 RUE LOUIS ARAGON,67,67,10978.8,11780,Gaz naturel + Électricité,False,Gaz / GPL,890.3,0,False,890.3,somme_des_seules_energies_electriques_EF,False,13.2880597,175.8208955,35,2345,1147,1147,1989-2000,1992,1992,-0.09566096032,49.28176397,adresse non géocodée ban car aucune correspondance trouvée,0.72,False,14225|27 RUE LOUIS ARAGON,aucun,0,adresse_absente_ou_incomplete,True,2117.55752,,,,,Non appariée,Simulation pédagogique locale,commune : médiane + surface/énergie + aléa,31.60533612,True,False,1227.25752,1227.25752,137.8476379,2.378476379,True,1,False
2314E4396900E,9704,2023,2023-12-18,etablissement,2026-01-09,True,conso_enedis_kwh,conso_enedis_kwh:simulation_locale_graine_fixe,Appartement,C,C,9-11-13-15 Avenue du Président René Coty,15 Avenue du Président René Coty 14100 Lisieux,15 Avenue du Président René Coty,Lisieux,14100,14366,14,15 AVENUE DU PRESIDENT RENE COTY,69,69,6051.6,6686.6,Gaz naturel + Électricité,False,Gaz / GPL,83.7,621.9,True,83.7,somme_des_seules_energies_electriques_EF,False,1.213043478,96.90724638,18.25217391,1259.4,783.9,783.9,1948-1974,1964,1964,0.2426679749,49.14276001,adresse non géocodée ban car aucune correspondance trouvée,0.73,False,14366|15 AVENUE DU PRESIDENT RENE COTY,aucun,0,adresse_absente_ou_incomplete,True,1747.598529,,,,,Non appariée,Simulation pédagogique locale,département : médiane + surface/énergie + aléa,25.32751492,True,False,1663.898529,1663.898529,1987.931337,20.87931337,True,4,False
2314E4396919X,2587,2023,2023-12-18,etablissement,2026-01-09,True,conso_enedis_kwh,conso_enedis_kwh:simulation_locale_graine_fixe,Appartement,C,C,9-11-13-15 Avenue du Président René Coty,15 Avenue du Président René Coty 14100 Lisieux,15 Avenue du Président René Coty,Lisieux,14100,14366,14,15 AVENUE DU PRESIDENT RENE COTY,69,69,6051.6,6686.6,Gaz naturel + Électricité,False,Gaz / GPL,83.7,621.9,True,83.7,somme_des_seules_energies_electriques_EF,False,1.213043478,96.90724638,18.25217391,1259.4,783.9,783.9,1948-1974,1964,1964,0.2426679749,49.14276001,adresse non géocodée ban car aucune correspondance trouvée,0.73,False,14366|15 AVENUE DU PRESIDENT RENE COTY,aucun,0,adresse_absente_ou_incomplete,True,1747.598529,,,,,Non appariée,Simulation pédagogique locale,département : médiane + surface/énergie + aléa,25.32751492,True,False,1663.898529,1663.898529,1987.931337,20.87931337,True,4,False
2314E4396993T,9416,2023,2023-12-18,etablissement,2026-01-09,True,conso_enedis_kwh,conso_enedis_kwh:simulation_locale_graine_fixe,Appartement,C,C,9-11-13-15 Avenue du Président René Coty,15 Avenue du Président René Coty 14100 Lisieux,15 Avenue du Président René Coty,Lisieux,14100,14366,14,15 AVENUE DU PRESIDENT RENE COTY,69,69,6051.6,6686.6,Gaz naturel + Électricité,False,Gaz / GPL,83.7,621.9,True,83.7,somme_des_seules_energies_electriques_EF,False,1.213043478,96.90724638,18.25217391,1259.4,783.9,783.9,1948-1974,1964,1964,0.2426679749,49.14276001,adresse non géocodée ban car aucune correspondance trouvée,0.73,False,14366|15 AVENUE DU PRESIDENT RENE COTY,aucun,0,adresse_absente_ou_incomplete,True,1747.598529,,,,,Non appariée,Simulation pédagogique locale,département : médiane + surface/énergie + aléa,25.32751492,True,False,1663.898529,1663.898529,1987.931337,20.87931337,True,4,False
2314E4397178W,1436,2023,2023-12-18,etablissement,2026-01-09,True,conso_enedis_kwh,conso_enedis_kwh:simulation_locale_graine_fixe,Appartement,C,C,9-11-13-15 Avenue du Président René Coty,15 Avenue du Président René Coty 14100 Lisieux,15 Avenue du Président René Coty,Lisieux,14100,14366,14,15 AVENUE DU PRESIDENT RENE COTY,69,69,6051.6,6686.6,Gaz naturel + Électricité,False,Gaz / GPL,83.7,621.9,True,83.7,somme_des_seules_energies_electriques_EF,False,1.213043478,96.90724638,18.25217391,1259.4,783.9,783.9,1948-1974,1964,1964,0.2426679749,49.14276001,adresse non géocodée ban car aucune correspondance trouvée,0.73,False,14366|15 AVENUE DU PRESIDENT RENE COTY,aucun,0,adresse_absente_ou_incomplete,True,1747.598529,,,,,Non appariée,Simulation pédagogique locale,département : médiane + surface/énergie + aléa,25.32751492,True,False,1663.898529,1663.898529,1987.931337,20.87931337,True,4,False
2314E4402871V,1378,2023,2023-11-20,etablissement,2026-01-09,True,conso_enedis_kwh,conso_enedis_kwh:simulation_locale_graine_fixe,Appartement,D,D,22/20 Eugène boudin,Rue Eugène Boudin 14360 Trouville-sur-Mer,Rue Eugène Boudin,Trouville-sur-Mer,14360,14715,14,RUE EUGENE BOUDIN,42,42,7501,7866.3,Gaz naturel + Électricité,False,Gaz / GPL,44.1,361.8,True,44.1,somme_des_seules_energies_electriques_EF,False,1.05,187.2928571,38.97619048,1637,746.1,746.1,1948-1974,1969,1969,0.09458306174,49.36117503,adresse non géocodée ban car aucune correspondance trouvée,0.67,False,DPE:2314E4402871V,aucun,0,adresse_absente_ou_incomplete,True,1181.417873,,,,,Non appariée,Simulation pédagogique locale,département : médiane + surface/énergie + aléa,28.12899697,True,False,1137.317873,1137.317873,2578.952093,26.78952093,True,1,False
2314E4402946S,3037,2023,2023-11-20,etablissement,2026-01-09,True,conso_enedis_kwh,conso_enedis_kwh:simulation_locale_graine_fixe,Appartement,D,D,22/20 Eugène boudin,Rue Eugène Boudin 14360 Trouville-sur-Mer,Rue Eugène Boudin,Trouville-sur-Mer,14360,14715,14,RUE EUGENE BOUDIN,42,42,7501,7866.3,Gaz naturel + Électricité,False,Gaz / GPL,44.1,361.8,True,44.1,somme_des_seules_energies_electriques_EF,False,1.05,187.2928571,38.97619048,1637,746.1,746.1,1948-1974,1969,1969,0.09458306174,49.36117503,adresse non géocodée ban car aucune correspondance trouvée,0.67,False,DPE:2314E4402946S,aucun,0,adresse_absente_ou_incomplete,True,2221.211173,,,,,Non appariée,Simulation pédagogique locale,département : médiane + surface/énergie + aléa,52.8859803,True,False,2177.111173,2177.111173,4936.760029,50.36760029,True,1,False
2314E4402961H,907,2023,2023-11-20,etablissement,2026-01-09,True,conso_enedis_kwh,conso_enedis_kwh:simulation_locale_graine_fixe,Appartement,D,D,22/20 Eugène boudin,Rue Eugène Boudin 14360 Trouville-sur-Mer,Rue Eugène Boudin,Trouville-sur-Mer,14360,14715,14,RUE EUGENE BOUDIN,42,42,7501,7866.3,Gaz naturel + Électricité,False,Gaz / GPL,44.1,361.8,True,44.1,somme_des_seules_energies_electriques_EF,False,1.05,187.2928571,38.97619048,1637,746.1,746.1,1948-1974,1969,1969,0.09458306174,49.36117503,adresse non géocodée ban car aucune correspondance trouvée,0.67,False,DPE:2314E4402961H,aucun,0,adresse_absente_ou_incomplete,True,1096.401431,,,,,Non appariée,Simulation pédagogique locale,département : médiane + surface/énergie + aléa,26.10479597,True,False,1052.301431,1052.301431,2386.171045,24.86171045,True,1,False
2314E4403444W,7460,2023,2023-11-20,etablissement,2026-01-09,True,conso_enedis_kwh,conso_enedis_kwh:simulation_locale_graine_fixe,Appartement,D,D,1/3 Eugène boudin,Rue Eugène Boudin 14360 Trouville-sur-Mer,Rue Eugène Boudin,Trouville-sur-Mer,14360,14715,14,RUE EUGENE BOUDIN,73,73,11567.3,12188.6,Gaz naturel + Électricité,False,Gaz / GPL,72.3,618.1,True,72.3,somme_des_seules_energies_electriques_EF,False,0.9904109589,166.9671233,34.4369863,2513.9,1146.2,1146.2,1948-1974,1969,1969,0.09458306174,49.36117503,adresse non géocodée ban car aucune correspondance trouvée,0.7,False,DPE:2314E4403444W,aucun,0,adresse_absente_ou_incomplete,True,1687.594809,,,,,Non appariée,Simulation pédagogique locale,département : médiane + surface/énergie + aléa,23.11773711,True,False,1615.294809,1615.294809,2234.156029,23.34156029,True,1,False
2314E4403446Y,8261,2023,2023-11-20,etablissement,2026-01-09,True,conso_enedis_kwh,conso_enedis_kwh:simulation_locale_graine_fixe,Appartement,D,D,1/3 Eugène boudin,Rue Eugène Boudin 14360 Trouville-sur-Mer,Rue Eugène Boudin,Trouville-sur-Mer,14360,14715,14,RUE EUGENE BOUDIN,73,73,11567.3,12188.6,Gaz naturel + Électricité,False,Gaz / GPL,72.3,618.1,True,72.3,somme_des_seules_energies_electriques_EF,False,0.9904109589,166.9671233,34.4369863,2513.9,1146.2,1146.2,1948-1974,1969,1969,0.09458306174,49.36117503,adresse non géocodée ban car aucune correspondance trouvée,0.7,False,DPE:2314E4403446Y,aucun,0,adresse_absente_ou_incomplete,True,1748.651666,,,,,Non appariée,Simulation pédagogique locale,département : médiane + surface/énergie + aléa,23.95413241,True,False,1676.351666,1676.351666,2318.605347,24.18605347,True,1,False
2314E4403454G,1444,2023,2023-11-20,etablissement,2026-01-09,True,conso_enedis_kwh,conso_enedis_kwh:simulation_locale_graine_fixe,Appartement,D,D,1/3 Eugène boudin,Rue Eugène Boudin 14360 Trouville-sur-Mer,Rue Eugène Boudin,Trouville-sur-Mer,14360,14715,14,RUE EUGENE BOUDIN,57,57,9032,9517.1,Gaz naturel + Électricité,False,Gaz / GPL,56.4,482.7,True,56.4,somme_des_seules_energies_electriques_EF,False,0.9894736842,166.9666667,34.43684211,1962.9,933.5,933.5,1948-1974,1969,1969,0.09458306174,49.36117503,adresse non géocodée ban car aucune correspondance trouvée,0.7,False,DPE:2314E4403454G,aucun,0,adresse_absente_ou_incomplete,True,1507.310358,,,,,Non appariée,Simulation pédagogique locale,département : médiane + surface/énergie + aléa,26.44404137,True,False,1450.910358,1450.910358,2572.536096,26.72536096,True,1,False
2314E4403464Q,2524,2023,2023-11-20,etablissement,2026-01-09,True,conso_enedis_kwh,conso_enedis_kwh:simulation_locale_graine_fixe,Appartement,D,D,1/3 Eugène boudin,Rue Eugène Boudin 14360 Trouville-sur-Mer,Rue Eugène Boudin,Trouville-sur-Mer,14360,14715,14,RUE EUGENE BOUDIN,42,42,6655.1,7012.6,Gaz naturel + Électricité,False,Gaz / GPL,41.6,355.6,True,41.6,somme_des_seules_energies_electriques_EF,False,0.9904761905,166.9666667,34.43809524,1446.4,687.8,687.8,1948-1974,1969,1969,0.09458306174,49.36117503,adresse non géocodée ban car aucune correspondance trouvée,0.7,False,DPE:2314E4403464Q,aucun,0,adresse_absente_ou_incomplete,True,1124.551075,,,,,Non appariée,Simulation pédagogique locale,département : médiane + surface/énergie + aléa,26.77502559,True,False,1082.951075,1082.951075,2603.247776,27.03247776,True,1,False
2314E4403501B,950,2023,2023-11-20,etablissement,2026-01-09,True,conso_enedis_kwh,conso_enedis_kwh:simulation_locale_graine_fixe,Appartement,D,D,9/11 Eugène boudin,Rue Eugène Boudin 14360 Trouville-sur-Mer,Rue Eugène Boudin,Trouville-sur-Mer,14360,14715,14,RUE EUGENE BOUDIN,91,91,14768.4,15551.6,Gaz naturel + Électricité,False,Gaz / GPL,92.9,777.3,True,92.9,somme_des_seules_energies_electriques_EF,False,1.020879121,170.8967033,35.29010989,3211.4,1392.6,1392.6,1948-1974,1969,1969,0.09458306174,49.36117503,adresse non géocodée ban car aucune correspondance trouvée,0.72,False,DPE:2314E4403501B,aucun,0,adresse_absente_ou_incomplete,True,3032.999318,,,,,Non appariée,Simulation pédagogique locale,département : médiane + surface/énergie + aléa,33.32966283,True,False,2940.099318,2940.099318,3164.800127,32.64800127,True,1,False
2314E4403502C,1539,2023,2023-11-20,etablissement,2026-01-09,True,conso_enedis_kwh,conso_enedis_kwh:simulation_locale_graine_fixe,Appartement,D,D,9/11 Eugène boudin,Rue Eugène Boudin 14360 Trouville-sur-Mer,Rue Eugène Boudin,Trouville-sur-Mer,14360,14715,14,RUE EUGENE BOUDIN,42,42,6816.2,7177.7,Gaz naturel + Électricité,False,Gaz / GPL,42.9,358.7,True,42.9,somme_des_seules_energies_electriques_EF,False,1.021428571,170.897619,35.29047619,1482.2,690,690,1948-1974,1969,1969,0.09458306174,49.36117503,adresse non géocodée ban car aucune correspondance trouvée,0.72,False,DPE:2314E4403502C,aucun,0,adresse_absente_ou_incomplete,True,1254.86393,,,,,Non appariée,Simulation pédagogique locale,département : médiane + surface/énergie + aléa,29.87771263,True,False,1211.96393,1211.96393,2825.090747,29.25090747,True,1,False
2314E4403505F,4965,2023,2023-11-20,etablissement,2026-01-09,True,conso_enedis_kwh,conso_enedis_kwh:simulation_locale_graine_fixe,Appartement,D,D,9/11 Eugène boudin,Rue Eugène Boudin 14360 Trouville-sur-Mer,Rue Eugène Boudin,Trouville-sur-Mer,14360,14715,14,RUE EUGENE BOUDIN,57,57,9250.5,9741.1,Gaz naturel + Électricité,False,Gaz / GPL,58.2,486.8,True,58.2,somme_des_seules_energies_electriques_EF,False,1.021052632,170.8964912,35.29122807,2011.6,936.4,936.4,1948-1974,1969,1969,0.09458306174,49.36117503,adresse non géocodée ban car aucune correspondance trouvée,0.72,False,DPE:2314E4403505F,aucun,0,adresse_absente_ou_incomplete,True,881.0921255,,,,,Non appariée,Simulation pédagogique locale,département : médiane + surface/énergie + aléa,15.45775659,True,False,822.8921255,822.8921255,1413.903996,15.13903996,True,1,False
2314E4411312M,7657,2023,2023-12-13,etablissement,2026-01-09,True,conso_enedis_kwh,conso_enedis_kwh:simulation_locale_graine_fixe,Maison,B,B,17 RUE DE LA RAVENELLE,17 Rue de la Ravenelle 14123 Cormelles-le-Royal,17 Rue de la Ravenelle,Cormelles-le-Royal,14123,14181,14,17 RUE DE LA RAVENELLE,81.2,81.2,3852.7,4285,Gaz naturel + Électricité,False,Gaz / GPL,480.3,-0.1,False,480.3,somme_des_seules_energies_electriques_EF,False,5.915024631,52.77093596,9,730.8,514,514,après 2021,2017,2017,-0.3339879526,49.14884901,adresse non géocodée ban car aucune correspondance trouvée,0.82,False,14181|17 RUE DE LA RAVENELLE,aucun,0,adresse_absente_ou_incomplete,True,1267.846,,,,,Non appariée,Simulation pédagogique locale,commune : médiane + surface/énergie + aléa,15.613867,True,False,787.5460002,787.5460002,163.9696024,2.639696024,True,1,False
2314E4414769L,7304,2023,2023-12-20,etablissement,2026-01-09,True,conso_enedis_kwh,conso_enedis_kwh:simulation_locale_graine_fixe,Appartement,E,E,1- 2 Rue du 8 Mai,2 Rue du 8 Mai 14170 Saint-Pierre-en-Auge,2 Rue du 8 Mai,Saint-Pierre-en-Auge,14170,14654,14,2 RUE DU 8 MAI,41,41,12515.1,13044.6,Gaz naturel + Électricité,False,Gaz / GPL,63.2,525.2,True,63.2,somme_des_seules_energies_electriques_EF,False,1.541463415,318.1609756,66.96097561,2745.4,1179.8,1179.8,1948-1974,1961,1961,-0.03721398996,49.01494404,adresse non géocodée ban car aucune correspondance trouvée,0.5,False,14654|2 RUE DU 8 MAI,aucun,0,adresse_absente_ou_incomplete,True,1429.608679,,,,,Non appariée,Simulation pédagogique locale,département : médiane + surface/énergie + aléa,34.86850436,True,False,1366.408679,1366.408679,2162.039048,22.62039048,True,2,False
2314E4414943D,7845,2023,2023-12-20,etablissement,2026-01-09,True,conso_enedis_kwh,conso_enedis_kwh:simulation_locale_graine_fixe,Appartement,E,E,1- 2 Rue du 8 Mai,2 Rue du 8 Mai 14170 Saint-Pierre-en-Auge,2 Rue du 8 Mai,Saint-Pierre-en-Auge,14170,14654,14,2 RUE DU 8 MAI,41,41,12515.1,13044.6,Gaz naturel + Électricité,False,Gaz / GPL,63.2,525.2,True,63.2,somme_des_seules_energies_electriques_EF,False,1.541463415,318.1609756,66.96097561,2745.4,1179.8,1179.8,1948-1974,1961,1961,-0.03721398996,49.01494404,adresse non géocodée ban car aucune correspondance trouvée,0.5,False,14654|2 RUE DU 8 MAI,aucun,0,adresse_absente_ou_incomplete,True,1429.608679,,,,,Non appariée,Simulation pédagogique locale,département : médiane + surface/énergie + aléa,34.86850436,True,False,1366.408679,1366.408679,2162.039048,22.62039048,True,2,False
2314E4420385L,8732,2023,2023-09-18,etablissement,2026-01-09,True,Aucun,Aucune,Appartement,C,C,9 Albert manuel,9 Cours Albert Manuel 14600 Honfleur,9 Cours Albert Manuel,Honfleur,14600,14333,14,9 COURS ALBERT MANUEL,58.9,58.9,5513.4,6076.7,Gaz naturel + Électricité,False,Gaz / GPL,82.6,543.3,True,82.6,somme_des_seules_energies_electriques_EF,False,1.40237691,103.1697793,19.52631579,1150.1,725.1,725.1,2001-2005,2004,2004,0.2304429886,49.41626398,adresse non géocodée ban car aucune correspondance trouvée,0.67,False,14333|9 COURS ALBERT MANUEL,exact_normalise,1,apparie,False,1206,1206,14472,12,717334,9 COURS ALBERT MANUEL,Moyenne observée à l'adresse,Sans simulation,20.475382,True,False,1123.4,1123.4,1360.048426,14.60048426,False,4,False
2314E4420528Y,1215,2023,2023-09-18,etablissement,2026-01-09,True,Aucun,Aucune,Appartement,C,C,9 Albert manuel,9 Cours Albert Manuel 14600 Honfleur,9 Cours Albert Manuel,Honfleur,14600,14333,14,9 COURS ALBERT MANUEL,71.6,71.6,6222.7,6894.1,Gaz naturel + Électricité,False,Gaz / GPL,96.1,649.9,True,96.1,somme_des_seules_energies_electriques_EF,False,1.342178771,96.28631285,18.03910615,1291.6,804.2,804.2,2001-2005,2004,2004,0.2304429886,49.41626398,adresse non géocodée ban car aucune correspondance trouvée,0.67,False,14333|9 COURS ALBERT MANUEL,exact_normalise,1,apparie,False,1206,1206,14472,12,717334,9 COURS ALBERT MANUEL,Moyenne observée à l'adresse,Sans simulation,16.84357542,True,False,1109.9,1109.9,1154.942768,12.54942768,False,4,False
2314E4420555Z,6590,2023,2023-09-18,etablissement,2026-01-09,True,Aucun,Aucune,Appartement,C,C,9 Albert manuel,9 Cours Albert Manuel 14600 Honfleur,9 Cours Albert Manuel,Honfleur,14600,14333,14,9 COURS ALBERT MANUEL,66,66,5593.2,6202.8,Gaz naturel + Électricité,False,Gaz / GPL,85.5,591.8,True,85.5,somme_des_seules_energies_electriques_EF,False,1.295454545,93.98181818,17.57424242,1159.9,743.2,743.2,2001-2005,2004,2004,0.2304429886,49.41626398,adresse non géocodée ban car aucune correspondance trouvée,0.67,False,14333|9 COURS ALBERT MANUEL,exact_normalise,1,apparie,False,1206,1206,14472,12,717334,9 COURS ALBERT MANUEL,Moyenne observée à l'adresse,Sans simulation,18.27272727,True,False,1120.5,1120.5,1310.526316,14.10526316,False,4,False
2314E4420595N,3856,2023,2023-09-18,etablissement,2026-01-09,True,Aucun,Aucune,Appartement,C,C,9 Albert manuel,9 Cours Albert Manuel 14600 Honfleur,9 Cours Albert Manuel,Honfleur,14600,14333,14,9 COURS ALBERT MANUEL,56.3,56.3,4905.4,5425.7,Gaz naturel + Électricité,False,Gaz / GPL,73.1,505,True,73.1,somme_des_seules_energies_electriques_EF,False,1.298401421,96.37122558,18.11367673,1019.8,648.9,648.9,2001-2005,2004,2004,0.2304429886,49.41626398,adresse non géocodée ban car aucune correspondance trouvée,0.67,False,14333|9 COURS ALBERT MANUEL,exact_normalise,1,apparie,False,1206,1206,14472,12,717334,9 COURS ALBERT MANUEL,Moyenne observée à l'adresse,Sans simulation,21.42095915,True,False,1132.9,1132.9,1549.794802,16.49794802,False,4,False
2314E4422163V,9225,2023,2023-09-11,etablissement,2026-01-09,True,conso_enedis_kwh,conso_enedis_kwh:simulation_locale_graine_fixe,Appartement,D,D,du bras d'or,Place du Bras d'Or 14130 Pont-l'Évêque,Place du Bras d'Or,Pont-l'Évêque,14130,14514,14,PLACE DU BRAS D OR,53,53,10900.6,11443.2,Gaz naturel + Électricité,False,Gaz / GPL,82,521,True,82,somme_des_seules_energies_electriques_EF,False,1.547169811,215.909434,44.84150943,2376.6,1077.6,1077.6,1948-1974,1960,1960,0.1880370485,49.286566,adresse non géocodée ban car aucune correspondance trouvée,0.67,False,DPE:2314E4422163V,aucun,0,adresse_absente_ou_incomplete,True,1181.985903,,,,,Non appariée,Simulation pédagogique locale,département : médiane + surface/énergie + aléa,22.30162081,True,False,1099.985903,1099.985903,1341.446223,14.41446223,True,1,False
2314E4424078M,4491,2023,2023-12-21,etablissement,2026-01-09,True,conso_enedis_kwh,conso_enedis_kwh:simulation_locale_graine_fixe,Maison,C,C,2 JEAN RACINE,2 Allée Jean Racine 14123 Ifs,2 Allée Jean Racine,Ifs,14123,14341,14,2 ALLEE JEAN RACINE,78,78,10246.1,11163.5,Gaz naturel + Électricité,False,Gaz / GPL,1019.3,-0.1,False,1019.3,somme_des_seules_energies_electriques_EF,False,13.06794872,143.1217949,26.99358974,2105.5,1124,1124,1989-2000,2000,2000,-0.3513499419,49.15391399,adresse non géocodée ban car aucune correspondance trouvée,0.62,False,14341|2 ALLEE JEAN RACINE,aucun,0,adresse_absente_ou_incomplete,True,1315.004908,,,,,Non appariée,Simulation pédagogique locale,commune : médiane + surface/énergie + aléa,16.85903729,True,False,295.7049083,295.7049083,29.01058651,1.290105865,True,1,False
2314E4425110E,3535,2023,2023-12-20,etablissement,2026-01-09,True,conso_enedis_kwh,conso_enedis_kwh:simulation_locale_graine_fixe,Maison,C,C,30 RUE DU CAPITAINE HAY,30 Rue Capitaine Hay 14370 Moult-Chicheboville,30 Rue Capitaine Hay,Moult-Chicheboville,14370,14456,14,30 RUE CAPITAINE HAY,65.2,65.2,9229.5,10024.7,Gaz naturel + Électricité,False,Gaz / GPL,883.6,0,False,883.6,somme_des_seules_energies_electriques_EF,False,13.55214724,153.7530675,29,1890.8,1031,1031,1989-2000,1998,1998,-0.1624800364,49.11117502,adresse non géocodée ban car aucune correspondance trouvée,0.58,False,14456|30 RUE CAPITAINE HAY,aucun,0,adresse_absente_ou_incomplete,True,2333.453184,,,,,Non appariée,Simulation pédagogique locale,département : médiane + surface/énergie + aléa,35.78915926,True,False,1449.853184,1449.853184,164.0847877,2.640847877,True,1,False
2314E4427461P,8896,2023,2023-12-19,etablissement,2026-01-09,True,conso_enedis_kwh,conso_enedis_kwh:simulation_locale_graine_fixe,Maison,D,D,21 Louis Aragon,21 Rue Louis Aragon 14160 Dives-sur-Mer,21 Rue Louis Aragon,Dives-sur-Mer,14160,14225,14,21 RUE LOUIS ARAGON,79,79,11371.1,12199.3,Gaz naturel + Électricité,False,Gaz / GPL,920.3,1.818989404e-12,False,920.3,somme_des_seules_energies_electriques_EF,False,11.64936709,154.421519,30,2370,1179,1179,1989-2000,1992,1992,-0.09558900332,49.28141702,adresse non géocodée ban car aucune correspondance trouvée,0.72,False,14225|21 RUE LOUIS ARAGON,aucun,0,adresse_absente_ou_incomplete,True,1989.332807,,,,,Non appariée,Simulation pédagogique locale,commune : médiane + surface/énergie + aléa,25.18142793,True,False,1069.032807,1069.032807,116.1613394,2.161613394,True,1,False
2314E4428495J,7744,2023,2023-10-11,etablissement,2026-01-09,True,conso_enedis_kwh,conso_enedis_kwh:simulation_locale_graine_fixe,Maison,C,C,3TER ROUTE DE PARIS RPLS 16242844 / ESI N°0657.01.99.0001,3ter Route de Paris 14370 Bellengreville,3ter Route de Paris,Bellengreville,14370,14057,14,3 TER ROUTE DE PARIS,80,80,8620.5,9321.4,Gaz naturel + Électricité,False,Gaz / GPL,778.7,0,False,778.7,somme_des_seules_energies_electriques_EF,False,9.73375,116.5175,22,1760,969,969,2006-2012,2012,2012,-0.2110879771,49.12697403,adresse non géocodée ban car aucune correspondance trouvée,0.47,False,14057|3 TER ROUTE DE PARIS,aucun,0,adresse_absente_ou_incomplete,True,3177.290925,,,,,Non appariée,Simulation pédagogique locale,département : médiane + surface/énergie + aléa,39.71613656,True,False,2398.590925,2398.590925,308.0250321,4.080250321,True,1,False
2314E4429992Y,5129,2023,2023-12-05,etablissement,2026-01-09,True,conso_enedis_kwh,conso_enedis_kwh:simulation_locale_graine_fixe,Maison,D,B,6 RUE PIERRE MENDES FRANCE  - APPT 10,6 Rue Pierre Mendes France 14540 Soliers,6 Rue Pierre Mendes France,Soliers,14540,14675,14,6 RUE PIERRE MENDES FRANCE,55,55,5920.5,11249,Électricité,True,Électricité,5920.5,0,False,5920.5,total_EF_logement_tout_electrique,False,107.6454545,204.5272727,7,385,1026,1026,1983-1988,1986,1986,-0.2918510003,49.13247604,adresse non géocodée ban car aucune correspondance trouvée,0.74,False,14675|6 RUE PIERRE MENDES FRANCE,aucun,0,adresse_absente_ou_incomplete,True,2782.292044,,,,,Non appariée,Simulation pédagogique locale,département : médiane + surface/énergie + aléa,50.58712807,True,False,-3138.207956,3138.207956,-53.00579269,0.4699420731,True,1,False
2314E4441669B,184,2023,2023-04-18,etablissement,2026-01-09,True,conso_enedis_kwh,conso_enedis_kwh:simulation_locale_graine_fixe,Maison,E,C,18 Résidence Hauzey,18 Résidence du Champ de Foire 14590 Moyaux,18 Résidence du Champ de Foire,Moyaux,14590,14460,14,18 RESIDENCE DU CHAMP DE FOIRE,63,63,9675.3,18383.1,Électricité,True,Électricité,9675.3,0,False,9675.3,total_EF_logement_tout_electrique,False,153.5761905,291.7952381,11,693,1616,1616,1989-2000,1994,1994,0.3531649508,49.19401102,adresse non géocodée ban car aucune correspondance trouvée,0.45,False,14460|18 RESIDENCE DU CHAMP DE FOIRE,aucun,0,adresse_absente_ou_incomplete,True,3617.824284,,,,,Non appariée,Simulation pédagogique locale,département : médiane + surface/énergie + aléa,57.42578228,True,False,-6057.475716,6057.475716,-62.60762681,0.3739237319,True,1,False
2314E4441723D,7832,2023,2023-12-21,etablissement,2026-01-09,True,conso_enedis_kwh,conso_enedis_kwh:simulation_locale_graine_fixe,Maison,D,D,1 DES CYCLAMENS,1 Impasse des Cyclamens 14123 Ifs,1 Impasse des Cyclamens,Ifs,14123,14341,14,1 IMPASSE DES CYCLAMENS,56,56,11296.4,11961.6,Gaz naturel + Électricité,False,Gaz / GPL,739.1,0.1,False,739.1,somme_des_seules_energies_electriques_EF,False,13.19821429,213.6,43,2408,1135,1135,1948-1974,1969,1969,-0.3479119718,49.144167,adresse non géocodée ban car aucune correspondance trouvée,0.6,False,14341|1 IMPASSE DES CYCLAMENS,aucun,0,adresse_absente_ou_incomplete,True,2024.855341,,,,,Non appariée,Simulation pédagogique locale,commune : médiane + surface/énergie + aléa,36.15813109,True,False,1285.755341,1285.755341,173.9622976,2.739622976,True,1,False
2314E4444348C,1133,2023,2023-12-22,etablissement,2026-01-09,True,conso_enedis_kwh,conso_enedis_kwh:simulation_locale_graine_fixe,Maison,C,C,4 JEAN RACINE,4 Allée Jean Racine 14123 Ifs,4 Allée Jean Racine,Ifs,14123,14341,14,4 ALLEE JEAN RACINE,78.6,78.6,7994.5,8872.2,Gaz naturel + Électricité,False,Gaz / GPL,975.2,0,False,975.2,somme_des_seules_energies_electriques_EF,False,12.40712468,112.8778626,21.00254453,1650.8,971,971,2001-2005,2001,2001,-0.3513460124,49.15397196,adresse non géocodée ban car aucune correspondance trouvée,0.62,False,14341|4 ALLEE JEAN RACINE,aucun,0,adresse_absente_ou_incomplete,True,1677.496442,,,,,Non appariée,Simulation pédagogique locale,commune : médiane + surface/énergie + aléa,21.34219391,True,False,702.2964416,702.2964416,72.01563183,1.720156318,True,1,False
2314E4454605P,6512,2023,2023-04-18,etablissement,2026-01-09,True,conso_enedis_kwh,conso_enedis_kwh:simulation_locale_graine_fixe,Maison,E,B,7 Résidence Hauzey,7 Résidence du Stade 14590 Moyaux,7 Résidence du Stade,Moyaux,14590,14460,14,7 RESIDENCE DU STADE,83,83,11030.2,20957.3,Électricité,True,Électricité,11030.2,0,False,11030.2,total_EF_logement_tout_electrique,False,132.8939759,252.4975904,10,830,1829,1829,1989-2000,1989,1989,0.358329034,49.19691304,adresse non géocodée ban car aucune correspondance trouvée,0.5,False,14460|7 RESIDENCE DU STADE,aucun,0,adresse_absente_ou_incomplete,True,3108.883293,,,,,Non appariée,Simulation pédagogique locale,département : médiane + surface/énergie + aléa,37.45642521,True,False,-7921.316707,7921.316707,-71.81480578,0.2818519422,True,1,False
2314E4456040U,3178,2023,2023-08-21,etablissement,2026-01-09,True,conso_enedis_kwh,conso_enedis_kwh:simulation_locale_graine_fixe,Appartement,C,C,"1, 3, 5 Jean françois Millet",Rue Jean François Millet 14100 Lisieux,Rue Jean François Millet,Lisieux,14100,14366,14,RUE JEAN FRANCOIS MILLET,50,50,7866.4,8278,Réseau de Chauffage urbain + Électricité,False,Réseau de chaleur,45,412.4,True,45,somme_des_seules_energies_electriques_EF,False,0.9,165.56,17.042,852.1,715.8,715.8,1948-1974,1969,1969,0.2475080163,49.142908,adresse non géocodée ban car aucune correspondance trouvée,0.66,False,DPE:2314E4456040U,aucun,0,adresse_absente_ou_incomplete,True,1156.199197,,,,,Non appariée,Simulation pédagogique locale,département : médiane + surface/énergie + aléa,23.12398395,True,False,1111.199197,1111.199197,2469.33155,25.6933155,True,1,False
2314E4456260G,4563,2023,2023-08-21,etablissement,2026-01-09,True,conso_enedis_kwh,conso_enedis_kwh:simulation_locale_graine_fixe,Appartement,C,C,"1, 3, 5 Jean françois Millet",Rue Jean François Millet 14100 Lisieux,Rue Jean François Millet,Lisieux,14100,14366,14,RUE JEAN FRANCOIS MILLET,50,50,8175.1,8595.3,Réseau de Chauffage urbain + Électricité,False,Réseau de chaleur,47.8,419.1,True,47.8,somme_des_seules_energies_electriques_EF,False,0.956,171.906,17.72,886,742.1,742.1,1948-1974,1969,1969,0.2475080163,49.142908,adresse non géocodée ban car aucune correspondance trouvée,0.66,False,DPE:2314E4456260G,aucun,0,adresse_absente_ou_incomplete,True,1697.770896,,,,,Non appariée,Simulation pédagogique locale,département : médiane + surface/énergie + aléa,33.95541791,True,False,1649.970896,1649.970896,3451.821957,35.51821957,True,1,False
2314E4456867P,1694,2023,2023-08-21,etablissement,2026-01-09,True,conso_enedis_kwh,conso_enedis_kwh:simulation_locale_graine_fixe,Appartement,C,C,"1, 3, 5 Jean françois Millet",Rue Jean François Millet 14100 Lisieux,Rue Jean François Millet,Lisieux,14100,14366,14,RUE JEAN FRANCOIS MILLET,50,50,7959.8,8374,Réseau de Chauffage urbain + Électricité,False,Réseau de chaleur,45.8,414.4,True,45.8,somme_des_seules_energies_electriques_EF,False,0.916,167.48,17.248,862.4,723.7,723.7,1948-1974,1969,1969,0.2475080163,49.142908,adresse non géocodée ban car aucune correspondance trouvée,0.66,False,DPE:2314E4456867P,aucun,0,adresse_absente_ou_incomplete,True,1317.819571,,,,,Non appariée,Simulation pédagogique locale,département : médiane + surface/énergie + aléa,26.35639142,True,False,1272.019571,1272.019571,2777.335308,28.77335308,True,1,False
2314E4457048O,3957,2023,2023-11-28,etablissement,2026-01-09,True,conso_enedis_kwh,conso_enedis_kwh:simulation_locale_graine_fixe,Appartement,C,C,16 RUE COPENHAGUE,16 Rue de Copenhague 14120 Mondeville,16 Rue de Copenhague,Mondeville,14120,14437,14,16 RUE DE COPENHAGUE,71.2,71.2,9423.1,10056.3,Gaz naturel + Électricité,False,Gaz / GPL,703.5,0,False,703.5,somme_des_seules_energies_electriques_EF,False,9.880617978,141.2401685,28,1993.6,804,804,2006-2012,2010,2010,-0.3135600429,49.17055998,adresse non géocodée ban car aucune correspondance trouvée,0.74,False,14437|16 RUE DE COPENHAGUE,aucun,0,adresse_absente_ou_incomplete,True,1268.0672,,,,,Non appariée,Simulation pédagogique locale,département : médiane + surface/énergie + aléa,17.80993258,True,False,564.5671999,564.5671999,80.25120112,1.802512011,True,1,False
2314E4457606A,6253,2023,2023-11-28,etablissement,2026-01-09,True,conso_enedis_kwh,conso_enedis_kwh:simulation_locale_graine_fixe,Appartement,C,C,10 RUE COPENHAGUE,10 Rue de Copenhague 14120 Mondeville,10 Rue de Copenhague,Mondeville,14120,14437,14,10 RUE DE COPENHAGUE,71,71,8044.3,8674,Gaz naturel + Électricité,False,Gaz / GPL,699.7,0.1,False,699.7,somme_des_seules_energies_electriques_EF,False,9.854929577,122.1690141,24,1704,718,718,2006-2012,2010,2010,-0.3137789707,49.17035697,adresse non géocodée ban car aucune correspondance trouvée,0.74,False,14437|10 RUE DE COPENHAGUE,aucun,0,adresse_absente_ou_incomplete,True,1631.318124,,,,,Non appariée,Simulation pédagogique locale,département : médiane + surface/énergie + aléa,22.9763116,True,False,931.6181239,931.6181239,133.1453657,2.331453657,True,1,False
2314E4477523B,6561,2023,2023-12-26,etablissement,2026-01-09,True,conso_enedis_kwh,conso_enedis_kwh:simulation_locale_graine_fixe,Maison,E,E,17 Avenue de la Forêt,17 Avenue de la Forêt 14130 Saint-Gatien-des-Bois,17 Avenue de la Forêt,Saint-Gatien-des-Bois,14130,14578,14,17 AVENUE DE LA FORET,70,70,16842.3,17571.8,Gaz naturel + Électricité,False,Gaz / GPL,810.5,0,False,810.5,somme_des_seules_energies_electriques_EF,False,11.57857143,251.0257143,52,3640,1512,1512,1948-1974,1967,1967,0.1849299476,49.34659304,adresse non géocodée ban car aucune correspondance trouvée,0.81,False,14578|17 AVENUE DE LA FORET,aucun,0,adresse_absente_ou_incomplete,True,1697.708523,,,,,Non appariée,Simulation pédagogique locale,département : médiane + surface/énergie + aléa,24.2529789,True,False,887.208523,887.208523,109.4643458,2.094643458,True,1,False
2314E4478951Z,2684,2023,2023-12-26,etablissement,2026-01-09,True,conso_enedis_kwh,conso_enedis_kwh:simulation_locale_graine_fixe,Maison,E,E,19 Avenue de la Forêt,19 Avenue de la Forêt 14130 Saint-Gatien-des-Bois,19 Avenue de la Forêt,Saint-Gatien-des-Bois,14130,14578,14,19 AVENUE DE LA FORET,56,56,15428.4,16114.8,Gaz naturel + Électricité,False,Gaz / GPL,762.6,0,False,762.6,somme_des_seules_energies_electriques_EF,False,13.61785714,287.7642857,60,3360,1409,1409,1948-1974,1967,1967,0.1849919785,49.34641001,adresse non géocodée ban car aucune correspondance trouvée,0.81,False,14578|19 AVENUE DE LA FORET,aucun,0,adresse_absente_ou_incomplete,True,1611.239391,,,,,Non appariée,Simulation pédagogique locale,département : médiane + surface/énergie + aléa,28.77213198,True,False,848.6393908,848.6393908,111.2823749,2.112823749,True,1,False
2314E4480986G,2149,2023,2023-07-18,etablissement,2026-01-09,True,conso_enedis_kwh,conso_enedis_kwh:simulation_locale_graine_fixe,Appartement,D,C,"20, 22, 24 Roger aini",Rue Roger Aini 14100 Lisieux,Rue Roger Aini,Lisieux,14100,14366,14,RUE ROGER AINI,39,39,6781.4,7108.2,Réseau de Chauffage urbain + Électricité,False,Réseau de chaleur,37,326.2,True,37,somme_des_seules_energies_electriques_EF,False,0.9487179487,182.2615385,18.87179487,736,610.4,610.4,1948-1974,1969,1969,0.2460739537,49.14385703,adresse non géocodée ban car aucune correspondance trouvée,0.56,False,DPE:2314E4480986G,aucun,0,adresse_absente_ou_incomplete,True,1872.512078,,,,,Non appariée,Simulation pédagogique locale,département : médiane + surface/énergie + aléa,48.0131302,True,False,1835.512078,1835.512078,4960.843454,50.60843454,True,1,False
2314E4481108Y,9173,2023,2023-07-18,etablissement,2026-01-09,True,conso_enedis_kwh,conso_enedis_kwh:simulation_locale_graine_fixe,Appartement,C,C,"20, 22, 24 Roger aini",Rue Roger Aini 14100 Lisieux,Rue Roger Aini,Lisieux,14100,14366,14,RUE ROGER AINI,91,91,12153.1,12918.6,Réseau de Chauffage urbain + Électricité,False,Réseau de chaleur,87.2,763.4,True,87.2,somme_des_seules_energies_electriques_EF,False,0.9582417582,141.9626374,14.39450549,1309.9,1136.2,1136.2,1948-1974,1969,1969,0.2460739537,49.14385703,adresse non géocodée ban car aucune correspondance trouvée,0.56,False,DPE:2314E4481108Y,aucun,0,adresse_absente_ou_incomplete,True,1451.307284,,,,,Non appariée,Simulation pédagogique locale,département : médiane + surface/énergie + aléa,15.94843169,True,False,1364.107284,1364.107284,1564.343216,16.64343216,True,1,False
2314E4481151P,6970,2023,2023-07-18,etablissement,2026-01-09,True,conso_enedis_kwh,conso_enedis_kwh:simulation_locale_graine_fixe,Appartement,C,C,"20, 22, 24 Roger aini",Rue Roger Aini 14100 Lisieux,Rue Roger Aini,Lisieux,14100,14366,14,RUE ROGER AINI,50,50,7644.7,8051.3,Réseau de Chauffage urbain + Électricité,False,Réseau de chaleur,43.4,408.3,True,43.4,somme_des_seules_energies_electriques_EF,False,0.868,161.026,16.556,827.8,697.1,697.1,1948-1974,1969,1969,0.2460739537,49.14385703,adresse non géocodée ban car aucune correspondance trouvée,0.56,False,DPE:2314E4481151P,aucun,0,adresse_absente_ou_incomplete,True,1595.531902,,,,,Non appariée,Simulation pédagogique locale,département : médiane + surface/énergie + aléa,31.91063805,True,False,1552.131902,1552.131902,3576.340789,36.76340789,True,1,False
2314E4482864M,49,2023,2023-07-18,etablissement,2026-01-09,True,conso_enedis_kwh,conso_enedis_kwh:simulation_locale_graine_fixe,Appartement,C,C,"26, 28 Roger aini",Rue Roger Aini 14100 Lisieux,Rue Roger Aini,Lisieux,14100,14366,14,RUE ROGER AINI,70,70,11897,12505.7,Réseau de Chauffage urbain + Électricité,False,Réseau de chaleur,73.5,602.9,True,73.5,somme_des_seules_energies_electriques_EF,False,1.05,178.6528571,18.42,1289.4,1079.3,1079.3,1948-1974,1969,1969,0.2460739537,49.14385703,adresse non géocodée ban car aucune correspondance trouvée,0.61,False,DPE:2314E4482864M,aucun,0,adresse_absente_ou_incomplete,True,1629.028943,,,,,Non appariée,Simulation pédagogique locale,département : médiane + surface/énergie + aléa,23.27184204,True,False,1555.528943,1555.528943,2116.365909,22.16365909,True,1,False
2314E4482894Q,1147,2023,2023-07-18,etablissement,2026-01-09,True,conso_enedis_kwh,conso_enedis_kwh:simulation_locale_graine_fixe,Appartement,C,C,"26, 28 Roger aini",Rue Roger Aini 14100 Lisieux,Rue Roger Aini,Lisieux,14100,14366,14,RUE ROGER AINI,77,77,12105.8,12759.9,Réseau de Chauffage urbain + Électricité,False,Réseau de chaleur,75.8,651,True,75.8,somme_des_seules_energies_electriques_EF,False,0.9844155844,165.712987,17.01688312,1310.3,1106.3,1106.3,1948-1974,1969,1969,0.2460739537,49.14385703,adresse non géocodée ban car aucune correspondance trouvée,0.61,False,DPE:2314E4482894Q,aucun,0,adresse_absente_ou_incomplete,True,1026.433159,,,,,Non appariée,Simulation pédagogique locale,département : médiane + surface/énergie + aléa,13.33030077,True,False,950.6331594,950.6331594,1254.133456,13.54133456,True,1,False
2314E4485809T,7918,2023,2023-09-18,etablissement,2026-01-09,True,conso_enedis_kwh,conso_enedis_kwh:simulation_locale_graine_fixe,Appartement,D,B,25 de la république,25 Rue de la République 14600 Honfleur,25 Rue de la République,Honfleur,14600,14333,14,25 RUE DE LA REPUBLIQUE,76,76,9557.3,18158.9,Électricité,True,Électricité,8978.3,579,True,9557.3,total_EF_logement_tout_electrique,False,125.7539474,238.9328947,9.414473684,715.5,1597.8,1597.8,avant 1948,1945,1945,0.2320840665,49.41875296,adresse non géocodée ban car aucune correspondance trouvée,0.72,False,14333|25 RUE DE LA REPUBLIQUE,aucun,0,adresse_absente_ou_incomplete,True,4323.515434,,,,,Non appariée,Simulation pédagogique locale,commune : médiane + surface/énergie + aléa,56.88836098,True,False,-5233.784566,5233.784566,-54.76216678,0.4523783322,True,1,False
2314E4488212E,4534,2023,2023-12-14,etablissement,2026-01-09,True,adresse;conso_enedis_kwh,adresse:reconstruction_adresse_brute;conso_enedis_kwh:simulation_locale_graine_fixe,Appartement,C,C,11 Emile renouf,Rue Emile Renouf 14600 Honfleur,11 Emile renouf,Honfleur,14600,14333,14,11 EMILE RENOUF,41.6,41.6,3964.7,4290,Gaz naturel + Électricité,False,Gaz / GPL,76,285.5,True,76,somme_des_seules_energies_electriques_EF,False,1.826923077,103.125,20.22836538,841.5,505.6,505.6,après 2021,2020,2020,0.2457089836,49.41300601,adresse non géocodée ban car aucune correspondance trouvée,0.67,False,14333|11 EMILE RENOUF,aucun,0,adresse_absente_ou_incomplete,True,1507.408625,,,,,Non appariée,Simulation pédagogique locale,commune : médiane + surface/énergie + aléa,36.23578425,True,False,1431.408625,1431.408625,1883.432401,19.83432401,True,3,False
2314E4488384U,6977,2023,2023-12-14,etablissement,2026-01-09,True,adresse;conso_enedis_kwh,adresse:reconstruction_adresse_brute;conso_enedis_kwh:simulation_locale_graine_fixe,Appartement,C,C,11 Emile renouf,Rue Emile Renouf 14600 Honfleur,11 Emile renouf,Honfleur,14600,14333,14,11 EMILE RENOUF,64.5,64.5,4165.3,4570.9,Gaz naturel + Électricité,False,Gaz / GPL,86,364.6,True,86,somme_des_seules_energies_electriques_EF,False,1.333333333,70.86666667,13.53023256,872.7,543.8,543.8,après 2021,2020,2020,0.2457089836,49.41300601,adresse non géocodée ban car aucune correspondance trouvée,0.67,False,14333|11 EMILE RENOUF,aucun,0,adresse_absente_ou_incomplete,True,1507.408625,,,,,Non appariée,Simulation pédagogique locale,commune : médiane + surface/énergie + aléa,23.37067635,True,False,1421.408625,1421.408625,1652.800726,17.52800726,True,3,False
2314E4488624A,7847,2023,2023-12-14,etablissement,2026-01-09,True,adresse;conso_enedis_kwh,adresse:reconstruction_adresse_brute;conso_enedis_kwh:simulation_locale_graine_fixe,Appartement,C,C,11 Emile renouf,Rue Emile Renouf 14600 Honfleur,11 Emile renouf,Honfleur,14600,14333,14,11 EMILE RENOUF,41.6,41.6,2707.5,2952.4,Gaz naturel + Électricité,False,Gaz / GPL,50.1,222.1,True,50.1,somme_des_seules_energies_electriques_EF,False,1.204326923,70.97115385,13.71634615,570.6,349.8,349.8,après 2021,2020,2020,0.2457089836,49.41300601,adresse non géocodée ban car aucune correspondance trouvée,0.67,False,14333|11 EMILE RENOUF,aucun,0,adresse_absente_ou_incomplete,True,1507.408625,,,,,Non appariée,Simulation pédagogique locale,commune : médiane + surface/énergie + aléa,36.23578425,True,False,1457.308625,1457.308625,2908.79965,30.0879965,True,3,False
2314E4489041B,9182,2023,2023-12-26,etablissement,2026-01-09,True,conso_enedis_kwh,conso_enedis_kwh:simulation_locale_graine_fixe,Maison,D,D,4 Rue des Armoises,4 Rue des Armoises 14130 Pont-l'Évêque,4 Rue des Armoises,Pont-l'Évêque,14130,14514,14,4 RUE DES ARMOISES,71.3,71.3,10234.1,10924.5,Gaz naturel + Électricité,False,Gaz / GPL,767.1,0,False,767.1,somme_des_seules_energies_electriques_EF,False,10.75876578,153.2187938,29.98737728,2138.1,1071,1071,2006-2012,2006,2006,0.1769919779,49.28205604,adresse non géocodée ban car aucune correspondance trouvée,0.71,False,14514|4 RUE DES ARMOISES,aucun,0,adresse_absente_ou_incomplete,True,1224.674548,,,,,Non appariée,Simulation pédagogique locale,département : médiane + surface/énergie + aléa,17.17636112,True,False,457.5745476,457.5745476,59.64992147,1.596499215,True,1,False
2314E4493729J,8493,2023,2023-12-27,etablissement,2026-01-09,True,conso_enedis_kwh,conso_enedis_kwh:simulation_locale_graine_fixe,Appartement,C,C,les Sainfoins l'oudon,Rue des Sainfoins 14170 Saint-Pierre-en-Auge,Rue des Sainfoins,Saint-Pierre-en-Auge,14170,14654,14,RUE DES SAINFOINS,64.2,64.2,7171.8,8248.3,Gaz naturel + Électricité,False,Gaz / GPL,664.9,531.2,True,664.9,somme_des_seules_energies_electriques_EF,False,10.35669782,128.4781931,22.3411215,1434.3,758.2,758.2,2006-2012,2012,2012,-0.0161370229,48.99009904,adresse non géocodée ban car aucune correspondance trouvée,0.47,False,DPE:2314E4493729J,aucun,0,adresse_absente_ou_incomplete,True,1535.20616,,,,,Non appariée,Simulation pédagogique locale,département : médiane + surface/énergie + aléa,23.91286854,True,False,870.3061603,870.3061603,130.8927899,2.308927899,True,1,False
2314E4501633J,4755,2023,2023-12-28,etablissement,2026-01-09,True,conso_enedis_kwh,conso_enedis_kwh:simulation_locale_graine_fixe,Maison,D,D,2 Rue Louis Aragon,2 Rue Louis Aragon 14160 Dives-sur-Mer,2 Rue Louis Aragon,Dives-sur-Mer,14160,14225,14,2 RUE LOUIS ARAGON,79,79,13833.2,14544.7,Gaz naturel + Électricité,False,Gaz / GPL,790.6,0,False,790.6,somme_des_seules_energies_electriques_EF,False,10.00759494,184.1101266,38,3002,1311,1311,1989-2000,1992,1992,-0.09476497768,49.28200602,adresse non géocodée ban car aucune correspondance trouvée,0.8,False,14225|2 RUE LOUIS ARAGON,aucun,0,adresse_absente_ou_incomplete,True,2041.828956,,,,,Non appariée,Simulation pédagogique locale,commune : médiane + surface/énergie + aléa,25.84593615,True,False,1251.228956,1251.228956,158.2632123,2.582632123,True,1,False
2314E4502688Y,1315,2023,2023-12-13,etablissement,2026-01-09,True,conso_enedis_kwh,conso_enedis_kwh:simulation_locale_graine_fixe,Appartement,D,D,7-8 Romain rolland,Rue Romain Rolland 14270 Mézidon Vallée d'Auge,Rue Romain Rolland,Mézidon Vallée d'Auge,14270,14431,14,RUE ROMAIN ROLLAND,65,65,9372.1,9913.7,Gaz naturel + Électricité,False,Gaz / GPL,60.6,541.2,True,60.6,somme_des_seules_energies_electriques_EF,False,0.9323076923,152.5184615,31.23076923,2030,987,987,1983-1988,1983,1983,-0.07690598593,49.07463003,adresse non géocodée ban car aucune correspondance trouvée,0.46,False,DPE:2314E4502688Y,aucun,0,adresse_absente_ou_incomplete,True,1761.273237,,,,,Non appariée,Simulation pédagogique locale,département : médiane + surface/énergie + aléa,27.09651133,True,False,1700.673237,1700.673237,2806.391479,29.06391479,True,1,False
2314E4502771D,3345,2023,2023-12-13,etablissement,2026-01-09,True,conso_enedis_kwh,conso_enedis_kwh:simulation_locale_graine_fixe,Appartement,C,C,7-8 Romain rolland,Rue Romain Rolland 14270 Mézidon Vallée d'Auge,Rue Romain Rolland,Mézidon Vallée d'Auge,14270,14431,14,RUE ROMAIN ROLLAND,66,66,8596,9122.7,Gaz naturel + Électricité,False,Gaz / GPL,54,531.2,True,54,somme_des_seules_energies_electriques_EF,False,0.8181818182,138.2227273,28.12878788,1856.5,930.2,930.2,1983-1988,1983,1983,-0.07690598593,49.07463003,adresse non géocodée ban car aucune correspondance trouvée,0.46,False,DPE:2314E4502771D,aucun,0,adresse_absente_ou_incomplete,True,1202.494861,,,,,Non appariée,Simulation pédagogique locale,département : médiane + surface/énergie + aléa,18.21961911,True,False,1148.494861,1148.494861,2126.842336,22.26842336,True,1,False
2314E4512893L,8320,2023,2023-10-02,etablissement,2026-01-09,True,conso_enedis_kwh,conso_enedis_kwh:simulation_locale_graine_fixe,Appartement,C,C,de la rosière,Rue de la Rosière 14640 Villers-sur-Mer,Rue de la Rosière,Villers-sur-Mer,14640,14754,14,RUE DE LA ROSIERE,53.5,53.5,4698.8,5202.4,Gaz naturel + Électricité,False,Gaz / GPL,72.3,487.3,True,72.3,somme_des_seules_energies_electriques_EF,False,1.351401869,97.2411215,18.2411215,975.9,622.6,622.6,2001-2005,2001,2001,0.0003149920598,49.32400596,adresse non géocodée ban car aucune correspondance trouvée,0.72,False,DPE:2314E4512893L,aucun,0,adresse_absente_ou_incomplete,True,1696.139081,,,,,Non appariée,Simulation pédagogique locale,département : médiane + surface/énergie + aléa,31.70353423,True,False,1623.839081,1623.839081,2245.973833,23.45973833,True,1,False
2314E4515052M,3976,2023,2023-08-28,etablissement,2026-01-09,True,conso_enedis_kwh,conso_enedis_kwh:simulation_locale_graine_fixe,Appartement,C,C,Maurice lecroisey,Impasse Maurice Lecroisey 14360 Trouville-sur-Mer,Impasse Maurice Lecroisey,Trouville-sur-Mer,14360,14715,14,IMPASSE MAURICE LECROISEY,61.3,61.3,4663.5,5052,Gaz naturel + Électricité,False,Gaz / GPL,82.8,349,True,82.8,somme_des_seules_energies_electriques_EF,False,1.350734095,82.41435563,16.13050571,988.8,595.8,595.8,après 2021,2018,2018,0.09202506783,49.36144496,adresse non géocodée ban car aucune correspondance trouvée,0.68,False,DPE:2314E4515052M,aucun,0,adresse_absente_ou_incomplete,True,888.1678701,,,,,Non appariée,Simulation pédagogique locale,département : médiane + surface/énergie + aléa,14.48887227,True,False,805.3678701,805.3678701,972.6665098,10.7266651,True,1,False
2314E4524100M,8050,2023,2023-10-09,etablissement,2026-01-09,True,adresse;conso_enedis_kwh,adresse:reconstruction_adresse_brute;conso_enedis_kwh:simulation_locale_graine_fixe,Appartement,D,D,8 des Pluviers - Résidence des Pluviers,Impasse des Pluviers 14640 Villers-sur-Mer,8 des Pluviers - Résidence des Pluviers,Villers-sur-Mer,14640,14754,14,8 DES PLUVIERS RESIDENCE DES PLUVIERS,49,49,7325.3,7841.2,Gaz naturel + Électricité,False,Gaz / GPL,80.4,492.8,True,80.4,somme_des_seules_energies_electriques_EF,False,1.640816327,160.0244898,32.03877551,1569.9,837.4,837.4,1983-1988,1983,1983,0.008806063306,49.32231899,adresse non géocodée ban car aucune correspondance trouvée,0.47,False,14754|8 DES PLUVIERS RESIDENCE DES PLUVIERS,aucun,0,adresse_absente_ou_incomplete,True,965.0302247,,,,,Non appariée,Simulation pédagogique locale,département : médiane + surface/énergie + aléa,19.69449438,True,False,884.6302247,884.6302247,1100.286349,12.00286349,True,1,False
2314E4525723X,7991,2023,2023-12-04,etablissement,2026-01-09,True,conso_enedis_kwh,conso_enedis_kwh:simulation_locale_graine_fixe,Appartement,C,C,20 de la république - Résidence schoelcher,20 Place de la République 14160 Dives-sur-Mer,20 Place de la République,Dives-sur-Mer,14160,14225,14,20 PLACE DE LA REPUBLIQUE,56.8,56.8,5377.1,5916.3,Gaz naturel + Électricité,False,Gaz / GPL,74.2,524.9,True,74.2,somme_des_seules_energies_electriques_EF,False,1.306338028,104.1602113,19.77992958,1123.5,705.1,705.1,1989-2000,1999,1999,-0.09541203443,49.28649104,adresse non géocodée ban car aucune correspondance trouvée,0.56,False,14225|20 PLACE DE LA REPUBLIQUE,aucun,0,adresse_absente_ou_incomplete,True,1317.097678,,,,,Non appariée,Simulation pédagogique locale,commune : médiane + surface/énergie + aléa,23.18833941,True,False,1242.897678,1242.897678,1675.064256,17.75064256,True,1,False
2314E4526969V,7811,2023,2023-11-07,etablissement,2026-01-09,True,Aucun,Aucune,Appartement,D,C,5 Rue Jorge Semprun,5 Rue Jorge Semprun 14160 Dives-sur-Mer,5 Rue Jorge Semprun,Dives-sur-Mer,14160,14225,14,5 RUE JORGE SEMPRUN,51.6,51.6,7167.5,11116.3,Électricité + Gaz naturel,False,Électricité,3948.1,439.4,True,3948.1,somme_des_seules_energies_electriques_EF,False,76.51356589,215.4321705,17.75775194,916.3,976.3,976.3,2006-2012,2012,2012,-0.09481104012,49.29161404,adresse non géocodée ban car aucune correspondance trouvée,0.8,False,14225|5 RUE JORGE SEMPRUN,exact_normalise,1,apparie,False,1089.727273,1089.727273,11987,11,590715,5 RUE JORGE SEMPRUN,Moyenne observée à l'adresse,Sans simulation,21.1187456,True,False,-2858.372727,2858.372727,-72.3986912,0.276013088,False,1,False
2314E4526985L,7748,2023,2023-11-07,etablissement,2026-01-09,True,Aucun,Aucune,Appartement,D,C,7 Rue Jorge Semprun,7 Rue Jorge Semprun 14160 Dives-sur-Mer,7 Rue Jorge Semprun,Dives-sur-Mer,14160,14225,14,7 RUE JORGE SEMPRUN,68,68,9439.6,14640.1,Électricité + Gaz naturel,False,Électricité,5198.3,580.1,True,5198.3,somme_des_seules_energies_electriques_EF,False,76.44558824,215.2955882,17.74558824,1206.7,1251.4,1251.4,2006-2012,2012,2012,-0.09461900756,49.29178801,adresse non géocodée ban car aucune correspondance trouvée,0.8,False,14225|7 RUE JORGE SEMPRUN,exact_normalise,1,apparie,False,1065.454545,1065.454545,11720,11,590709,7 RUE JORGE SEMPRUN,Moyenne observée à l'adresse,Sans simulation,15.6684492,True,False,-4132.845455,4132.845455,-79.50378883,0.2049621117,False,1,False
2314E4527517X,6646,2023,2023-11-07,etablissement,2026-01-09,True,Aucun,Aucune,Appartement,D,C,1 Rue Jorge Semprun,1 Rue Jorge Semprun 14160 Dives-sur-Mer,1 Rue Jorge Semprun,Dives-sur-Mer,14160,14225,14,1 RUE JORGE SEMPRUN,64.7,64.7,8960.4,13652,Électricité + Gaz naturel,False,Électricité,4659.8,553.1,True,4659.8,somme_des_seules_energies_electriques_EF,False,72.02163833,211.0046368,18.38485317,1189.5,1167.8,1167.8,2006-2012,2012,2012,-0.09543899455,49.29107399,adresse non géocodée ban car aucune correspondance trouvée,0.8,False,14225|1 RUE JORGE SEMPRUN,exact_normalise,1,apparie,False,1348.909091,1348.909091,14838,11,590720,1 RUE JORGE SEMPRUN,Moyenne observée à l'adresse,Sans simulation,20.84867219,True,False,-3310.890909,3310.890909,-71.05221059,0.2894778941,False,1,False
2314E4527836E,3645,2023,2023-12-18,etablissement,2026-01-09,True,Aucun,Aucune,Appartement,C,C,6 Rue du Marché,6 Rue du Marché 14160 Dives-sur-Mer,6 Rue du Marché,Dives-sur-Mer,14160,14225,14,6 RUE DU MARCHE,58.4,58.4,6384.1,6954.2,Gaz naturel + Électricité,False,Gaz / GPL,85.5,547.9,True,85.5,somme_des_seules_energies_electriques_EF,False,1.464041096,119.0787671,23.05650685,1346.5,789.4,789.4,2001-2005,2003,2003,-0.09716493076,49.28722397,adresse non géocodée ban car aucune correspondance trouvée,0.8,False,14225|6 RUE DU MARCHE,exact_normalise,1,apparie,False,2170.238095,2170.238095,45575,21,590665,6 RUE DU MARCHE,Moyenne observée à l'adresse,Sans simulation,37.16161122,True,False,2084.738095,2084.738095,2438.29017,25.3829017,False,1,False
2314E4538355T,4054,2023,2023-06-16,etablissement,2026-01-09,True,conso_enedis_kwh,conso_enedis_kwh:simulation_locale_graine_fixe,Maison,D,D,12 Rue Charles Thierry,12 Rue Charles Thierry 14600 Honfleur,12 Rue Charles Thierry,Honfleur,14600,14333,14,12 RUE CHARLES THIERRY,98.7,98.7,14786.7,15693.3,Gaz naturel + Électricité,False,Gaz / GPL,1007.4,0.1,False,1007.4,somme_des_seules_energies_electriques_EF,False,10.20668693,159,32,3158.4,1421,1421,2001-2005,2003,2003,0.2405620087,49.408031,adresse non géocodée ban car aucune correspondance trouvée,0.8,False,14333|12 RUE CHARLES THIERRY,aucun,0,adresse_absente_ou_incomplete,True,2558.885687,,,,,Non appariée,Simulation pédagogique locale,commune : médiane + surface/énergie + aléa,25.92589349,True,False,1551.485687,1551.485687,154.0089029,2.540089029,True,1,False
2314E4560260G,6709,2023,2023-03-21,etablissement,2026-01-09,True,conso_enedis_kwh,conso_enedis_kwh:simulation_locale_graine_fixe,Maison,C,A,2 Rue Pierre Gallet,2 Rue Pierre Gallet 14100 Saint-Désir,2 Rue Pierre Gallet,Saint-Désir,14100,14574,14,2 RUE PIERRE GALLET,76.5,76.5,6244,10561.8,Électricité + Bois – Granulés (pellets) ou briquettes,False,Électricité,4797.6,0,False,4797.6,somme_des_seules_energies_electriques_EF,False,62.71372549,138.0627451,5.00130719,382.6,938,938,2006-2012,2012,2012,0.2148970224,49.136916,adresse non géocodée ban car aucune correspondance trouvée,0.79,False,14574|2 RUE PIERRE GALLET,aucun,0,adresse_absente_ou_incomplete,True,1031.438687,,,,,Non appariée,Simulation pédagogique locale,département : médiane + surface/énergie + aléa,13.48285866,True,False,-3766.161313,3766.161313,-78.50094449,0.2149905551,True,1,False
2314E4565626Q,6937,2023,2023-03-17,etablissement,2026-01-09,True,conso_enedis_kwh,conso_enedis_kwh:simulation_locale_graine_fixe,Appartement,C,C,7 Rue Camille Blaisot,7 Rue Camille Blaisot 14120 Mondeville,7 Rue Camille Blaisot,Mondeville,14120,14437,14,7 RUE CAMILLE BLAISOT,28,28,3772.4,3994.6,Gaz naturel + Électricité,False,Gaz / GPL,77.2,169.8,True,77.2,somme_des_seules_energies_electriques_EF,False,2.757142857,142.6642857,29.15714286,816.4,548.3,548.3,1948-1974,1948,1948,-0.3279149371,49.17102497,adresse non géocodée ban car aucune correspondance trouvée,0.81,False,14437|7 RUE CAMILLE BLAISOT,aucun,0,adresse_absente_ou_incomplete,True,1658.567665,,,,,Non appariée,Simulation pédagogique locale,département : médiane + surface/énergie + aléa,59.23455947,True,False,1581.367665,1581.367665,2048.403711,21.48403711,True,1,False
2315E3097367E,979,2023,2023-09-13,etablissement,2026-01-08,True,conso_enedis_kwh,conso_enedis_kwh:simulation_locale_graine_fixe,Appartement,E,B,9,Arpajon-sur-Cère,Arpajon-sur-Cère,Arpajon-sur-Cère,15130,15012,15,ARPAJON SUR CERE,58,58,13624.3,17052.4,Bois – Bûches + Électricité,False,Bois,3809,0,False,3809,somme_des_seules_energies_electriques_EF,False,65.67241379,294.0068966,9,522,1014,1014,1989-2000,1989,1989,2.464197027,44.87969803,adresse non géocodée ban car aucune correspondance trouvée,0.82,False,DPE:2315E3097367E,aucun,0,adresse_absente_ou_incomplete,True,1329.366853,,,,,Non appariée,Simulation pédagogique locale,commune : médiane + surface/énergie + aléa,22.92011816,True,False,-2479.633147,2479.633147,-65.09932126,0.3490067874,True,1,False
2316E2406176Y,6995,2023,2023-07-18,etablissement,2026-01-09,True,conso_enedis_kwh,conso_enedis_kwh:simulation_locale_graine_fixe,Maison,C,C,9 Le Hameau de chez Pley,9 Route de Chez Pley 16370 Cherves-Richemont,9 Route de Chez Pley,Cherves-Richemont,16370,16097,16,9 ROUTE DE CHEZ PLEY,242.8,242.8,24174.5,38704.9,Électricité + Fioul domestique,False,Électricité,16144.9,0.1,False,16144.9,somme_des_seules_energies_electriques_EF,False,66.4946458,159.410626,15.00123558,3642.3,3371,3371,avant 1948,1945,1945,-0.3637169426,45.74606602,adresse non géocodée ban car aucune correspondance trouvée,0.6,False,16097|9 ROUTE DE CHEZ PLEY,aucun,0,adresse_absente_ou_incomplete,True,2582.406992,,,,,Non appariée,Simulation pédagogique locale,département : médiane + surface/énergie + aléa,10.63594313,True,False,-13562.49301,13562.49301,-84.00481271,0.1599518729,True,1,False
2317E2083897Q,6146,2023,2023-06-22,etablissement,2026-01-10,True,conso_enedis_kwh,conso_enedis_kwh:simulation_locale_graine_fixe,Maison,B,A,2 rue des Fleurs,2 Rue des Fleurs 17520 Cierzac,2 Rue des Fleurs,Cierzac,17520,17106,17,2 RUE DES FLEURS,380,380,17538.3,28137.6,Électricité + Bois – Bûches,False,Électricité,11777,0,False,11777,somme_des_seules_energies_electriques_EF,False,30.99210526,74.04631579,2,760,2132,2132,avant 1948,1945,1945,-0.3151589688,45.56040503,adresse non géocodée ban car aucune correspondance trouvée,0.76,False,17106|2 RUE DES FLEURS,aucun,0,adresse_absente_ou_incomplete,True,2182.677006,,,,,Non appariée,Simulation pédagogique locale,département : médiane + surface/énergie + aléa,5.743886857,True,False,-9594.322994,9594.322994,-81.46661284,0.1853338716,True,1,False
2317E2762020H,1248,2023,2023-08-19,etablissement,2026-01-05,True,conso_enedis_kwh,conso_enedis_kwh:simulation_locale_graine_fixe,Maison,D,B,6 bis chemin du Pinier,6bis Chemin du Pinier 17600 Sablonceaux,6bis Chemin du Pinier,Sablonceaux,17600,17307,17,6 BIS CHEMIN DU PINIER,201,201,30739.8,42319.4,Bois – Bûches + Électricité,False,Bois,12866.3,0,False,12866.3,somme_des_seules_energies_electriques_EF,False,64.01144279,210.5442786,7,1407,2690,2690,avant 1948,1945,1945,-0.8653870258,45.728503,adresse non géocodée ban car aucune correspondance trouvée,0.73,False,17307|6 BIS CHEMIN DU PINIER,aucun,0,adresse_absente_ou_incomplete,True,3529.595626,,,,,Non appariée,Simulation pédagogique locale,département : médiane + surface/énergie + aléa,17.56017724,True,False,-9336.704374,9336.704374,-72.56712788,0.2743287212,True,1,False
2321E2506151I,9393,2023,2023-07-25,etablissement,2026-01-09,True,Aucun,Aucune,Appartement,D,C,11 Rue Jéhan de Marville,11 Rue Jehan de Marville 21000 Dijon,11 Rue Jehan de Marville,Dijon,21000,21231,21,11 RUE JEHAN DE MARVILLE,20.3,20.3,4512.8,4835,Réseau de Chauffage urbain + Électricité,False,Réseau de chaleur,358,0.1,False,358,somme_des_seules_energies_electriques_EF,False,17.63546798,238.1773399,16,324.8,431,431,1978-1982,1979,1979,5.027534936,47.31983904,adresse non géocodée ban car aucune correspondance trouvée,0.81,False,21231|11 RUE JEHAN DE MARVILLE,exact_normalise,1,apparie,False,1031.857143,1031.857143,21669,21,585591,11 RUE JEHAN DE MARVILLE,Moyenne observée à l'adresse,Sans simulation,50.83040113,True,False,673.8571429,673.8571429,188.2282522,2.882282522,False,1,False
2322E0573861N,7709,2023,2023-02-22,etablissement,2026-01-08,True,conso_enedis_kwh,conso_enedis_kwh:simulation_locale_graine_fixe,Maison,C,A,9 Lotissement des Aulnes,9 Lotissement des Aulnes 22830 Plouasne,9 Lotissement des Aulnes,Plouasne,22830,22208,22,9 LOTISSEMENT DES AULNES,88.6,88.6,5439.5,10335.1,Électricité,True,Électricité,5439.5,0,False,5439.5,total_EF_logement_tout_electrique,False,61.39390519,116.6489842,4.652370203,412.2,949.9,949.9,2006-2012,2009,2009,-2.003637978,48.29833003,adresse géocodée ban à l'adresse,0.49,False,22208|9 LOTISSEMENT DES AULNES,aucun,0,adresse_absente_ou_incomplete,True,4747.068003,,,,,Non appariée,Simulation pédagogique locale,département : médiane + surface/énergie + aléa,53.57864564,True,False,-692.4319965,692.4319965,-12.72969936,0.8727030064,True,1,False
2322E2013015P,1869,2023,2023-05-23,etablissement,2026-01-01,True,conso_enedis_kwh,conso_enedis_kwh:simulation_locale_graine_fixe,Appartement,D,B,33 Rue du Chef de Ville,33 Rue du Chef de Ville 22000 Saint-Brieuc,33 Rue du Chef de Ville,Saint-Brieuc,22000,22278,22,33 RUE DU CHEF DE VILLE,20.2,20.2,2629.9,4996.8,Électricité,True,Électricité,2447.1,182.8,True,2629.9,total_EF_logement_tout_electrique,False,130.1930693,247.3663366,9.504950495,192,521.1,521.1,1989-2000,1995,1995,-2.737981008,48.51226402,adresse non géocodée ban car aucune correspondance trouvée,0.82,False,22278|33 RUE DU CHEF DE VILLE,aucun,0,adresse_absente_ou_incomplete,True,1882.864832,,,,,Non appariée,Simulation pédagogique locale,département : médiane + surface/énergie + aléa,93.21113029,True,False,-747.0351682,747.0351682,-28.40545908,0.7159454092,True,3,False
2322E2013068Q,7935,2023,2023-05-23,etablissement,2026-01-01,True,conso_enedis_kwh,conso_enedis_kwh:simulation_locale_graine_fixe,Appartement,C,A,33 Rue du Chef de Ville,33 Rue du Chef de Ville 22000 Saint-Brieuc,33 Rue du Chef de Ville,Saint-Brieuc,22000,22278,22,33 RUE DU CHEF DE VILLE,20.5,20.5,2156.9,4098.2,Électricité,True,Électricité,1971.9,185,True,2156.9,total_EF_logement_tout_electrique,False,105.2146341,199.9121951,7.541463415,154.6,452.4,452.4,1989-2000,1995,1995,-2.737981008,48.51226402,adresse non géocodée ban car aucune correspondance trouvée,0.82,False,22278|33 RUE DU CHEF DE VILLE,aucun,0,adresse_absente_ou_incomplete,True,1882.864832,,,,,Non appariée,Simulation pédagogique locale,département : médiane + surface/énergie + aléa,91.84706496,True,False,-274.0351682,274.0351682,-12.70504744,0.8729495256,True,3,False
2322E2013071T,2565,2023,2023-05-23,etablissement,2026-01-01,True,conso_enedis_kwh,conso_enedis_kwh:simulation_locale_graine_fixe,Appartement,C,B,33 Rue du Chef de Ville,33 Rue du Chef de Ville 22000 Saint-Brieuc,33 Rue du Chef de Ville,Saint-Brieuc,22000,22278,22,33 RUE DU CHEF DE VILLE,22.3,22.3,2404.2,4567.9,Électricité,True,Électricité,2202.6,201.6,True,2404.2,total_EF_logement_tout_electrique,False,107.8116592,204.838565,7.717488789,172.1,487.2,487.2,1989-2000,1995,1995,-2.737981008,48.51226402,adresse non géocodée ban car aucune correspondance trouvée,0.82,False,22278|33 RUE DU CHEF DE VILLE,aucun,0,adresse_absente_ou_incomplete,True,1882.864832,,,,,Non appariée,Simulation pédagogique locale,département : médiane + surface/énergie + aléa,84.43340053,True,False,-521.3351682,521.3351682,-21.68435106,0.7831564894,True,3,False
2322E2674828Y,2917,2023,2023-08-08,etablissement,2026-01-02,True,conso_enedis_kwh,conso_enedis_kwh:simulation_locale_graine_fixe,Maison,D,B,8 Rue de Bel Air,8 Rue de Bel Air 22570 Gouarec,8 Rue de Bel Air,Gouarec,22570,22064,22,8 RUE DE BEL AIR,107.3,107.3,15968.2,25524.6,Électricité + Bois – Bûches,False,Électricité,10618.3,1.818989404e-12,False,10618.3,somme_des_seules_energies_electriques_EF,False,98.95899348,237.8807083,9,965.7,1935,1935,1948-1974,1974,1974,-3.194342042,48.22942102,adresse non géocodée ban car aucune correspondance trouvée,0.78,False,22064|8 RUE DE BEL AIR,aucun,0,adresse_absente_ou_incomplete,True,4389.004895,,,,,Non appariée,Simulation pédagogique locale,département : médiane + surface/énergie + aléa,40.90405307,True,False,-6229.295105,6229.295105,-58.66565368,0.4133434632,True,1,False
2322E3352465X,5208,2023,2023-09-21,etablissement,2026-01-11,True,conso_enedis_kwh,conso_enedis_kwh:simulation_locale_graine_fixe,Maison,D,B,5 Hent Kermorgan,5 Rue de Kermorgan 22660 Trévou-Tréguignec,5 Rue de Kermorgan,Trévou-Tréguignec,22660,22379,22,5 RUE DE KERMORGAN,100,100,13911.1,22888.5,Électricité + Bois – Bûches,False,Électricité,9974.8,1.818989404e-12,False,9974.8,somme_des_seules_energies_electriques_EF,False,99.748,228.885,8,800,1790,1790,avant 1948,1945,1945,-3.342772001,48.82124904,adresse non géocodée ban car aucune correspondance trouvée,0.6,False,22379|5 RUE DE KERMORGAN,aucun,0,adresse_absente_ou_incomplete,True,4227.446644,,,,,Non appariée,Simulation pédagogique locale,département : médiane + surface/énergie + aléa,42.27446644,True,False,-5747.353356,5747.353356,-57.61873277,0.4238126723,True,1,False
2324E0456475T,8294,2023,2023-02-09,etablissement,2026-01-07,True,conso_enedis_kwh,conso_enedis_kwh:simulation_locale_graine_fixe,Appartement,F,C,23 rue Antoine Gadaud,23 Rue Antoine Gadaud 24000 Périgueux,23 Rue Antoine Gadaud,Périgueux,24000,24322,24,23 RUE ANTOINE GADAUD,49.5,49.5,10109.5,19208.1,Électricité,True,Électricité,10109.5,0,False,10109.5,total_EF_logement_tout_electrique,False,204.2323232,388.0424242,15,742.5,1684,1684,avant 1948,1945,1945,0.716461987,45.18691501,adresse non géocodée ban car aucune correspondance trouvée,0.81,False,24322|23 RUE ANTOINE GADAUD,aucun,0,adresse_absente_ou_incomplete,True,3260.592131,,,,,Non appariée,Simulation pédagogique locale,département : médiane + surface/énergie + aléa,65.87054809,True,False,-6848.907869,6848.907869,-67.74724635,0.3225275365,True,1,False
2324E2198782O,1269,2023,2023-06-29,etablissement,2026-01-07,True,conso_enedis_kwh,conso_enedis_kwh:simulation_locale_graine_fixe,Maison,B,A,Chemin des Gerauds,Chemin des Gèrauds 24650 Chancelade,Chemin des Gèrauds,Chancelade,24650,24102,24,CHEMIN DES GERAUDS,172.1,172.1,9709.1,18446.5,Électricité + Bois – Bûches,False,Électricité,9708.2,0,False,9708.2,somme_des_seules_energies_electriques_EF,False,56.41022661,107.1847763,3.998837885,688.2,1622,1622,2006-2012,2008,2008,0.6615180437,45.20480299,adresse non géocodée ban car aucune correspondance trouvée,0.79,False,DPE:2324E2198782O,aucun,0,adresse_absente_ou_incomplete,True,1856.81314,,,,,Non appariée,Simulation pédagogique locale,département : médiane + surface/énergie + aléa,10.78915247,True,False,-7851.38686,7851.38686,-80.87376507,0.1912623493,True,1,False
2324E3961730G,9429,2023,2023-11-21,etablissement,2026-01-05,True,conso_enedis_kwh,conso_enedis_kwh:simulation_locale_graine_fixe,Appartement,C,A,6 cours Fénelon -  N°7,6 Cours Fénelon 24000 Périgueux,6 Cours Fénelon,Périgueux,24000,24322,24,6 COURS FENELON,22.7,22.7,2204.8,4189,Électricité,True,Électricité,2204.8,0,False,2204.8,total_EF_logement_tout_electrique,False,97.1277533,184.5374449,6.008810573,136.4,459,459,avant 1948,1945,1945,0.7201669472,45.182039,adresse non géocodée ban car aucune correspondance trouvée,0.72,False,24322|6 COURS FENELON,aucun,0,adresse_absente_ou_incomplete,True,2802.884294,,,,,Non appariée,Simulation pédagogique locale,département : médiane + surface/énergie + aléa,123.475079,True,False,598.0842935,598.0842935,27.12646469,1.271264647,True,1,False
2324E3997301J,5070,2023,2023-11-23,etablissement,2026-01-07,True,conso_enedis_kwh,conso_enedis_kwh:simulation_locale_graine_fixe,Appartement,C,A,23 rue de coulobre ODM n° 9602127,23 Rue du Coulobre 24100 Bergerac,23 Rue du Coulobre,Bergerac,24100,24037,24,23 RUE DU COULOBRE,36.5,36.5,3473.5,6599.6,Électricité,True,Électricité,3473.5,0,False,3473.5,total_EF_logement_tout_electrique,False,95.16438356,180.8109589,6.005479452,219.2,649,649,2006-2012,2006,2006,0.5007060515,44.869218,adresse non géocodée ban car aucune correspondance trouvée,0.52,False,24037|23 RUE DU COULOBRE,aucun,0,adresse_absente_ou_incomplete,True,2156.715208,,,,,Non appariée,Simulation pédagogique locale,commune : médiane + surface/énergie + aléa,59.08808788,True,False,-1316.784792,1316.784792,-37.90945134,0.6209054866,True,1,False
2325E1321999E,1296,2023,2023-04-20,etablissement,2026-01-04,True,conso_enedis_kwh,conso_enedis_kwh:simulation_locale_graine_fixe,Maison,D,B,20 Rue des Ecoles,20 Rue des Ecoles 25320 Vorges-les-Pins,20 Rue des Ecoles,Vorges-les-Pins,25320,25631,25,20 RUE DES ECOLES,127.3,127.3,19141.4,31692.5,Électricité + Bois – Bûches,False,Électricité,13945.7,0.1,False,13945.7,somme_des_seules_energies_electriques_EF,False,109.5498822,248.9591516,9,1145.7,2454,2454,1978-1982,1978,1978,5.929474978,47.16097602,adresse non géocodée ban car aucune correspondance trouvée,0.79,False,25631|20 RUE DES ECOLES,aucun,0,adresse_absente_ou_incomplete,True,1982.195897,,,,,Non appariée,Simulation pédagogique locale,département : médiane + surface/énergie + aléa,15.57105967,True,False,-11963.5041,11963.5041,-85.78632914,0.1421367086,True,1,False
2325E3562878V,224,2023,2023-10-22,etablissement,2026-01-07,True,adresse;annee_construction;conso_enedis_kwh,adresse:reconstruction_adresse_brute;annee_construction:milieu_periode_ou_20_ans_avant_seuil;conso_enedis_kwh:simulation_locale_graine_fixe,Appartement,C,C,30 chemin des Tilleroyes,chemin des tilleroyes 25000 Besançon,30 chemin des Tilleroyes,Besançon,25000,25056,25,30 CHEMIN DES TILLEROYES,65.1,65.1,3970,4347.4,Gaz naturel + Électricité,False,Gaz / GPL,419.3,0,False,419.3,somme_des_seules_energies_electriques_EF,False,6.440860215,66.78033794,12.80184332,833.4,322.8,322.8,2006-2012,,2009,5.978509067,47.24150702,adresse géocodée ban à l'adresse,0.73,False,25056|30 CHEMIN DES TILLEROYES,aucun,0,adresse_absente_ou_incomplete,True,1237.968357,,,,,Non appariée,Simulation pédagogique locale,commune : médiane + surface/énergie + aléa,19.01641101,True,False,818.6683566,818.6683566,195.246448,2.95246448,True,1,False
2325E3955567G,2401,2023,2023-11-07,etablissement,2026-01-07,True,Aucun,Aucune,Appartement,B,B,4 Rue Bichat,4 rue françois xavier bichat 25000 Besançon,4 rue françois xavier bichat,Besançon,25000,25056,25,4 RUE FRANCOIS XAVIER BICHAT,53,53,5221.1,5509.5,Réseau de Chauffage urbain + Électricité,False,Réseau de chaleur,98.6,221.8,True,98.6,somme_des_seules_energies_electriques_EF,False,1.860377358,103.9528302,7.790566038,412.9,499,499,2006-2012,2013,2013,5.950697006,47.22405096,adresse non géocodée ban car aucune correspondance trouvée,0.57,False,25056|4 RUE FRANCOIS XAVIER BICHAT,exact_normalise,1,apparie,False,833.3636364,833.3636364,18334,22,207991,4 RUE FRANCOIS XAVIER BICHAT,Moyenne observée à l'adresse,Sans simulation,15.7238422,True,False,734.7636364,734.7636364,745.1963858,8.451963858,False,1,False
2327E3527903S,4588,2023,2023-10-19,etablissement,2026-01-08,True,conso_enedis_kwh,conso_enedis_kwh:simulation_locale_graine_fixe,Maison,E,B,20   VOIE DE LA MARELLE,20 Voie de la Marelle 27100 Val-de-Reuil,20 Voie de la Marelle,Val-de-Reuil,27100,27701,27,20 VOIE DE LA MARELLE,87,87,11447.5,21750.3,Électricité,True,Électricité,11447.5,0,False,11447.5,total_EF_logement_tout_electrique,False,131.5804598,250.0034483,9,783,1895,1895,1983-1988,1985,1985,1.207150955,49.27600298,adresse non géocodée ban car aucune correspondance trouvée,0.81,False,27701|20 VOIE DE LA MARELLE,aucun,0,adresse_absente_ou_incomplete,True,4058.407999,,,,,Non appariée,Simulation pédagogique locale,département : médiane + surface/énergie + aléa,46.6483678,True,False,-7389.092001,7389.092001,-64.54764797,0.3545235203,True,1,False
2328E0359860Y,6184,2023,2023-02-03,etablissement,2026-01-03,True,conso_enedis_kwh,conso_enedis_kwh:simulation_locale_graine_fixe,Maison,F,C,7 Rue Jean Moulin,7 Rue Jean Moulin 28200 Saint-Denis-Lanneray,7 Rue Jean Moulin,Saint-Denis-Lanneray,28200,28334,28,7 RUE JEAN MOULIN,54.4,54.4,12849.5,20653.4,Électricité + Bois – Bûches,False,Électricité,8671,0,False,8671,somme_des_seules_energies_electriques_EF,False,159.3933824,379.6580882,13.98713235,760.9,1593,1593,avant 1948,1945,1945,1.289633014,48.06565598,adresse non géocodée ban car aucune correspondance trouvée,0.53,False,28334|7 RUE JEAN MOULIN,aucun,0,adresse_absente_ou_incomplete,True,1664.760279,,,,,Non appariée,Simulation pédagogique locale,département : médiane + surface/énergie + aléa,30.60221101,True,False,-7006.239721,7006.239721,-80.80082714,0.1919917286,True,1,False
2328E0675417T,4874,2023,2023-03-01,etablissement,2026-01-05,True,conso_enedis_kwh,conso_enedis_kwh:simulation_locale_graine_fixe,Maison,D,B,3 du vert coteau,3 Rue du Vert Coteau 28220 Cloyes-les-Trois-Rivières,3 Rue du Vert Coteau,Cloyes-les-Trois-Rivières,28220,28103,28,3 RUE DU VERT COTEAU,75,75,8781.7,16685.2,Électricité,True,Électricité,8781.7,0,False,8781.7,total_EF_logement_tout_electrique,False,117.0893333,222.4693333,8.004,600.3,1476,1476,1989-2000,1989,1989,1.224107968,47.99758001,adresse non géocodée ban car aucune correspondance trouvée,0.48,False,28103|3 RUE DU VERT COTEAU,aucun,0,adresse_absente_ou_incomplete,True,3995.036138,,,,,Non appariée,Simulation pédagogique locale,département : médiane + surface/énergie + aléa,53.26714851,True,False,-4786.663862,4786.663862,-54.50725784,0.4549274216,True,1,False
2328E1569378W,1452,2023,2023-05-10,etablissement,2026-01-03,True,conso_enedis_kwh,conso_enedis_kwh:simulation_locale_graine_fixe,Maison,E,C,2 de la grève,2 Rue de la Grêve 28800 Bonneval,2 Rue de la Grêve,Bonneval,28800,28051,28,2 RUE DE LA GREVE,25.9,25.9,4577.9,8698,Électricité,True,Électricité,4577.9,0,False,4577.9,total_EF_logement_tout_electrique,False,176.7528958,335.8301158,12.01544402,311.2,818,818,avant 1948,1945,1945,1.386709963,48.18074397,adresse non géocodée ban car aucune correspondance trouvée,0.69,False,28051|2 RUE DE LA GREVE,aucun,0,adresse_absente_ou_incomplete,True,2175.830896,,,,,Non appariée,Simulation pédagogique locale,commune : médiane + surface/énergie + aléa,84.00891491,True,False,-2402.069104,2402.069104,-52.47098241,0.4752901759,True,1,False
2328E2445138Y,8540,2023,2023-07-20,etablissement,2026-01-12,True,annee_construction;conso_enedis_kwh,annee_construction:milieu_periode_ou_20_ans_avant_seuil;conso_enedis_kwh:simulation_locale_graine_fixe,Maison,D,D,10 rue de la résistance,10 Rue de la Résistance 28150 Prasville,10 Rue de la Résistance,Prasville,28150,28304,28,10 RUE DE LA RESISTANCE,259.4,259.4,32516.1,36266.2,Fioul domestique + Électricité,False,Fioul,4166.8,0,False,4166.8,somme_des_seules_energies_electriques_EF,False,16.06322282,139.8080185,36.45682344,9456.9,3346,3346,avant 1948,,1928,1.713229006,48.27681601,adresse géocodée ban à l'adresse,0.45,False,28304|10 RUE DE LA RESISTANCE,aucun,0,adresse_absente_ou_incomplete,True,3071.171539,,,,,Non appariée,Simulation pédagogique locale,département : médiane + surface/énergie + aléa,11.83952019,True,False,-1095.628461,1095.628461,-26.29424166,0.7370575834,True,1,False
2329E3193059E,4929,2023,2023-09-21,etablissement,2026-01-07,True,conso_enedis_kwh,conso_enedis_kwh:simulation_locale_graine_fixe,Maison,C,A,299 Kerscouarnec,299 Lieu Dit Kerscouarnec 29430 Plouescat,299 Lieu Dit Kerscouarnec,Plouescat,29430,29185,29,299 LIEU DIT KERSCOUARNEC,128,128,12812.9,18654.7,Électricité + Bois – Bûches,False,Électricité,6490.9,0,False,6490.9,somme_des_seules_energies_electriques_EF,False,50.71015625,145.7398438,5,640,1318,1318,2001-2005,2001,2001,-4.178025047,48.68184399,adresse non géocodée ban car aucune correspondance trouvée,0.63,False,29185|299 LIEU DIT KERSCOUARNEC,aucun,0,adresse_absente_ou_incomplete,True,1635.685458,,,,,Non appariée,Simulation pédagogique locale,département : médiane + surface/énergie + aléa,12.77879264,True,False,-4855.214542,4855.214542,-74.80032879,0.2519967121,True,1,False
2330E0566616E,6746,2023,2023-02-21,etablissement,2026-01-06,True,conso_enedis_kwh,conso_enedis_kwh:simulation_locale_graine_fixe,Maison,B,A,"55, chemin du Mas de l'avocat",55 Chemin du Mas de l'Avocat 30129 Redessan,55 Chemin du Mas de l'Avocat,Redessan,30129,30211,30,55 CHEMIN DU MAS DE L AVOCAT,102,102,5059.6,9613.3,Électricité,True,Électricité,5059.6,0,False,5059.6,total_EF_logement_tout_electrique,False,49.60392157,94.24803922,3.538235294,360.9,890.1,890.1,2006-2012,2011,2011,4.493189006,43.83040897,adresse géocodée ban à l'adresse,0.57,False,30211|55 CHEMIN DU MAS DE L AVOCAT,aucun,0,adresse_absente_ou_incomplete,True,5306.525213,,,,,Non appariée,Simulation pédagogique locale,département : médiane + surface/énergie + aléa,52.02475699,True,False,246.9252125,246.9252125,4.880330709,1.048803307,True,1,False
2330E3893747T,4699,2023,2023-11-15,etablissement,2026-01-07,True,conso_enedis_kwh,conso_enedis_kwh:simulation_locale_graine_fixe,Maison,B,A,94 Chemin du Mortissou,94 Chemin du Mortissou 30960 Les Mages,94 Chemin du Mortissou,Les Mages,30960,30152,30,94 CHEMIN DU MORTISSOU,201.3,201.3,9381.4,17824.7,Électricité,True,Électricité,9381.4,0,False,9381.4,total_EF_logement_tout_electrique,False,46.60407352,88.5479384,3.595131644,723.7,1570.2,1570.2,2001-2005,2002,2002,4.164715022,44.22611501,adresse géocodée ban à l'adresse,0.45,False,30152|94 CHEMIN DU MORTISSOU,aucun,0,adresse_absente_ou_incomplete,True,4153.206945,,,,,Non appariée,Simulation pédagogique locale,département : médiane + surface/énergie + aléa,20.6319272,True,False,-5228.193055,5228.193055,-55.72934802,0.4427065198,True,1,False
2331E3611397E,4711,2023,2023-10-25,etablissement,2026-01-05,True,conso_enedis_kwh,conso_enedis_kwh:simulation_locale_graine_fixe,Appartement,B,A,résidence RESIDENCE DE L'ORION  10 Rue Jean Weber,10 Rue Jean Weber 31100 Toulouse,10 Rue Jean Weber,Toulouse,31100,31555,31,10 RUE JEAN WEBER,64.5,64.5,3140,5966,Électricité,True,Électricité,3140,0,False,3140,total_EF_logement_tout_electrique,False,48.68217054,92.49612403,3.001550388,193.6,618,618,2006-2012,2006,2006,1.386005031,43.54947199,adresse non géocodée ban car aucune correspondance trouvée,0.44,False,31555|10 RUE JEAN WEBER,aucun,0,adresse_absente_ou_incomplete,True,2532.02975,,,,,Non appariée,Simulation pédagogique locale,département : médiane + surface/énergie + aléa,39.2562752,True,False,-607.9702496,607.9702496,-19.36210986,0.8063789014,True,1,False
2331E3613163C,3658,2023,2023-10-20,etablissement,2026-01-02,True,conso_enedis_kwh,conso_enedis_kwh:simulation_locale_graine_fixe,Maison,B,A,1 H CHEMIN ROUQUIE,1h Chemin de Rouquie 31180 Castelmaurou,1h Chemin de Rouquie,Castelmaurou,31180,31117,31,1 H CHEMIN DE ROUQUIE,109.6,109.6,4542.8,8631.3,Électricité,True,Électricité,4179.3,363.5,True,4542.8,total_EF_logement_tout_electrique,False,41.44890511,78.75273723,3.100364964,339.8,825,825,2006-2012,2012,2012,1.551078946,43.67744002,adresse non géocodée ban car aucune correspondance trouvée,0.75,False,31117|1 H CHEMIN DE ROUQUIE,aucun,0,adresse_absente_ou_incomplete,True,7003.979254,,,,,Non appariée,Simulation pédagogique locale,commune : médiane + surface/énergie + aléa,63.90492021,True,False,2461.179254,2461.179254,54.17758331,1.541775833,True,1,False
2333E0576224V,9548,2023,2023-02-22,etablissement,2026-01-06,True,conso_enedis_kwh,conso_enedis_kwh:simulation_locale_graine_fixe,Maison,A,A,14 chambrelent,14 Avenue Chambrelent Pyla 33115 La Teste-de-Buch,14 Avenue Chambrelent Pyla,La Teste-de-Buch,33115,33529,33,14 AVENUE CHAMBRELENT PYLA,180,180,3272.9,6218.5,Électricité,True,Électricité,3272.9,0,False,3272.9,total_EF_logement_tout_electrique,False,18.18277778,34.54722222,1,180,619,619,après 2021,2020,2020,-1.20324202,44.60656598,adresse non géocodée ban car aucune correspondance trouvée,0.51,False,33529|14 AVENUE CHAMBRELENT PYLA,aucun,0,adresse_absente_ou_incomplete,True,2377.109604,,,,,Non appariée,Simulation pédagogique locale,commune : médiane + surface/énergie + aléa,13.20616447,True,False,-895.7903958,895.7903958,-27.36992868,0.7263007132,True,1,False
2333E0721474J,9108,2023,2023-03-05,etablissement,2026-01-06,True,Aucun,Aucune,Appartement,D,B,134 Rue de Bègles,134 Rue de Bègles 33800 Bordeaux,134 Rue de Bègles,Bordeaux,33800,33063,33,134 RUE DE BEGLES,22.7,22.7,3133.5,5953.7,Électricité,True,Électricité,3133.5,0,False,3133.5,total_EF_logement_tout_electrique,False,138.0396476,262.277533,10.01321586,227.3,598,598,1948-1974,1948,1948,-0.5659559739,44.82409097,adresse non géocodée ban car aucune correspondance trouvée,0.82,False,33063|134 RUE DE BEGLES,exact_normalise,1,apparie,False,2375.066667,2375.066667,35626,15,248047,134 RUE DE BEGLES,Moyenne observée à l'adresse,Sans simulation,104.6284875,True,False,-758.4333333,758.4333333,-24.2040317,0.757959683,False,1,False
2333E0901715S,228,2023,2023-03-18,etablissement,2026-01-07,True,conso_enedis_kwh,conso_enedis_kwh:simulation_locale_graine_fixe,Maison,D,B,RCE Parc Montaigne,Rue Michel de Montaigne 33220 Pineuilh,Rue Michel de Montaigne,Pineuilh,33220,33324,33,RUE MICHEL DE MONTAIGNE,72,72,7188.1,13657.4,Électricité,True,Électricité,7188.1,0,False,7188.1,total_EF_logement_tout_electrique,False,99.83472222,189.6861111,6.995833333,503.7,1225,1225,2001-2005,2005,2005,0.2299120149,44.82966096,adresse non géocodée ban car aucune correspondance trouvée,0.47,False,DPE:2333E0901715S,aucun,0,adresse_absente_ou_incomplete,True,6451.254335,,,,,Non appariée,Simulation pédagogique locale,département : médiane + surface/énergie + aléa,89.60075465,True,False,-736.8456653,736.8456653,-10.25091005,0.8974908995,True,1,False
2333E1816945W,828,2023,2023-06-01,etablissement,2026-01-07,True,annee_construction;conso_enedis_kwh,annee_construction:milieu_periode_ou_20_ans_avant_seuil;conso_enedis_kwh:simulation_locale_graine_fixe,Maison,C,C,57 Rue de la République,57 Rue de la République 33230 Saint-Médard-de-Guizières,57 Rue de la République,Saint-Médard-de-Guizières,33230,33447,33,57 RUE DE LA REPUBLIQUE,321.3,321.3,34447.2,36833,Gaz naturel + Électricité,False,Gaz / GPL,2650.9,0,False,2650.9,somme_des_seules_energies_electriques_EF,False,8.250544662,114.6374105,23.07500778,7414,2831.6,2831.6,avant 1948,,1928,-0.05548797919,45.01504696,adresse géocodée ban à l'adresse,0.59,False,33447|57 RUE DE LA REPUBLIQUE,aucun,0,adresse_absente_ou_incomplete,True,6290.46649,,,,,Non appariée,Simulation pédagogique locale,département : médiane + surface/énergie + aléa,19.57817146,True,False,3639.56649,3639.56649,137.295503,2.37295503,True,1,False
2333E1986626B,9749,2023,2023-06-08,etablissement,2026-01-01,True,conso_enedis_kwh,conso_enedis_kwh:simulation_locale_graine_fixe,Appartement,C,A,Résidence L'eau Blanche 3-5 Route de Léognan - Appt N°212,5 Route de Léognan 33140 Villenave-d'Ornon,5 Route de Léognan,Villenave-d'Ornon,33140,33550,33,5 ROUTE DE LEOGNAN,59.1,59.1,3500.4,6650.8,Électricité,True,Électricité,3500.4,0,False,3500.4,total_EF_logement_tout_electrique,False,59.2284264,112.534687,4,236.4,653,653,2006-2012,2006,2006,-0.5772210487,44.77225099,adresse non géocodée ban car aucune correspondance trouvée,0.49,False,33550|5 ROUTE DE LEOGNAN,aucun,0,adresse_absente_ou_incomplete,True,2594.907822,,,,,Non appariée,Simulation pédagogique locale,département : médiane + surface/énergie + aléa,43.90706975,True,False,-905.4921775,905.4921775,-25.8682487,0.741317513,True,1,False
2334E0554184E,3784,2023,2023-02-20,etablissement,2026-01-12,True,conso_enedis_kwh,conso_enedis_kwh:simulation_locale_graine_fixe,Maison,C,A,2 Lotissement Les Hauts du Mourel,2 Impasse du Mourel 34220 Courniou,2 Impasse du Mourel,Courniou,34220,34086,34,2 IMPASSE DU MOUREL,83,83,7664.6,13036.1,Électricité + Bois – Bûches,False,Électricité,5968.3,0,False,5968.3,somme_des_seules_energies_electriques_EF,False,71.90722892,157.0614458,5,415,1087,1087,2006-2012,2011,2011,2.705225044,43.47929898,adresse non géocodée ban car aucune correspondance trouvée,0.41,False,34086|2 IMPASSE DU MOUREL,aucun,0,adresse_absente_ou_incomplete,True,2693.132818,,,,,Non appariée,Simulation pédagogique locale,département : médiane + surface/énergie + aléa,32.44738335,True,False,-3275.167182,3275.167182,-54.87604816,0.4512395184,True,1,False
2334E2238991L,1840,2023,2023-07-03,etablissement,2026-01-05,True,annee_construction;conso_enedis_kwh,annee_construction:milieu_periode_ou_20_ans_avant_seuil;conso_enedis_kwh:simulation_locale_graine_fixe,Maison,C,A,Route de Gabian,Route de Gabian 34320 Roujan,Route de Gabian,Roujan,34320,34237,34,ROUTE DE GABIAN,135.4,135.4,12485.8,19489.3,Électricité + Bois – Bûches,False,Électricité,7781.7,0.1,False,7781.7,somme_des_seules_energies_electriques_EF,False,57.47193501,143.9387001,5.248892171,710.7,1469,1469,1948-1974,,1961,3.305929999,43.50705298,adresse géocodée ban à l'adresse,0.49,False,DPE:2334E2238991L,aucun,0,adresse_absente_ou_incomplete,True,3210.474063,,,,,Non appariée,Simulation pédagogique locale,département : médiane + surface/énergie + aléa,23.71103444,True,False,-4571.225937,4571.225937,-58.74328151,0.4125671849,True,1,False
2337E0209519Y,6165,2023,2023-01-19,etablissement,2026-01-07,True,conso_enedis_kwh,conso_enedis_kwh:simulation_locale_graine_fixe,Appartement,D,B,46 Rue de la Victoire BATIMENT FOSSES ST MARTIN,46 Rue de la Victoire 37000 Tours,46 Rue de la Victoire,Tours,37000,37261,37,46 RUE DE LA VICTOIRE,44.3,44.3,5116.9,9722.1,Électricité,True,Électricité,5116.9,0,False,5116.9,total_EF_logement_tout_electrique,False,115.5056433,219.4604966,8.006772009,354.7,899,899,1989-2000,1989,1989,0.6785939812,47.39304201,adresse non géocodée ban car aucune correspondance trouvée,0.5,False,37261|46 RUE DE LA VICTOIRE,aucun,0,adresse_absente_ou_incomplete,True,3030.48179,,,,,Non appariée,Simulation pédagogique locale,département : médiane + surface/énergie + aléa,68.40816682,True,False,-2086.41821,2086.41821,-40.77504368,0.5922495632,True,1,False
2337E0977684T,5284,2023,2023-03-22,etablissement,2026-01-07,True,conso_enedis_kwh,conso_enedis_kwh:simulation_locale_graine_fixe,Appartement,D,B,129 RUE VICTOR HUGO,129 Rue Victor Hugo 37000 Tours,129 Rue Victor Hugo,Tours,37000,37261,37,129 RUE VICTOR HUGO,25.1,25.1,2841.8,5399.3,Électricité,True,Électricité,2841.8,0,False,2841.8,total_EF_logement_tout_electrique,False,113.2191235,215.1115538,7.992031873,200.6,553,553,1978-1982,1978,1978,0.6811329596,47.38798902,adresse non géocodée ban car aucune correspondance trouvée,0.81,False,37261|129 RUE VICTOR HUGO,aucun,0,adresse_absente_ou_incomplete,True,1885.119322,,,,,Non appariée,Simulation pédagogique locale,département : médiane + surface/énergie + aléa,75.10435547,True,False,-956.6806778,956.6806778,-33.66460264,0.6633539736,True,1,False
2337E1322661C,5456,2023,2023-04-19,etablissement,2026-01-07,True,conso_enedis_kwh,conso_enedis_kwh:simulation_locale_graine_fixe,Appartement,D,B,8 Rue du Cygne,8 Rue du cygne 37000 Tours,8 Rue du cygne,Tours,37000,37261,37,8 RUE DU CYGNE,62.3,62.3,6197.4,11775,Électricité,True,Électricité,6197.4,0,False,6197.4,total_EF_logement_tout_electrique,False,99.47672552,189.0048154,6.995184591,435.8,1070,1070,avant 1948,1945,1945,0.6912229471,47.39555498,adresse non géocodée ban car aucune correspondance trouvée,0.79,False,37261|8 RUE DU CYGNE,aucun,0,adresse_absente_ou_incomplete,True,1978.241607,,,,,Non appariée,Simulation pédagogique locale,département : médiane + surface/énergie + aléa,31.75347684,True,False,-4219.158393,4219.158393,-68.07949128,0.3192050872,True,1,False
2337E1868329I,7194,2023,2023-05-31,etablissement,2026-01-12,True,Aucun,Aucune,Appartement,E,D,13 RUE DES MARTYRS,13 Rue des Martyrs 37300 Joué-lès-Tours,13 Rue des Martyrs,Joué-lès-Tours,37300,37122,37,13 RUE DES MARTYRS,36.3,36.3,8714.1,10248.1,Réseau de Chauffage urbain + Électricité,False,Réseau de chaleur,1704.5,0,False,1704.5,somme_des_seules_energies_electriques_EF,False,46.95592287,282.3168044,31.97245179,1160.6,942,942,1948-1974,1948,1948,0.6673859964,47.35640497,adresse non géocodée ban car aucune correspondance trouvée,0.82,False,37122|13 RUE DES MARTYRS,exact_normalise,1,apparie,False,2207.830769,2207.830769,143509,65,750662,13 RUE DES MARTYRS,Moyenne observée à l'adresse,Sans simulation,60.82178428,True,False,503.3307692,503.3307692,29.52952592,1.295295259,False,1,False
2337E2494803M,8298,2023,2023-07-21,etablissement,2026-01-12,True,conso_enedis_kwh,conso_enedis_kwh:simulation_locale_graine_fixe,Maison,D,B,11 rue Robert Desnos,11 Rue Robert Desnos 37520 La Riche,11 Rue Robert Desnos,La Riche,37520,37195,37,11 RUE ROBERT DESNOS,54.8,54.8,6885.9,13083.2,Électricité,True,Électricité,6885.9,0,False,6885.9,total_EF_logement_tout_electrique,False,125.6551095,238.7445255,9.00729927,493.6,1177,1177,1989-2000,1989,1989,0.6544410103,47.38834101,adresse non géocodée ban car aucune correspondance trouvée,0.8,False,37195|11 RUE ROBERT DESNOS,aucun,0,adresse_absente_ou_incomplete,True,3336.452207,,,,,Non appariée,Simulation pédagogique locale,commune : médiane + surface/énergie + aléa,60.88416437,True,False,-3549.447793,3549.447793,-51.54660673,0.4845339327,True,1,False
2337E4565532X,5086,2023,2023-03-16,etablissement,2026-01-06,True,conso_enedis_kwh,conso_enedis_kwh:simulation_locale_graine_fixe,Appartement,D,D,11 RUE BABEUF,11 Rue Babeuf 37000 Tours,11 Rue Babeuf,Tours,37000,37261,37,11 RUE BABEUF,22,22,4833.5,5388.2,Gaz naturel + Électricité,False,Gaz / GPL,616.4,0,False,616.4,somme_des_seules_energies_electriques_EF,False,28.01818182,244.9181818,45.04090909,990.9,648,648,avant 1948,1945,1945,0.6925430182,47.39400201,adresse non géocodée ban car aucune correspondance trouvée,0.78,False,37261|11 RUE BABEUF,aucun,0,adresse_absente_ou_incomplete,True,931.5063576,,,,,Non appariée,Simulation pédagogique locale,département : médiane + surface/énergie + aléa,42.34119807,True,False,315.1063576,315.1063576,51.12043439,1.511204344,True,1,False
2340E3120501X,1799,2023,2023-09-19,etablissement,2026-01-09,True,conso_enedis_kwh,conso_enedis_kwh:simulation_locale_graine_fixe,Maison,C,A,109 AVENUE LENGUILHEM,109 Avenue de Lenguilhem 40510 Seignosse,109 Avenue de Lenguilhem,Seignosse,40510,40296,40,109 AVENUE DE LENGUILHEM,225,225,13039.5,24775,Électricité,True,Électricité,13039.5,0,False,13039.5,total_EF_logement_tout_electrique,False,57.95333333,110.1111111,4.304,968.4,2145.8,2145.8,2006-2012,2006,2006,-1.357686052,43.68717696,adresse géocodée ban à l'adresse,0.49,False,40296|109 AVENUE DE LENGUILHEM,aucun,0,adresse_absente_ou_incomplete,True,4539.28668,,,,,Non appariée,Simulation pédagogique locale,département : médiane + surface/énergie + aléa,20.17460747,True,False,-8500.21332,8500.21332,-65.18818452,0.3481181548,True,1,False
2344E1220137D,3446,2023,2023-04-12,etablissement,2026-01-02,True,conso_enedis_kwh,conso_enedis_kwh:simulation_locale_graine_fixe,Maison,D,D,"19 ALLEE DES HIRONDELLES,",19 Allée des Pinsons 44880 Sautron,19 Allée des Pinsons,Sautron,44880,44194,44,19 ALLEE DES PINSONS,44.9,44.9,8065.8,8586.7,Gaz naturel + Électricité,False,Gaz / GPL,578.8,0,False,578.8,somme_des_seules_energies_electriques_EF,False,12.8908686,191.2405345,38.68596882,1737,887,887,2006-2012,2012,2012,-1.654015978,47.25768296,adresse non géocodée ban car aucune correspondance trouvée,0.45,False,44194|19 ALLEE DES PINSONS,aucun,0,adresse_absente_ou_incomplete,True,1267.812604,,,,,Non appariée,Simulation pédagogique locale,département : médiane + surface/énergie + aléa,28.23636089,True,False,689.0126041,689.0126041,119.0415695,2.190415695,True,1,False
2344E1672129L,3640,2023,2023-05-22,etablissement,2026-01-01,True,conso_enedis_kwh,conso_enedis_kwh:simulation_locale_graine_fixe,Maison,F,C,4 AVENUE ANTONIA THIRIAT,4 Avenue Antonia Thiriat 44500 La Baule-Escoublac,4 Avenue Antonia Thiriat,La Baule-Escoublac,44500,44055,44,4 AVENUE ANTONIA THIRIAT,41.4,41.4,7657.4,14549,Électricité,True,Électricité,7657.4,0,False,7657.4,total_EF_logement_tout_electrique,False,184.9613527,351.4251208,12.98550725,537.6,1299,1299,1978-1982,1978,1978,-2.341080019,47.27076303,adresse non géocodée ban car aucune correspondance trouvée,0.65,False,44055|4 AVENUE ANTONIA THIRIAT,aucun,0,adresse_absente_ou_incomplete,True,2230.469032,,,,,Non appariée,Simulation pédagogique locale,commune : médiane + surface/énergie + aléa,53.87606357,True,False,-5426.930968,5426.930968,-70.87171845,0.2912828155,True,1,False
2344E2013459N,2634,2023,2023-06-16,etablissement,2026-01-09,True,conso_enedis_kwh,conso_enedis_kwh:simulation_locale_graine_fixe,Appartement,C,A,Place du Tréhic,Place du Tréhic 44490 Le Croisic,Place du Tréhic,Le Croisic,44490,44049,44,PLACE DU TREHIC,45.3,45.3,2895.2,5500.8,Électricité,True,Électricité,2895.2,0,False,2895.2,total_EF_logement_tout_electrique,False,63.91169978,121.4304636,3.997792494,181.1,562,562,avant 1948,1945,1945,-2.520866944,47.30079204,adresse non géocodée ban car aucune correspondance trouvée,0.78,False,DPE:2344E2013459N,aucun,0,adresse_absente_ou_incomplete,True,2716.183743,,,,,Non appariée,Simulation pédagogique locale,commune : médiane + surface/énergie + aléa,59.95990603,True,False,-179.016257,179.016257,-6.183208657,0.9381679134,True,1,False
2344E3324032E,7559,2023,2023-10-04,etablissement,2026-01-02,True,conso_enedis_kwh,conso_enedis_kwh:simulation_locale_graine_fixe,Appartement,D,B,8 RUE YVES BODIGUEL,8 Rue Yves Bodiguel 44000 Nantes,8 Rue Yves Bodiguel,Nantes,44000,44109,44,8 RUE YVES BODIGUEL,30.4,30.4,3561.4,6766.7,Électricité,True,Électricité,3561.4,0,False,3561.4,total_EF_logement_tout_electrique,False,117.1513158,222.5888158,7.986842105,242.8,662,662,1948-1974,1951,1951,-1.560130979,47.22195397,adresse non géocodée ban car aucune correspondance trouvée,0.81,False,44109|8 RUE YVES BODIGUEL,aucun,0,adresse_absente_ou_incomplete,True,1197.285016,,,,,Non appariée,Simulation pédagogique locale,département : médiane + surface/énergie + aléa,39.38437554,True,False,-2364.114984,2364.114984,-66.38161913,0.3361838087,True,1,False
2344E3725082E,2903,2023,2023-07-20,etablissement,2026-01-05,True,conso_enedis_kwh,conso_enedis_kwh:simulation_locale_graine_fixe,Appartement,D,B,"7 , rue de l'Emery",7 Rue de l'Emery 44000 Nantes,7 Rue de l'Emery,Nantes,44000,44109,44,7 RUE DE L EMERY,17.4,17.4,2510.6,4770.1,Électricité,True,Électricité,2510.6,0,False,2510.6,total_EF_logement_tout_electrique,False,144.2873563,274.1436782,10.01149425,174.2,504,504,avant 1948,1945,1945,-1.55205999,47.21575704,adresse non géocodée ban car aucune correspondance trouvée,0.8,False,44109|7 RUE DE L EMERY,aucun,0,adresse_absente_ou_incomplete,True,1207.925272,,,,,Non appariée,Simulation pédagogique locale,département : médiane + surface/énergie + aléa,69.42099266,True,False,-1302.674728,1302.674728,-51.88698828,0.4811301172,True,1,False
2344E4362679D,4469,2023,2023-12-15,etablissement,2026-01-06,True,conso_enedis_kwh,conso_enedis_kwh:simulation_locale_graine_fixe,Appartement,F,C,16 quai de Malakoff,16 Quai Malakoff 44000 Nantes,16 Quai Malakoff,Nantes,44000,44109,44,16 QUAI MALAKOFF,17.4,17.4,4437.3,8430.8,Électricité,True,Électricité,4437.3,0,False,4437.3,total_EF_logement_tout_electrique,False,255.0172414,484.5287356,18,313.2,795,795,1948-1974,1948,1948,-1.537419995,47.21332199,adresse non géocodée ban car aucune correspondance trouvée,0.74,False,44109|16 QUAI MALAKOFF,aucun,0,adresse_absente_ou_incomplete,True,1527.523911,,,,,Non appariée,Simulation pédagogique locale,département : médiane + surface/énergie + aléa,87.78873051,True,False,-2909.776089,2909.776089,-65.57537442,0.3442462558,True,1,False
2344E4565635D,195,2023,2023-04-05,etablissement,2026-01-09,True,conso_enedis_kwh,conso_enedis_kwh:simulation_locale_graine_fixe,Maison,F,C,9 rue Guillet,9 la Rue Guillet 44530 Saint-Gildas-des-Bois,9 la Rue Guillet,Saint-Gildas-des-Bois,44530,44161,44,9 LA RUE GUILLET,87,87,21022.5,32241.3,Électricité + Bois – Bûches,False,Électricité,12465.3,0,False,12465.3,somme_des_seules_energies_electriques_EF,False,143.2793103,370.5896552,13,1131,2937,2937,avant 1948,1945,1945,-2.058767009,47.507418,adresse non géocodée ban car aucune correspondance trouvée,0.66,False,44161|9 LA RUE GUILLET,aucun,0,adresse_absente_ou_incomplete,True,2326.397525,,,,,Non appariée,Simulation pédagogique locale,département : médiane + surface/énergie + aléa,26.74020144,True,False,-10138.90247,10138.90247,-81.33701134,0.1866298866,True,1,False
2347E1528498H,8162,2023,2023-05-09,etablissement,2026-01-07,True,annee_construction;conso_enedis_kwh,annee_construction:milieu_periode_ou_20_ans_avant_seuil;conso_enedis_kwh:simulation_locale_graine_fixe,Maison,C,C,"491 Route de Cluzélou
Le Moulin",491 route du cluzélou 47210 Saint-Eutrope-de-Born,491 route du cluzélou,Saint-Eutrope-de-Born,47210,47241,47,491 ROUTE DU CLUZELOU,183,183,26558.5,30918.3,Fioul domestique + Bois – Bûches + Électricité,False,Fioul,4844.3,0,False,4844.3,somme_des_seules_energies_electriques_EF,False,26.4715847,168.952459,29.83169399,5459.2,2450.8,2450.8,1989-2000,,1994,0.6946149973,44.56817298,adresse géocodée ban à l'adresse,0.44,False,47241|491 ROUTE DU CLUZELOU,aucun,0,adresse_absente_ou_incomplete,True,2153.623767,,,,,Non appariée,Simulation pédagogique locale,département : médiane + surface/énergie + aléa,11.76843589,True,False,-2690.676233,2690.676233,-55.54313797,0.4445686203,True,1,False
2349E0035398L,7349,2023,2023-01-05,etablissement,2026-01-06,True,Aucun,Aucune,Appartement,A,A,34 rue des frères Wright,34 Rue des Frères Wright 49100 Angers,34 Rue des Frères Wright,Angers,49100,49007,49,34 RUE DES FRERES WRIGHT,72.7,72.7,4497.3,4795.7,Réseau de Chauffage urbain + Électricité,False,Réseau de chaleur,331.6,0,False,331.6,somme_des_seules_energies_electriques_EF,False,4.561210454,65.9656121,5.629986245,409.3,392.6,392.6,2013-2021,2017,2017,-0.572433959,47.49555699,adresse géocodée ban à l'adresse,0.6,False,49007|34 RUE DES FRERES WRIGHT,exact_normalise,1,apparie,False,1800.694444,1800.694444,64825,36,50792,34 RUE DES FRERES WRIGHT,Moyenne observée à l'adresse,Sans simulation,24.76883692,True,False,1469.094444,1469.094444,443.0321003,5.430321003,False,1,False
2349E0037474H,4345,2023,2023-01-05,etablissement,2026-01-06,True,Aucun,Aucune,Appartement,A,A,24 rue des frères Wright,24 Rue des Frères Wright 49100 Angers,24 Rue des Frères Wright,Angers,49100,49007,49,24 RUE DES FRERES WRIGHT,80.7,80.7,4844.5,5157.7,Réseau de Chauffage urbain + Électricité,False,Réseau de chaleur,348,0,False,348,somme_des_seules_energies_electriques_EF,False,4.312267658,63.91201983,5.46716233,441.2,423.5,423.5,2013-2021,2017,2017,-0.5722220379,47.49600502,adresse géocodée ban à l'adresse,0.6,False,49007|24 RUE DES FRERES WRIGHT,exact_normalise,1,apparie,False,1815.380952,1815.380952,38123,21,50802,24 RUE DES FRERES WRIGHT,Moyenne observée à l'adresse,Sans simulation,22.49542692,True,False,1467.380952,1467.380952,421.6611932,5.216611932,False,3,False
2349E0037500H,3012,2023,2023-01-05,etablissement,2026-01-06,True,Aucun,Aucune,Appartement,A,A,24 rue des frères Wright,24 Rue des Frères Wright 49100 Angers,24 Rue des Frères Wright,Angers,49100,49007,49,24 RUE DES FRERES WRIGHT,82,82,4886.9,5204.6,Réseau de Chauffage urbain + Électricité,False,Réseau de chaleur,353,0,False,353,somme_des_seules_energies_electriques_EF,False,4.304878049,63.47073171,5.426829268,445,427.5,427.5,2013-2021,2017,2017,-0.5722220379,47.49600502,adresse géocodée ban à l'adresse,0.6,False,49007|24 RUE DES FRERES WRIGHT,exact_normalise,1,apparie,False,1815.380952,1815.380952,38123,21,50802,24 RUE DES FRERES WRIGHT,Moyenne observée à l'adresse,Sans simulation,22.1387921,True,False,1462.380952,1462.380952,414.2722245,5.142722245,False,3,False
2349E0037505M,8697,2023,2023-01-05,etablissement,2026-01-06,True,Aucun,Aucune,Appartement,B,B,24 rue des frères Wright,24 Rue des Frères Wright 49100 Angers,24 Rue des Frères Wright,Angers,49100,49007,49,24 RUE DES FRERES WRIGHT,48.1,48.1,3163.4,3348.8,Réseau de Chauffage urbain + Électricité,False,Réseau de chaleur,206.1,0,False,206.1,somme_des_seules_energies_electriques_EF,False,4.284823285,69.62162162,6.002079002,288.7,274,274,2013-2021,2017,2017,-0.5722220379,47.49600502,adresse géocodée ban à l'adresse,0.6,False,49007|24 RUE DES FRERES WRIGHT,exact_normalise,1,apparie,False,1815.380952,1815.380952,38123,21,50802,24 RUE DES FRERES WRIGHT,Moyenne observée à l'adresse,Sans simulation,37.74180774,True,False,1609.280952,1609.280952,780.8253044,8.808253044,False,3,False
2349E0114255K,6477,2023,2023-01-13,etablissement,2026-01-06,True,annee_construction;conso_enedis_kwh,annee_construction:milieu_periode_ou_20_ans_avant_seuil;conso_enedis_kwh:simulation_locale_graine_fixe,Maison,C,C,10 Square de la Rouliere,10 Square de la Roulière 49330 Étriché,10 Square de la Roulière,Étriché,49330,49132,49,10 SQUARE DE LA ROULIERE,64,64,6938.2,7294.9,GPL + Électricité,False,Gaz / GPL,396.4,0,False,396.4,somme_des_seules_energies_electriques_EF,False,6.19375,113.9828125,28.2078125,1805.3,1050.8,1050.8,2013-2021,,2017,-0.4403610423,47.64987803,adresse géocodée ban à l'adresse,0.44,False,49132|10 SQUARE DE LA ROULIERE,aucun,0,adresse_absente_ou_incomplete,True,2079.441645,,,,,Non appariée,Simulation pédagogique locale,département : médiane + surface/énergie + aléa,32.4912757,True,False,1683.041645,1683.041645,424.581646,5.24581646,True,1,False
2349E0114445S,238,2023,2023-01-13,etablissement,2026-01-06,True,annee_construction;conso_enedis_kwh,annee_construction:milieu_periode_ou_20_ans_avant_seuil;conso_enedis_kwh:simulation_locale_graine_fixe,Maison,C,C,11 Square de la Rouliere,11 Square de la Roulière 49330 Étriché,11 Square de la Roulière,Étriché,49330,49132,49,11 SQUARE DE LA ROULIERE,64,64,6938.2,7294.9,GPL + Électricité,False,Gaz / GPL,396.4,0,False,396.4,somme_des_seules_energies_electriques_EF,False,6.19375,113.9828125,28.2078125,1805.3,1050.8,1050.8,2013-2021,,2017,-0.4402579859,47.64987197,adresse géocodée ban à l'adresse,0.44,False,49132|11 SQUARE DE LA ROULIERE,aucun,0,adresse_absente_ou_incomplete,True,1919.534566,,,,,Non appariée,Simulation pédagogique locale,département : médiane + surface/énergie + aléa,29.99272759,True,False,1523.134566,1523.134566,384.2418177,4.842418177,True,1,False
2349E0187896T,9249,2023,2023-01-20,etablissement,2026-01-06,True,Aucun,Aucune,Appartement,C,C,1 Pierre Sorin,1 Rue Pierre Sorin 49000 Angers,1 Rue Pierre Sorin,Angers,49000,49007,49,1 RUE PIERRE SORIN,55.6,55.6,6203.9,6798.1,Gaz naturel + Électricité,False,Gaz / GPL,121.9,538.4,True,121.9,somme_des_seules_energies_electriques_EF,False,2.192446043,122.2679856,23.4028777,1301.2,783.7,783.7,1948-1974,1956,1956,-0.5929759903,47.47523398,adresse non géocodée ban car aucune correspondance trouvée,0.69,False,49007|1 RUE PIERRE SORIN,exact_normalise,1,apparie,False,1312.266667,1312.266667,19684,15,58149,1 RUE PIERRE SORIN,Moyenne observée à l'adresse,Sans simulation,23.60191847,True,False,1190.366667,1190.366667,976.5108012,10.76510801,False,1,False
2349E0188283Q,2358,2023,2023-01-20,etablissement,2026-01-06,True,Aucun,Aucune,Appartement,C,C,3 Pierre Sorin,3 Rue Pierre Sorin 49000 Angers,3 Rue Pierre Sorin,Angers,49000,49007,49,3 RUE PIERRE SORIN,40.2,40.2,4067,4455.2,Gaz naturel + Électricité,False,Gaz / GPL,74.8,356.6,True,74.8,somme_des_seules_energies_electriques_EF,False,1.860696517,110.8258706,21.22636816,853.3,529.4,529.4,1948-1974,1956,1956,-0.593206997,47.47534499,adresse non géocodée ban car aucune correspondance trouvée,0.69,False,49007|3 RUE PIERRE SORIN,exact_normalise,1,apparie,False,901.1538462,901.1538462,11715,13,58143,3 RUE PIERRE SORIN,Moyenne observée à l'adresse,Sans simulation,22.41676234,True,False,826.3538462,826.3538462,1104.751131,12.04751131,False,3,False
2349E0188303K,9608,2023,2023-01-20,etablissement,2026-01-06,True,Aucun,Aucune,Appartement,C,C,3 Pierre Sorin,3 Rue Pierre Sorin 49000 Angers,3 Rue Pierre Sorin,Angers,49000,49007,49,3 RUE PIERRE SORIN,55,55,5961.4,6536.8,Gaz naturel + Électricité,False,Gaz / GPL,116.7,522.7,True,116.7,somme_des_seules_energies_electriques_EF,False,2.121818182,118.8509091,22.71818182,1249.5,763.2,763.2,1948-1974,1956,1956,-0.593206997,47.47534499,adresse non géocodée ban car aucune correspondance trouvée,0.69,False,49007|3 RUE PIERRE SORIN,exact_normalise,1,apparie,False,901.1538462,901.1538462,11715,13,58143,3 RUE PIERRE SORIN,Moyenne observée à l'adresse,Sans simulation,16.38461538,True,False,784.4538462,784.4538462,672.1969547,7.721969547,False,3,False
2349E0188394X,3438,2023,2023-01-20,etablissement,2026-01-06,True,Aucun,Aucune,Appartement,C,C,3 Pierre Sorin,3 Rue Pierre Sorin 49000 Angers,3 Rue Pierre Sorin,Angers,49000,49007,49,3 RUE PIERRE SORIN,53.6,53.6,4042,4486.3,Gaz naturel + Électricité,False,Gaz / GPL,76.2,417.4,True,76.2,somme_des_seules_energies_electriques_EF,False,1.421641791,83.69962687,15.62686567,837.6,537.8,537.8,1948-1974,1956,1956,-0.593206997,47.47534499,adresse non géocodée ban car aucune correspondance trouvée,0.69,False,49007|3 RUE PIERRE SORIN,exact_normalise,1,apparie,False,901.1538462,901.1538462,11715,13,58143,3 RUE PIERRE SORIN,Moyenne observée à l'adresse,Sans simulation,16.81257176,True,False,824.9538462,824.9538462,1082.616596,11.82616596,False,3,False
2349E0188658B,6559,2023,2023-01-20,etablissement,2026-01-06,True,Aucun,Aucune,Appartement,C,C,5 Pierre Sorin,5 Rue Pierre Sorin 49000 Angers,5 Rue Pierre Sorin,Angers,49000,49007,49,5 RUE PIERRE SORIN,54.2,54.2,4082,4531.9,Gaz naturel + Électricité,False,Gaz / GPL,77.2,422.7,True,77.2,somme_des_seules_energies_electriques_EF,False,1.424354244,83.61439114,15.60332103,845.7,543.4,543.4,1948-1974,1956,1956,-0.5934090224,47.47544202,adresse non géocodée ban car aucune correspondance trouvée,0.69,False,49007|5 RUE PIERRE SORIN,exact_normalise,1,apparie,False,1175.083333,1175.083333,14101,12,58140,5 RUE PIERRE SORIN,Moyenne observée à l'adresse,Sans simulation,21.68050431,True,False,1097.883333,1097.883333,1422.12867,15.2212867,False,3,False
2349E0188731W,3527,2023,2023-01-20,etablissement,2026-01-06,True,Aucun,Aucune,Appartement,C,C,5 Pierre Sorin,5 Rue Pierre Sorin 49000 Angers,5 Rue Pierre Sorin,Angers,49000,49007,49,5 RUE PIERRE SORIN,54.2,54.2,4082,4531.9,Gaz naturel + Électricité,False,Gaz / GPL,77.2,422.7,True,77.2,somme_des_seules_energies_electriques_EF,False,1.424354244,83.61439114,15.60332103,845.7,543.4,543.4,1948-1974,1956,1956,-0.5934090224,47.47544202,adresse non géocodée ban car aucune correspondance trouvée,0.69,False,49007|5 RUE PIERRE SORIN,exact_normalise,1,apparie,False,1175.083333,1175.083333,14101,12,58140,5 RUE PIERRE SORIN,Moyenne observée à l'adresse,Sans simulation,21.68050431,True,False,1097.883333,1097.883333,1422.12867,15.2212867,False,3,False
2349E0188772L,8853,2023,2023-01-20,etablissement,2026-01-06,True,Aucun,Aucune,Appartement,C,C,5 Pierre Sorin,5 Rue Pierre Sorin 49000 Angers,5 Rue Pierre Sorin,Angers,49000,49007,49,5 RUE PIERRE SORIN,40.2,40.2,2832.5,3140.7,Gaz naturel + Électricité,False,Gaz / GPL,49,293.5,True,49,somme_des_seules_energies_electriques_EF,False,1.218905473,78.12686567,14.61442786,587.5,376.3,376.3,1948-1974,1956,1956,-0.5934090224,47.47544202,adresse non géocodée ban car aucune correspondance trouvée,0.69,False,49007|5 RUE PIERRE SORIN,exact_normalise,1,apparie,False,1175.083333,1175.083333,14101,12,58140,5 RUE PIERRE SORIN,Moyenne observée à l'adresse,Sans simulation,29.23092869,True,False,1126.083333,1126.083333,2298.129252,23.98129252,False,3,False
2349E0208518X,1636,2023,2023-01-23,etablissement,2026-01-06,True,annee_construction;conso_enedis_kwh,annee_construction:milieu_periode_ou_20_ans_avant_seuil;conso_enedis_kwh:simulation_locale_graine_fixe,Maison,E,E,8 RUE DU LEVANT,8 Rue du Levant 49500 Segré-en-Anjou Bleu,8 Rue du Levant,Segré-en-Anjou Bleu,49500,49331,49,8 RUE DU LEVANT,44,44,10085.5,10715,GPL + Électricité,False,Gaz / GPL,699.5,0,False,699.5,somme_des_seules_energies_electriques_EF,False,15.89772727,243.5227273,59.05,2598.2,1545.6,1545.6,1948-1974,,1961,-0.9538180595,47.70282704,adresse géocodée ban à l'adresse,0.64,False,49331|8 RUE DU LEVANT,aucun,0,adresse_absente_ou_incomplete,True,908.5178915,,,,,Non appariée,Simulation pédagogique locale,département : médiane + surface/énergie + aléa,20.6481339,True,False,209.0178915,209.0178915,29.88104238,1.298810424,True,1,False
2349E0252513A,9980,2023,2023-01-26,etablissement,2026-01-06,True,Aucun,Aucune,Appartement,C,C,43 bd Jean Moulin,43 Boulevard Jean Moulin 49100 Angers,43 Boulevard Jean Moulin,Angers,49100,49007,49,43 BOULEVARD JEAN MOULIN,63.7,63.7,4424.2,4665.5,Gaz naturel + Électricité,False,Gaz / GPL,268.1,-0.1,False,268.1,somme_des_seules_energies_electriques_EF,False,4.208791209,73.24175824,15.08948195,961.2,324.5,324.5,2013-2021,2014,2014,-0.5547459505,47.49223797,adresse géocodée ban à l'adresse,0.72,False,49007|43 BOULEVARD JEAN MOULIN,exact_normalise,1,apparie,False,1691.741935,1691.741935,52444,31,55281,43 BOULEVARD JEAN MOULIN,Moyenne observée à l'adresse,Sans simulation,26.55795817,True,False,1423.641935,1423.641935,531.0115388,6.310115388,False,2,False
2349E0252523K,5586,2023,2023-01-26,etablissement,2026-01-06,True,Aucun,Aucune,Appartement,C,C,43 bd Jean Moulin,43 Boulevard Jean Moulin 49100 Angers,43 Boulevard Jean Moulin,Angers,49100,49007,49,43 BOULEVARD JEAN MOULIN,66.9,66.9,5824.1,6109.4,Gaz naturel + Électricité,False,Gaz / GPL,317,0,False,317,somme_des_seules_energies_electriques_EF,False,4.738415546,91.32137519,18.99850523,1271,416.8,416.8,2013-2021,2014,2014,-0.5547459505,47.49223797,adresse géocodée ban à l'adresse,0.72,False,49007|43 BOULEVARD JEAN MOULIN,exact_normalise,1,apparie,False,1691.741935,1691.741935,52444,31,55281,43 BOULEVARD JEAN MOULIN,Moyenne observée à l'adresse,Sans simulation,25.28762235,True,False,1374.741935,1374.741935,433.6725349,5.336725349,False,2,False
2349E0510346R,8023,2023,2023-02-16,etablissement,2026-01-06,True,annee_construction;conso_enedis_kwh,annee_construction:milieu_periode_ou_20_ans_avant_seuil;conso_enedis_kwh:simulation_locale_graine_fixe,Maison,D,D,6 RUE VIEILLE RUE,6 Vieille Rue (Noyant-la-Gravoyère) 49500 Segré-en-Anjou Bleu,6 Vieille Rue (Noyant-la-Gravoyère),Segré-en-Anjou Bleu,49500,49331,49,6 VIEILLE RUE NOYANT LA GRAVOYERE,59,59,8855.9,9216.6,GPL + Électricité,False,Gaz / GPL,400.8,0,False,400.8,somme_des_seules_energies_electriques_EF,False,6.793220339,156.2135593,39.42372881,2326,1325.8,1325.8,1978-1982,,1980,-0.9597470156,47.70432103,adresse géocodée ban à l'adresse,0.61,False,49331|6 VIEILLE RUE NOYANT LA GRAVOYERE,aucun,0,adresse_absente_ou_incomplete,True,2039.018876,,,,,Non appariée,Simulation pédagogique locale,département : médiane + surface/énergie + aléa,34.55964197,True,False,1638.218876,1638.218876,408.7372445,5.087372445,True,1,False
2349E0600353M,6627,2023,2023-02-22,etablissement,2026-01-06,True,adresse;conso_enedis_kwh,adresse:reconstruction_adresse_brute;conso_enedis_kwh:simulation_locale_graine_fixe,Appartement,B,A,4 Rue du Chêne Vert,Rue du Chêne Vert 49124 Saint-Barthélemy-d'Anjou,4 Rue du Chêne Vert,Saint-Barthélemy-d'Anjou,49124,49267,49,4 RUE DU CHENE VERT,46.9,46.9,2137.7,4061.6,Électricité,True,Électricité,2011.5,126.2,True,2137.7,total_EF_logement_tout_electrique,False,45.57995736,86.60127932,3.44989339,161.8,449.7,449.7,1978-1982,1979,1979,-0.5130029752,47.47124099,adresse non géocodée ban car aucune correspondance trouvée,0.73,False,49267|4 RUE DU CHENE VERT,aucun,0,adresse_absente_ou_incomplete,True,2370.342946,,,,,Non appariée,Simulation pédagogique locale,département : médiane + surface/énergie + aléa,50.54036132,True,False,232.6429459,232.6429459,10.88286223,1.108828622,True,2,False
2349E0600598X,6786,2023,2023-02-22,etablissement,2026-01-06,True,adresse;conso_enedis_kwh,adresse:reconstruction_adresse_brute;conso_enedis_kwh:simulation_locale_graine_fixe,Appartement,A,A,4 Rue du Chêne Vert,Rue du Chêne Vert 49124 Saint-Barthélemy-d'Anjou,4 Rue du Chêne Vert,Saint-Barthélemy-d'Anjou,49124,49267,49,4 RUE DU CHENE VERT,47.5,47.5,1623.5,3084.7,Électricité,True,Électricité,1497.5,126,True,1623.5,total_EF_logement_tout_electrique,False,34.17894737,64.94105263,2.549473684,121.1,377.4,377.4,1978-1982,1979,1979,-0.5130029752,47.47124099,adresse non géocodée ban car aucune correspondance trouvée,0.73,False,49267|4 RUE DU CHENE VERT,aucun,0,adresse_absente_ou_incomplete,True,2370.342946,,,,,Non appariée,Simulation pédagogique locale,département : médiane + surface/énergie + aléa,49.90195676,True,False,746.8429459,746.8429459,46.00202932,1.460020293,True,2,False
2349E0600973I,4217,2023,2023-02-22,etablissement,2026-01-06,True,adresse;conso_enedis_kwh,adresse:reconstruction_adresse_brute;conso_enedis_kwh:simulation_locale_graine_fixe,Appartement,A,A,2 Rue du Chêne Vert,Rue du Chêne Vert 49124 Saint-Barthélemy-d'Anjou,2 Rue du Chêne Vert,Saint-Barthélemy-d'Anjou,49124,49267,49,2 RUE DU CHENE VERT,40.8,40.8,1425.1,2707.6,Électricité,True,Électricité,1318,107.1,True,1425.1,total_EF_logement_tout_electrique,False,34.92892157,66.3627451,2.600490196,106.1,349.4,349.4,1978-1982,1979,1979,-0.5130029752,47.47124099,adresse non géocodée ban car aucune correspondance trouvée,0.72,False,49267|2 RUE DU CHENE VERT,aucun,0,adresse_absente_ou_incomplete,True,1518.689214,,,,,Non appariée,Simulation pédagogique locale,département : médiane + surface/énergie + aléa,37.22277486,True,False,93.58921426,93.58921426,6.567203303,1.065672033,True,1,False
2349E2194699M,7080,2023,2023-06-29,etablissement,2026-01-06,True,annee_construction;conso_enedis_kwh,annee_construction:milieu_periode_ou_20_ans_avant_seuil;conso_enedis_kwh:simulation_locale_graine_fixe,Maison,C,C,12 RUE DES GUIFETTES,5 Rue des Hérons (Champtoceaux) 49270 Orée d'Anjou,5 Rue des Hérons (Champtoceaux),Orée d'Anjou,49270,49069,49,5 RUE DES HERONS CHAMPTOCEAUX,61.8,61.8,5995.3,6365.5,GPL + Électricité,False,Gaz / GPL,411.3,0.1,False,411.3,somme_des_seules_energies_electriques_EF,False,6.655339806,103.0016181,25.01132686,1545.7,918.1,918.1,2013-2021,,2017,-1.253566972,47.33157002,adresse géocodée ban à l'adresse,0.51,False,49069|5 RUE DES HERONS CHAMPTOCEAUX,aucun,0,adresse_absente_ou_incomplete,True,1179.184273,,,,,Non appariée,Simulation pédagogique locale,département : médiane + surface/énergie + aléa,19.08065167,True,False,767.8842732,767.8842732,186.6968814,2.866968814,True,3,False
2349E2194813W,9385,2023,2023-06-29,etablissement,2026-01-06,True,annee_construction;conso_enedis_kwh,annee_construction:milieu_periode_ou_20_ans_avant_seuil;conso_enedis_kwh:simulation_locale_graine_fixe,Maison,C,C,9 RUE DES SITELLES,5 Rue des Hérons (Champtoceaux) 49270 Orée d'Anjou,5 Rue des Hérons (Champtoceaux),Orée d'Anjou,49270,49069,49,5 RUE DES HERONS CHAMPTOCEAUX,61.8,61.8,5858.7,6228.6,GPL + Électricité,False,Gaz / GPL,411,0.1,False,411,somme_des_seules_energies_electriques_EF,False,6.650485437,100.7864078,24.41262136,1508.7,898.5,898.5,2013-2021,,2017,-1.253566972,47.33157002,adresse géocodée ban à l'adresse,0.51,False,49069|5 RUE DES HERONS CHAMPTOCEAUX,aucun,0,adresse_absente_ou_incomplete,True,1179.184273,,,,,Non appariée,Simulation pédagogique locale,département : médiane + surface/énergie + aléa,19.08065167,True,False,768.1842732,768.1842732,186.9061492,2.869061492,True,3,False
2349E2195247O,5683,2023,2023-06-29,etablissement,2026-01-06,True,annee_construction;conso_enedis_kwh,annee_construction:milieu_periode_ou_20_ans_avant_seuil;conso_enedis_kwh:simulation_locale_graine_fixe,Maison,C,C,5 RUE DES HERONS,5 Rue des Hérons (Champtoceaux) 49270 Orée d'Anjou,5 Rue des Hérons (Champtoceaux),Orée d'Anjou,49270,49069,49,5 RUE DES HERONS CHAMPTOCEAUX,61.8,61.8,5885.9,6255.9,GPL + Électricité,False,Gaz / GPL,411.1,-9.094947018e-13,False,411.1,somme_des_seules_energies_electriques_EF,False,6.65210356,101.2281553,24.53074434,1516,902.4,902.4,2013-2021,,2017,-1.253566972,47.33157002,adresse géocodée ban à l'adresse,0.51,False,49069|5 RUE DES HERONS CHAMPTOCEAUX,aucun,0,adresse_absente_ou_incomplete,True,1179.184273,,,,,Non appariée,Simulation pédagogique locale,département : médiane + surface/énergie + aléa,19.08065167,True,False,768.0842732,768.0842732,186.8363593,2.868363593,True,3,False
2349E4107362L,22,2023,2023-11-30,etablissement,2026-01-06,True,adresse;annee_construction;conso_enedis_kwh,adresse:reconstruction_adresse_brute;annee_construction:milieu_periode_ou_20_ans_avant_seuil;conso_enedis_kwh:simulation_locale_graine_fixe,Appartement,C,A,"72 RUE CHOLETAISE
ETS CHOLETAISE",Rue de l'Église (Roussay) 49450 Sèvremoine,"72 RUE CHOLETAISE
ETS CHOLETAISE",Sèvremoine,49450,49301,49,72 RUE CHOLETAISE ETS CHOLETAISE,68.1,68.1,4632,8800.9,Électricité,True,Électricité,4632,0,False,4632,total_EF_logement_tout_electrique,False,68.01762115,129.2349486,4.882525698,332.5,839.6,839.6,2006-2012,,2009,-1.064880047,47.09087004,adresse géocodée ban à l'adresse,0.56,False,49301|72 RUE CHOLETAISE ETS CHOLETAISE,aucun,0,adresse_absente_ou_incomplete,True,3130.248766,,,,,Non appariée,Simulation pédagogique locale,département : médiane + surface/énergie + aléa,45.9654738,True,False,-1501.751234,1501.751234,-32.42122699,0.6757877301,True,1,False
2349E4202696D,8061,2023,2023-12-07,etablissement,2026-01-06,True,annee_construction;conso_enedis_kwh,annee_construction:milieu_periode_ou_20_ans_avant_seuil;conso_enedis_kwh:simulation_locale_graine_fixe,Maison,C,C,4 Impasse Charles Priet,4 Impasse Charles Priet 49350 Gennes-Val-de-Loire,4 Impasse Charles Priet,Gennes-Val-de-Loire,49350,49261,49,4 IMPASSE CHARLES PRIET,72,72,7053.9,7436.3,GPL + Électricité,False,Gaz / GPL,424.8,-9.094947018e-13,False,424.8,somme_des_seules_energies_electriques_EF,False,5.9,103.2819444,25.43055556,1831,1071.5,1071.5,2013-2021,,2017,-0.2226349617,47.35372002,adresse géocodée ban à l'adresse,0.49,False,49261|4 IMPASSE CHARLES PRIET,aucun,0,adresse_absente_ou_incomplete,True,2103.139295,,,,,Non appariée,Simulation pédagogique locale,département : médiane + surface/énergie + aléa,29.21026798,True,False,1678.339295,1678.339295,395.0892878,4.950892878,True,1,False
2350E0434959F,3393,2023,2023-01-06,etablissement,2026-01-06,True,conso_enedis_kwh,conso_enedis_kwh:simulation_locale_graine_fixe,Maison,B,A,clos 2000,La Lande (Saint-Samson-de-Bonfossé) 50750 Bourgvallées,La Lande (Saint-Samson-de-Bonfossé),Bourgvallées,50750,50546,50,LA LANDE SAINT SAMSON DE BONFOSSE,81.5,81.5,3438.4,6533,Électricité,True,Électricité,3438.4,0,False,3438.4,total_EF_logement_tout_electrique,False,42.18895706,80.1595092,3,244.5,643,643,1989-2000,1989,1989,-1.132799963,49.05260997,adresse non géocodée ban car aucune correspondance trouvée,0.51,False,DPE:2350E0434959F,aucun,0,adresse_absente_ou_incomplete,True,4583.218973,,,,,Non appariée,Simulation pédagogique locale,département : médiane + surface/énergie + aléa,56.23581562,True,False,1144.818973,1144.818973,33.29510741,1.332951074,True,1,False
2350E0448868E,8308,2023,2023-02-06,etablissement,2026-01-06,True,conso_enedis_kwh,conso_enedis_kwh:simulation_locale_graine_fixe,Maison,B,A,Pierre Campain ET l'Oisel,Rue Pierre Campain 50000 Saint-Lô,Rue Pierre Campain,Saint-Lô,50000,50502,50,RUE PIERRE CAMPAIN,66.6,66.6,3029.3,5755.7,Électricité,True,Électricité,3029.3,0,False,3029.3,total_EF_logement_tout_electrique,False,45.48498498,86.42192192,2.998498498,199.7,581,581,2001-2005,2001,2001,-1.103576956,49.10806004,adresse non géocodée ban car aucune correspondance trouvée,0.57,False,DPE:2350E0448868E,aucun,0,adresse_absente_ou_incomplete,True,2044.150371,,,,,Non appariée,Simulation pédagogique locale,département : médiane + surface/énergie + aléa,30.69294851,True,False,-985.1496295,985.1496295,-32.52070213,0.6747929787,True,1,False
2350E0633176Y,2654,2023,2023-02-27,etablissement,2026-01-06,True,conso_enedis_kwh,conso_enedis_kwh:simulation_locale_graine_fixe,Maison,C,C,8 des jasmins,8 Square des Jasmins 50540 Isigny-le-Buat,8 Square des Jasmins,Isigny-le-Buat,50540,50256,50,8 SQUARE DES JASMINS,75,75,10175.4,10605.9,Gaz naturel + Électricité,False,Gaz / GPL,478.3,-0.1,False,478.3,somme_des_seules_energies_electriques_EF,False,6.377333333,141.412,29,2175,1003,1003,1978-1982,1978,1978,-1.170159024,48.61932099,adresse non géocodée ban car aucune correspondance trouvée,0.66,False,50256|8 SQUARE DES JASMINS,aucun,0,adresse_absente_ou_incomplete,True,1384.286425,,,,,Non appariée,Simulation pédagogique locale,département : médiane + surface/énergie + aléa,18.45715234,True,False,905.9864253,905.9864253,189.4180274,2.894180274,True,1,False
2350E0636298A,9533,2023,2023-02-27,etablissement,2026-01-06,True,conso_enedis_kwh,conso_enedis_kwh:simulation_locale_graine_fixe,Maison,C,C,6 Professeur LAMACHE,6 Rue Professeur Lamache 50540 Isigny-le-Buat,6 Rue Professeur Lamache,Isigny-le-Buat,50540,50256,50,6 RUE PROFESSEUR LAMACHE,79,79,10000.1,10438.8,Gaz naturel + Électricité,False,Gaz / GPL,487.5,0.1,False,487.5,somme_des_seules_energies_electriques_EF,False,6.170886076,132.1367089,27,2133,994,994,1978-1982,1978,1978,-1.169714005,48.61968302,adresse non géocodée ban car aucune correspondance trouvée,0.73,False,50256|6 RUE PROFESSEUR LAMACHE,aucun,0,adresse_absente_ou_incomplete,True,1593.78303,,,,,Non appariée,Simulation pédagogique locale,département : médiane + surface/énergie + aléa,20.17446874,True,False,1106.28303,1106.28303,226.9298524,3.269298524,True,1,False
2350E0636721H,964,2023,2023-02-27,etablissement,2026-01-06,True,conso_enedis_kwh,conso_enedis_kwh:simulation_locale_graine_fixe,Maison,C,C,3 Professeur LAMACHE,3 Rue Professeur Lamache 50540 Isigny-le-Buat,3 Rue Professeur Lamache,Isigny-le-Buat,50540,50256,50,3 RUE PROFESSEUR LAMACHE,90,90,11895.8,12375.8,Gaz naturel + Électricité,False,Gaz / GPL,533.4,0,False,533.4,somme_des_seules_energies_electriques_EF,False,5.926666667,137.5088889,29,2610,1126,1126,1978-1982,1978,1978,-1.169523,48.61970197,adresse non géocodée ban car aucune correspondance trouvée,0.73,False,50256|3 RUE PROFESSEUR LAMACHE,aucun,0,adresse_absente_ou_incomplete,True,1928.496406,,,,,Non appariée,Simulation pédagogique locale,département : médiane + surface/énergie + aléa,21.42773784,True,False,1395.096406,1395.096406,261.5478826,3.615478826,True,1,False
2350E0637150U,1233,2023,2023-02-27,etablissement,2026-01-06,True,conso_enedis_kwh,conso_enedis_kwh:simulation_locale_graine_fixe,Maison,C,C,9 Professeur LAMACHE,9 Rue Professeur Lamache 50540 Isigny-le-Buat,9 Rue Professeur Lamache,Isigny-le-Buat,50540,50256,50,9 RUE PROFESSEUR LAMACHE,79,79,10000.1,10438.8,Gaz naturel + Électricité,False,Gaz / GPL,487.5,0.1,False,487.5,somme_des_seules_energies_electriques_EF,False,6.170886076,132.1367089,27,2133,994,994,1978-1982,1978,1978,-1.169225061,48.61936796,adresse non géocodée ban car aucune correspondance trouvée,0.73,False,50256|9 RUE PROFESSEUR LAMACHE,aucun,0,adresse_absente_ou_incomplete,True,1680.446998,,,,,Non appariée,Simulation pédagogique locale,département : médiane + surface/énergie + aléa,21.27148098,True,False,1192.946998,1192.946998,244.7070765,3.447070765,True,1,False
2350E0639593T,3656,2023,2023-02-27,etablissement,2026-01-06,True,conso_enedis_kwh,conso_enedis_kwh:simulation_locale_graine_fixe,Maison,C,C,4 André Françoise,4 Rue André Francoise 50620 Saint-Fromond,4 Rue André Francoise,Saint-Fromond,50620,50468,50,4 RUE ANDRE FRANCOISE,66,66,8284.9,8695.7,Gaz naturel + Électricité,False,Gaz / GPL,456.5,0,False,456.5,somme_des_seules_energies_electriques_EF,False,6.916666667,131.7530303,27,1782,874,874,1978-1982,1978,1978,-1.102506,49.22162599,adresse non géocodée ban car aucune correspondance trouvée,0.72,False,50468|4 RUE ANDRE FRANCOISE,aucun,0,adresse_absente_ou_incomplete,True,2094.331441,,,,,Non appariée,Simulation pédagogique locale,département : médiane + surface/énergie + aléa,31.73229457,True,False,1637.831441,1637.831441,358.7801624,4.587801624,True,1,False
2350E0639952O,4769,2023,2023-02-27,etablissement,2026-01-06,True,conso_enedis_kwh,conso_enedis_kwh:simulation_locale_graine_fixe,Maison,C,C,16 André Françoise,16 Rue André Francoise 50620 Saint-Fromond,16 Rue André Francoise,Saint-Fromond,50620,50468,50,16 RUE ANDRE FRANCOISE,66,66,8284.9,8695.7,Gaz naturel + Électricité,False,Gaz / GPL,456.5,0,False,456.5,somme_des_seules_energies_electriques_EF,False,6.916666667,131.7530303,27,1782,874,874,1978-1982,1978,1978,-1.101644017,49.22222699,adresse non géocodée ban car aucune correspondance trouvée,0.72,False,50468|16 RUE ANDRE FRANCOISE,aucun,0,adresse_absente_ou_incomplete,True,1930.316499,,,,,Non appariée,Simulation pédagogique locale,département : médiane + surface/énergie + aléa,29.24721968,True,False,1473.816499,1473.816499,322.8513689,4.228513689,True,1,False
2350E0640028M,8504,2023,2023-02-27,etablissement,2026-01-06,True,conso_enedis_kwh,conso_enedis_kwh:simulation_locale_graine_fixe,Maison,C,C,18 André Françoise,18 Rue André Francoise 50620 Saint-Fromond,18 Rue André Francoise,Saint-Fromond,50620,50468,50,18 RUE ANDRE FRANCOISE,66,66,8284.9,8695.7,Gaz naturel + Électricité,False,Gaz / GPL,456.5,0,False,456.5,somme_des_seules_energies_electriques_EF,False,6.916666667,131.7530303,27,1782,874,874,1978-1982,1978,1978,-1.101739029,49.22230198,adresse non géocodée ban car aucune correspondance trouvée,0.72,False,50468|18 RUE ANDRE FRANCOISE,aucun,0,adresse_absente_ou_incomplete,True,1839.415848,,,,,Non appariée,Simulation pédagogique locale,département : médiane + surface/énergie + aléa,27.86993709,True,False,1382.915848,1382.915848,302.9388495,4.029388495,True,1,False
2350E0640114U,2430,2023,2023-02-27,etablissement,2026-01-06,True,conso_enedis_kwh,conso_enedis_kwh:simulation_locale_graine_fixe,Maison,C,C,20 André Françoise,20 Rue André Francoise 50620 Saint-Fromond,20 Rue André Francoise,Saint-Fromond,50620,50468,50,20 RUE ANDRE FRANCOISE,81,81,10505,10947,Gaz naturel + Électricité,False,Gaz / GPL,491.2,0,False,491.2,somme_des_seules_energies_electriques_EF,False,6.064197531,135.1481481,28,2268,1027,1027,1978-1982,1978,1978,-1.101742015,49.22236904,adresse non géocodée ban car aucune correspondance trouvée,0.72,False,50468|20 RUE ANDRE FRANCOISE,aucun,0,adresse_absente_ou_incomplete,True,1536.923724,,,,,Non appariée,Simulation pédagogique locale,département : médiane + surface/énergie + aléa,18.97436696,True,False,1045.723724,1045.723724,212.8916376,3.128916376,True,1,False
2350E0678389X,5911,2023,2023-03-01,etablissement,2026-01-06,True,conso_enedis_kwh,conso_enedis_kwh:simulation_locale_graine_fixe,Maison,C,C,6 Flandres Dunkerque,6 Residence Flandres Dunkerque 50240 Saint-James,6 Residence Flandres Dunkerque,Saint-James,50240,50487,50,6 RESIDENCE FLANDRES DUNKERQUE,61,61,6789.6,7188.4,Gaz naturel + Électricité,False,Gaz / GPL,443.1,0.1,False,443.1,somme_des_seules_energies_electriques_EF,False,7.263934426,117.842623,24,1464,772,772,1978-1982,1978,1978,-1.332997947,48.52102303,adresse non géocodée ban car aucune correspondance trouvée,0.64,False,50487|6 RESIDENCE FLANDRES DUNKERQUE,aucun,0,adresse_absente_ou_incomplete,True,1870.576813,,,,,Non appariée,Simulation pédagogique locale,département : médiane + surface/énergie + aléa,30.66519366,True,False,1427.476813,1427.476813,322.1568073,4.221568073,True,1,False
2350E0689089L,4888,2023,2023-03-02,etablissement,2026-01-06,True,conso_enedis_kwh,conso_enedis_kwh:simulation_locale_graine_fixe,Maison,C,C,12 de Dierge,12 Rue de Dierge 50240 Saint-James,12 Rue de Dierge,Saint-James,50240,50487,50,12 RUE DE DIERGE,83,83,9916.6,10359.9,Gaz naturel + Électricité,False,Gaz / GPL,492.6,0,False,492.6,somme_des_seules_energies_electriques_EF,False,5.934939759,124.8180723,26,2158,990,990,1978-1982,1978,1978,-1.330861031,48.51951895,adresse non géocodée ban car aucune correspondance trouvée,0.7,False,50487|12 RUE DE DIERGE,aucun,0,adresse_absente_ou_incomplete,True,2282.6324,,,,,Non appariée,Simulation pédagogique locale,département : médiane + surface/énergie + aléa,27.50159518,True,False,1790.0324,1790.0324,363.3845716,4.633845716,True,1,False
2350E0725710Y,4999,2023,2023-03-06,etablissement,2026-01-06,True,conso_enedis_kwh,conso_enedis_kwh:simulation_locale_graine_fixe,Appartement,C,C,45 d'Antrain,45 Route d'Antrain 50240 Saint-James,45 Route d'Antrain,Saint-James,50240,50487,50,45 ROUTE D ANTRAIN,34,34,3890.5,4191.5,Gaz naturel + Électricité,False,Gaz / GPL,334.5,-0.1,False,334.5,somme_des_seules_energies_electriques_EF,False,9.838235294,123.2794118,24,816,493,493,1978-1982,1978,1978,-1.332360966,48.52107096,adresse non géocodée ban car aucune correspondance trouvée,0.66,False,50487|45 ROUTE D ANTRAIN,aucun,0,adresse_absente_ou_incomplete,True,1359.718213,,,,,Non appariée,Simulation pédagogique locale,département : médiane + surface/énergie + aléa,39.99171214,True,False,1025.218213,1025.218213,306.4927393,4.064927393,True,1,False
2350E2267851B,4698,2023,2023-07-03,etablissement,2026-01-06,True,conso_enedis_kwh,conso_enedis_kwh:simulation_locale_graine_fixe,Maison,B,A,Charles Bonney,Cite Charles Bonney 50370 Brécey,Cite Charles Bonney,Brécey,50370,50074,50,CITE CHARLES BONNEY,82.5,82.5,4042,7679.9,Électricité,True,Électricité,4042,0,False,4042,total_EF_logement_tout_electrique,False,48.99393939,93.08969697,2.998787879,247.4,735,735,2001-2005,2005,2005,-1.173037991,48.72684997,adresse non géocodée ban car aucune correspondance trouvée,0.65,False,DPE:2350E2267851B,aucun,0,adresse_absente_ou_incomplete,True,3920.493932,,,,,Non appariée,Simulation pédagogique locale,département : médiane + surface/énergie + aléa,47.52113857,True,False,-121.5060676,121.5060676,-3.006087768,0.9699391223,True,1,False
2350E2267932E,1632,2023,2023-07-03,etablissement,2026-01-06,True,conso_enedis_kwh,conso_enedis_kwh:simulation_locale_graine_fixe,Maison,B,A,Charles Bonney,Cite Charles Bonney 50370 Brécey,Cite Charles Bonney,Brécey,50370,50074,50,CITE CHARLES BONNEY,82.5,82.5,4042,7679.9,Électricité,True,Électricité,4042,0,False,4042,total_EF_logement_tout_electrique,False,48.99393939,93.08969697,2.998787879,247.4,735,735,2001-2005,2005,2005,-1.173037991,48.72684997,adresse non géocodée ban car aucune correspondance trouvée,0.65,False,DPE:2350E2267932E,aucun,0,adresse_absente_ou_incomplete,True,2356.455732,,,,,Non appariée,Simulation pédagogique locale,département : médiane + surface/énergie + aléa,28.56309978,True,False,-1685.544268,1685.544268,-41.70074884,0.5829925116,True,1,False
2350E2354003P,3462,2023,2023-07-12,etablissement,2026-01-06,True,conso_enedis_kwh,conso_enedis_kwh:simulation_locale_graine_fixe,Maison,B,A,Résidence Aubépine,Residence des Aubepines 50800 Villedieu-les-Poêles-Rouffigny,Residence des Aubepines,Villedieu-les-Poêles-Rouffigny,50800,50639,50,RESIDENCE DES AUBEPINES,81.1,81.1,3674.2,6981,Électricité,True,Électricité,3674.2,0,False,3674.2,total_EF_logement_tout_electrique,False,45.30456227,86.07891492,3,243.3,679,679,2001-2005,2004,2004,-1.216742009,48.83953204,adresse non géocodée ban car aucune correspondance trouvée,0.62,False,DPE:2350E2354003P,aucun,0,adresse_absente_ou_incomplete,True,3894.506186,,,,,Non appariée,Simulation pédagogique locale,département : médiane + surface/énergie + aléa,48.02103805,True,False,220.3061857,220.3061857,5.9960314,1.059960314,True,1,False
2350E2674181D,1162,2023,2023-08-07,etablissement,2026-01-06,True,conso_enedis_kwh,conso_enedis_kwh:simulation_locale_graine_fixe,Maison,C,A,Rue Franklin Roosevelt - Rue Félix Eboue,Rue Franklin Roosevelt 50110 Cherbourg-en-Cotentin,Rue Franklin Roosevelt,Cherbourg-en-Cotentin,50110,50129,50,RUE FRANKLIN ROOSEVELT,49.4,49.4,3122.5,5932.7,Électricité,True,Électricité,3122.5,0,False,3122.5,total_EF_logement_tout_electrique,False,63.20850202,120.0951417,3.997975709,197.5,596,596,1983-1988,1983,1983,-1.594913998,49.63096801,adresse non géocodée ban car aucune correspondance trouvée,0.43,False,DPE:2350E2674181D,aucun,0,adresse_absente_ou_incomplete,True,2632.447125,,,,,Non appariée,Simulation pédagogique locale,commune : médiane + surface/énergie + aléa,53.28840334,True,False,-490.0528752,490.0528752,-15.6942474,0.843057526,True,1,False
2350E2674194Q,5121,2023,2023-08-07,etablissement,2026-01-06,True,conso_enedis_kwh,conso_enedis_kwh:simulation_locale_graine_fixe,Maison,B,A,Rue Franklin Roosevelt - Rue Félix Eboue,Rue Franklin Roosevelt 50110 Cherbourg-en-Cotentin,Rue Franklin Roosevelt,Cherbourg-en-Cotentin,50110,50129,50,RUE FRANKLIN ROOSEVELT,49.4,49.4,2611.5,4961.8,Électricité,True,Électricité,2611.5,0,False,2611.5,total_EF_logement_tout_electrique,False,52.86437247,100.4412955,2.997975709,148.1,518,518,1983-1988,1983,1983,-1.594913998,49.63096801,adresse non géocodée ban car aucune correspondance trouvée,0.43,False,DPE:2350E2674194Q,aucun,0,adresse_absente_ou_incomplete,True,2793.936698,,,,,Non appariée,Simulation pédagogique locale,commune : médiane + surface/énergie + aléa,56.55742304,True,False,182.4366982,182.4366982,6.985896926,1.069858969,True,1,False
2350E2674211H,4810,2023,2023-08-07,etablissement,2026-01-06,True,conso_enedis_kwh,conso_enedis_kwh:simulation_locale_graine_fixe,Maison,B,A,Rue Franklin Roosevelt - Rue Félix Eboue,Rue Franklin Roosevelt 50110 Cherbourg-en-Cotentin,Rue Franklin Roosevelt,Cherbourg-en-Cotentin,50110,50129,50,RUE FRANKLIN ROOSEVELT,64.3,64.3,3100.5,5891,Électricité,True,Électricité,3100.5,0,False,3100.5,total_EF_logement_tout_electrique,False,48.2192846,91.61741835,3,192.9,593,593,1983-1988,1983,1983,-1.594913998,49.63096801,adresse non géocodée ban car aucune correspondance trouvée,0.43,False,DPE:2350E2674211H,aucun,0,adresse_absente_ou_incomplete,True,2943.223559,,,,,Non appariée,Simulation pédagogique locale,commune : médiane + surface/énergie + aléa,45.77330573,True,False,-157.2764413,157.2764413,-5.072615425,0.9492738457,True,1,False
2350E2674218O,4612,2023,2023-08-07,etablissement,2026-01-06,True,conso_enedis_kwh,conso_enedis_kwh:simulation_locale_graine_fixe,Maison,B,A,Rue Franklin Roosevelt - Rue Félix Eboue,Rue Franklin Roosevelt 50110 Cherbourg-en-Cotentin,Rue Franklin Roosevelt,Cherbourg-en-Cotentin,50110,50129,50,RUE FRANKLIN ROOSEVELT,73.4,73.4,3745.2,7115.8,Électricité,True,Électricité,3745.2,0,False,3745.2,total_EF_logement_tout_electrique,False,51.02452316,96.94550409,3,220.2,690,690,1983-1988,1983,1983,-1.594913998,49.63096801,adresse non géocodée ban car aucune correspondance trouvée,0.43,False,DPE:2350E2674218O,aucun,0,adresse_absente_ou_incomplete,True,4020.227873,,,,,Non appariée,Simulation pédagogique locale,commune : médiane + surface/énergie + aléa,54.77149691,True,False,275.0278733,275.0278733,7.343476271,1.073434763,True,1,False
2350E2697203P,9018,2023,2023-06-19,etablissement,2026-01-06,True,conso_enedis_kwh,conso_enedis_kwh:simulation_locale_graine_fixe,Maison,A,A,LOTISSEMENT LA MICARDIERE,Rue de la Micardière 50530 Sartilly-Baie-Bocage,Rue de la Micardière,Sartilly-Baie-Bocage,50530,50565,50,RUE DE LA MICARDIERE,71.8,71.8,2270.5,4313.9,Électricité,True,Électricité,2270.5,0,False,2270.5,total_EF_logement_tout_electrique,False,31.62256267,60.0821727,2,143.6,468,468,1978-1982,1978,1978,-1.457534016,48.75454004,adresse non géocodée ban car aucune correspondance trouvée,0.59,False,DPE:2350E2697203P,aucun,0,adresse_absente_ou_incomplete,True,3966.866024,,,,,Non appariée,Simulation pédagogique locale,département : médiane + surface/énergie + aléa,55.24883041,True,False,1696.366024,1696.366024,74.71332409,1.747133241,True,1,False
2350E2697204Q,1550,2023,2023-06-19,etablissement,2026-01-06,True,conso_enedis_kwh,conso_enedis_kwh:simulation_locale_graine_fixe,Maison,D,B,LOTISSEMENT LA MICARDIERE,Rue de la Micardière 50530 Sartilly-Baie-Bocage,Rue de la Micardière,Sartilly-Baie-Bocage,50530,50565,50,RUE DE LA MICARDIERE,53.9,53.9,5272.9,10018.5,Électricité,True,Électricité,5272.9,0,False,5272.9,total_EF_logement_tout_electrique,False,97.82745826,185.8719852,6.994434137,377,924,924,1978-1982,1978,1978,-1.457534016,48.75454004,adresse non géocodée ban car aucune correspondance trouvée,0.59,False,DPE:2350E2697204Q,aucun,0,adresse_absente_ou_incomplete,True,2629.424104,,,,,Non appariée,Simulation pédagogique locale,département : médiane + surface/énergie + aléa,48.78337855,True,False,-2643.475896,2643.475896,-50.13324539,0.4986675461,True,1,False
2350E2697304M,1786,2023,2023-06-19,etablissement,2026-01-06,True,conso_enedis_kwh,conso_enedis_kwh:simulation_locale_graine_fixe,Maison,D,B,LOTISSEMENT LA MICARDIERE,Rue de la Micardière 50530 Sartilly-Baie-Bocage,Rue de la Micardière,Sartilly-Baie-Bocage,50530,50565,50,RUE DE LA MICARDIERE,53.9,53.9,5211.8,9902.3,Électricité,True,Électricité,5211.8,0,False,5211.8,total_EF_logement_tout_electrique,False,96.69387755,183.716141,6.994434137,377,914,914,1978-1982,1978,1978,-1.457534016,48.75454004,adresse non géocodée ban car aucune correspondance trouvée,0.59,False,DPE:2350E2697304M,aucun,0,adresse_absente_ou_incomplete,True,2869.677205,,,,,Non appariée,Simulation pédagogique locale,département : médiane + surface/énergie + aléa,53.24076446,True,False,-2342.122795,2342.122795,-44.93884638,0.5506115362,True,1,False
2350E2699055V,6149,2023,2023-06-19,etablissement,2026-01-06,True,conso_enedis_kwh,conso_enedis_kwh:simulation_locale_graine_fixe,Maison,C,A,LOTISSEMENT LA MICARDIERE,Rue de la Micardière 50530 Sartilly-Baie-Bocage,Rue de la Micardière,Sartilly-Baie-Bocage,50530,50565,50,RUE DE LA MICARDIERE,53.9,53.9,4145.7,7876.9,Électricité,True,Électricité,4145.7,0,False,4145.7,total_EF_logement_tout_electrique,False,76.91465677,146.1391466,4.996289425,269.3,751,751,1978-1982,1978,1978,-1.457534016,48.75454004,adresse non géocodée ban car aucune correspondance trouvée,0.59,False,DPE:2350E2699055V,aucun,0,adresse_absente_ou_incomplete,True,2089.638593,,,,,Non appariée,Simulation pédagogique locale,département : médiane + surface/énergie + aléa,38.76880507,True,False,-2056.061407,2056.061407,-49.59503598,0.5040496402,True,1,False
2350E2789827B,631,2023,2023-08-22,etablissement,2026-01-06,True,conso_enedis_kwh,conso_enedis_kwh:simulation_locale_graine_fixe,Appartement,C,C,22 Rue du President Kennedy,22 Rue du President Kennedy 50310 Montebourg,22 Rue du President Kennedy,Montebourg,50310,50341,50,22 RUE DU PRESIDENT KENNEDY,57.5,57.5,6236.8,6781.4,Gaz naturel + Électricité,False,Gaz / GPL,58.6,546.5,True,58.6,somme_des_seules_energies_electriques_EF,False,1.019130435,117.9373913,22.91652174,1317.7,616.3,616.3,1983-1988,1983,1983,-1.381676041,49.49023395,adresse non géocodée ban car aucune correspondance trouvée,0.81,False,50341|22 RUE DU PRESIDENT KENNEDY,aucun,0,adresse_absente_ou_incomplete,True,1139.484142,,,,,Non appariée,Simulation pédagogique locale,département : médiane + surface/énergie + aléa,19.8171155,True,False,1080.884142,1080.884142,1844.512187,19.44512187,True,3,False
2350E2789840O,2119,2023,2023-08-22,etablissement,2026-01-06,True,conso_enedis_kwh,conso_enedis_kwh:simulation_locale_graine_fixe,Appartement,C,C,22 Rue du President Kennedy,22 Rue du President Kennedy 50310 Montebourg,22 Rue du President Kennedy,Montebourg,50310,50341,50,22 RUE DU PRESIDENT KENNEDY,39.5,39.5,4709,5088.4,Gaz naturel + Électricité,False,Gaz / GPL,42,379.5,True,42,somme_des_seules_energies_electriques_EF,False,1.063291139,128.8202532,25.33164557,1000.6,464.3,464.3,1983-1988,1983,1983,-1.381676041,49.49023395,adresse non géocodée ban car aucune correspondance trouvée,0.81,False,50341|22 RUE DU PRESIDENT KENNEDY,aucun,0,adresse_absente_ou_incomplete,True,1139.484142,,,,,Non appariée,Simulation pédagogique locale,département : médiane + surface/énergie + aléa,28.84769979,True,False,1097.484142,1097.484142,2613.05748,27.1305748,True,3,False
2350E2789865N,8069,2023,2023-08-22,etablissement,2026-01-06,True,conso_enedis_kwh,conso_enedis_kwh:simulation_locale_graine_fixe,Appartement,C,C,22 Rue du President Kennedy,22 Rue du President Kennedy 50310 Montebourg,22 Rue du President Kennedy,Montebourg,50310,50341,50,22 RUE DU PRESIDENT KENNEDY,39.2,39.2,4273.1,4637.6,Gaz naturel + Électricité,False,Gaz / GPL,37.8,367.2,True,37.8,somme_des_seules_energies_electriques_EF,False,0.9642857143,118.3061224,23.07142857,904.4,431.9,431.9,1983-1988,1983,1983,-1.381676041,49.49023395,adresse non géocodée ban car aucune correspondance trouvée,0.81,False,50341|22 RUE DU PRESIDENT KENNEDY,aucun,0,adresse_absente_ou_incomplete,True,1139.484142,,,,,Non appariée,Simulation pédagogique locale,département : médiane + surface/énergie + aléa,29.068473,True,False,1101.684142,1101.684142,2914.508311,30.14508311,True,3,False
2350E3494924E,3227,2023,2023-07-05,etablissement,2026-01-06,True,conso_enedis_kwh,conso_enedis_kwh:simulation_locale_graine_fixe,Maison,B,A,Cite du Soleil Levant,Cité du Soleil Levant 50600 Les Loges-Marchis,Cité du Soleil Levant,Les Loges-Marchis,50600,50274,50,CITE DU SOLEIL LEVANT,80.7,80.7,3871.8,7356.5,Électricité,True,Électricité,3871.8,0,False,3871.8,total_EF_logement_tout_electrique,False,47.97769517,91.15861214,2.998760843,242,710,710,2001-2005,2001,2001,-1.08709106,48.54373698,adresse non géocodée ban car aucune correspondance trouvée,0.8,False,DPE:2350E3494924E,aucun,0,adresse_absente_ou_incomplete,True,5123.534182,,,,,Non appariée,Simulation pédagogique locale,département : médiane + surface/énergie + aléa,63.48865157,True,False,1251.734182,1251.734182,32.32951551,1.323295155,True,1,False
2350E3501106Y,5274,2023,2023-07-07,etablissement,2026-01-06,True,conso_enedis_kwh,conso_enedis_kwh:simulation_locale_graine_fixe,Maison,B,A,Cite du Soleil Levant,Cité du Soleil Levant 50600 Les Loges-Marchis,Cité du Soleil Levant,Les Loges-Marchis,50600,50274,50,CITE DU SOLEIL LEVANT,80.6,80.6,4185,7951.5,Électricité,True,Électricité,4185,0,False,4185,total_EF_logement_tout_electrique,False,51.92307692,98.65384615,2.998759305,241.7,758,758,2001-2005,2001,2001,-1.08709106,48.54373698,adresse non géocodée ban car aucune correspondance trouvée,0.8,False,DPE:2350E3501106Y,aucun,0,adresse_absente_ou_incomplete,True,3316.602478,,,,,Non appariée,Simulation pédagogique locale,département : médiane + surface/énergie + aléa,41.14891412,True,False,-868.3975222,868.3975222,-20.75023948,0.7924976052,True,1,False
2350E3501237Z,9864,2023,2023-07-07,etablissement,2026-01-06,True,conso_enedis_kwh,conso_enedis_kwh:simulation_locale_graine_fixe,Maison,B,A,Residence Velleda,Residence Velleda 50140 Mortain-Bocage,Residence Velleda,Mortain-Bocage,50140,50359,50,RESIDENCE VELLEDA,72.7,72.7,3996.1,7592.6,Électricité,True,Électricité,3996.1,0,False,3996.1,total_EF_logement_tout_electrique,False,54.96698762,104.437414,3.998624484,290.7,728,728,2001-2005,2001,2001,-0.9363430314,48.647579,adresse non géocodée ban car aucune correspondance trouvée,0.64,False,DPE:2350E3501237Z,aucun,0,adresse_absente_ou_incomplete,True,3569.189688,,,,,Non appariée,Simulation pédagogique locale,département : médiane + surface/énergie + aléa,49.09476874,True,False,-426.9103125,426.9103125,-10.68317391,0.8931682609,True,1,False
2350E3504609R,7692,2023,2023-07-07,etablissement,2026-01-06,True,conso_enedis_kwh,conso_enedis_kwh:simulation_locale_graine_fixe,Maison,B,A,6 Residence Velleda,6 Residence Velleda 50140 Mortain-Bocage,6 Residence Velleda,Mortain-Bocage,50140,50359,50,6 RESIDENCE VELLEDA,87.2,87.2,5035.6,9567.6,Électricité,True,Électricité,5035.6,0,False,5035.6,total_EF_logement_tout_electrique,False,57.74770642,109.7201835,4,348.8,887,887,2001-2005,2001,2001,-0.9360609657,48.647999,adresse non géocodée ban car aucune correspondance trouvée,0.65,False,50359|6 RESIDENCE VELLEDA,aucun,0,adresse_absente_ou_incomplete,True,4162.423498,,,,,Non appariée,Simulation pédagogique locale,département : médiane + surface/énergie + aléa,47.73421442,True,False,-873.1765024,873.1765024,-17.34006876,0.8265993124,True,1,False
2350E3513070C,3396,2023,2023-07-03,etablissement,2026-01-06,True,conso_enedis_kwh,conso_enedis_kwh:simulation_locale_graine_fixe,Appartement,B,A,Résidence Les Saint Pères,Residence les Saint Peres 50220 Ducey-Les Chéris,Residence les Saint Peres,Ducey-Les Chéris,50220,50168,50,RESIDENCE LES SAINT PERES,92,92,3721.9,7071.5,Électricité,True,Électricité,3721.9,0,False,3721.9,total_EF_logement_tout_electrique,False,40.45543478,76.86413043,2,184,746,746,1983-1988,1985,1985,-1.287495001,48.61666603,adresse non géocodée ban car aucune correspondance trouvée,0.81,False,DPE:2350E3513070C,aucun,0,adresse_absente_ou_incomplete,True,3884.602283,,,,,Non appariée,Simulation pédagogique locale,département : médiane + surface/énergie + aléa,42.22393785,True,False,162.7022826,162.7022826,4.371484527,1.043714845,True,1,False
2350E3513092Y,2975,2023,2023-07-03,etablissement,2026-01-06,True,conso_enedis_kwh,conso_enedis_kwh:simulation_locale_graine_fixe,Appartement,A,A,Résidence Les Saint Pères,Residence les Saint Peres 50220 Ducey-Les Chéris,Residence les Saint Peres,Ducey-Les Chéris,50220,50168,50,RESIDENCE LES SAINT PERES,94,94,3416,6490.4,Électricité,True,Électricité,3416,0,False,3416,total_EF_logement_tout_electrique,False,36.34042553,69.04680851,2,188,701,701,1983-1988,1985,1985,-1.287495001,48.61666603,adresse non géocodée ban car aucune correspondance trouvée,0.81,False,DPE:2350E3513092Y,aucun,0,adresse_absente_ou_incomplete,True,4096.260032,,,,,Non appariée,Simulation pédagogique locale,département : médiane + surface/énergie + aléa,43.57723438,True,False,680.2600316,680.2600316,19.91393535,1.199139354,True,1,False
2350E3513103J,1772,2023,2023-07-03,etablissement,2026-01-06,True,conso_enedis_kwh,conso_enedis_kwh:simulation_locale_graine_fixe,Appartement,A,A,Résidence Les Saint Pères,Residence les Saint Peres 50220 Ducey-Les Chéris,Residence les Saint Peres,Ducey-Les Chéris,50220,50168,50,RESIDENCE LES SAINT PERES,94,94,3416,6490.4,Électricité,True,Électricité,3416,0,False,3416,total_EF_logement_tout_electrique,False,36.34042553,69.04680851,2,188,701,701,1983-1988,1985,1985,-1.287495001,48.61666603,adresse non géocodée ban car aucune correspondance trouvée,0.81,False,DPE:2350E3513103J,aucun,0,adresse_absente_ou_incomplete,True,4704.621567,,,,,Non appariée,Simulation pédagogique locale,département : médiane + surface/énergie + aléa,50.04916561,True,False,1288.621567,1288.621567,37.7231138,1.377231138,True,1,False
2350E3519614U,8530,2023,2023-07-04,etablissement,2026-01-06,True,conso_enedis_kwh,conso_enedis_kwh:simulation_locale_graine_fixe,Maison,B,A,13 Rue de la Mare Ronde,13 Rue de la Mare Ronde 50320 Folligny,13 Rue de la Mare Ronde,Folligny,50320,50188,50,13 RUE DE LA MARE RONDE,65.2,65.2,3030.8,5758.5,Électricité,True,Électricité,3030.8,0,False,3030.8,total_EF_logement_tout_electrique,False,46.48466258,88.32055215,3,195.6,582,582,2006-2012,2006,2006,-1.41025802,48.82591296,adresse non géocodée ban car aucune correspondance trouvée,0.79,False,50188|13 RUE DE LA MARE RONDE,aucun,0,adresse_absente_ou_incomplete,True,2536.025575,,,,,Non appariée,Simulation pédagogique locale,département : médiane + surface/énergie + aléa,38.89609778,True,False,-494.774425,494.774425,-16.32487874,0.8367512126,True,1,False
2350E3519887H,9590,2023,2023-07-06,etablissement,2026-01-06,True,conso_enedis_kwh,conso_enedis_kwh:simulation_locale_graine_fixe,Maison,B,A,Rue de la Forge,Rue de la Forge 50800 La Lande-d'Airou,Rue de la Forge,La Lande-d'Airou,50800,50262,50,RUE DE LA FORGE,66,66,3250.1,6175.2,Électricité,True,Électricité,3250.1,0,False,3250.1,total_EF_logement_tout_electrique,False,49.24393939,93.56363636,2.998484848,197.9,617,617,1983-1988,1983,1983,-1.292075939,48.81686999,adresse non géocodée ban car aucune correspondance trouvée,0.79,False,DPE:2350E3519887H,aucun,0,adresse_absente_ou_incomplete,True,4055.703034,,,,,Non appariée,Simulation pédagogique locale,département : médiane + surface/énergie + aléa,61.45004597,True,False,805.6030338,805.6030338,24.78702298,1.24787023,True,1,False
2350E3519892M,1610,2023,2023-07-06,etablissement,2026-01-06,True,conso_enedis_kwh,conso_enedis_kwh:simulation_locale_graine_fixe,Maison,B,A,Rue de la Forge,Rue de la Forge 50800 La Lande-d'Airou,Rue de la Forge,La Lande-d'Airou,50800,50262,50,RUE DE LA FORGE,66,66,3249.7,6174.4,Électricité,True,Électricité,3249.7,0,False,3249.7,total_EF_logement_tout_electrique,False,49.23787879,93.55151515,2.998484848,197.9,617,617,1983-1988,1983,1983,-1.292075939,48.81686999,adresse non géocodée ban car aucune correspondance trouvée,0.79,False,DPE:2350E3519892M,aucun,0,adresse_absente_ou_incomplete,True,5324.533101,,,,,Non appariée,Simulation pédagogique locale,département : médiane + surface/énergie + aléa,80.67474395,True,False,2074.833101,2074.833101,63.84691204,1.63846912,True,1,False
2350E3519926U,2628,2023,2023-07-06,etablissement,2026-01-06,True,conso_enedis_kwh,conso_enedis_kwh:simulation_locale_graine_fixe,Maison,B,A,Rue de la Forge,Rue de la Forge 50800 La Lande-d'Airou,Rue de la Forge,La Lande-d'Airou,50800,50262,50,RUE DE LA FORGE,79.9,79.9,3887.6,7386.4,Électricité,True,Électricité,3887.6,0,False,3887.6,total_EF_logement_tout_electrique,False,48.65581977,92.44555695,2.998748436,239.6,713,713,2001-2005,2001,2001,-1.292075939,48.81686999,adresse non géocodée ban car aucune correspondance trouvée,0.79,False,DPE:2350E3519926U,aucun,0,adresse_absente_ou_incomplete,True,3302.362047,,,,,Non appariée,Simulation pédagogique locale,département : médiane + surface/énergie + aléa,41.33118958,True,False,-585.237953,585.237953,-15.05396525,0.8494603475,True,1,False
2350E3520144E,3515,2023,2023-07-06,etablissement,2026-01-06,True,conso_enedis_kwh,conso_enedis_kwh:simulation_locale_graine_fixe,Maison,B,A,4 Rue des Pommiers,4 Rue des Pommiers 50320 La Lucerne-d'Outremer,4 Rue des Pommiers,La Lucerne-d'Outremer,50320,50281,50,4 RUE DES POMMIERS,66.8,66.8,2774.4,5271.3,Électricité,True,Électricité,2774.4,0,False,2774.4,total_EF_logement_tout_electrique,False,41.53293413,78.91167665,2.998502994,200.3,544,544,2001-2005,2001,2001,-1.424336996,48.78532696,adresse non géocodée ban car aucune correspondance trouvée,0.8,False,50281|4 RUE DES POMMIERS,aucun,0,adresse_absente_ou_incomplete,True,4254.152941,,,,,Non appariée,Simulation pédagogique locale,département : médiane + surface/énergie + aléa,63.68492426,True,False,1479.752941,1479.752941,53.3359624,1.533359624,True,1,False
2350E4202405Z,549,2023,2023-11-30,etablissement,2026-01-06,True,conso_enedis_kwh,conso_enedis_kwh:simulation_locale_graine_fixe,Maison,C,C,25 Rue du Moulin,25 Rue du Moulin 50680 Saint-Clair-sur-l'Elle,25 Rue du Moulin,Saint-Clair-sur-l'Elle,50680,50455,50,25 RUE DU MOULIN,92,92,12423.3,13097.7,Gaz naturel + Électricité,False,Gaz / GPL,749.3,0,False,749.3,somme_des_seules_energies_electriques_EF,False,8.144565217,142.3663043,29,2668,1210,1210,1975-1977,1975,1975,-1.035315974,49.19000804,adresse non géocodée ban car aucune correspondance trouvée,0.81,False,50455|25 RUE DU MOULIN,aucun,0,adresse_absente_ou_incomplete,True,1478.177031,,,,,Non appariée,Simulation pédagogique locale,département : médiane + surface/énergie + aléa,16.06714164,True,False,728.8770307,728.8770307,97.27439352,1.972743935,True,1,False
2350E4202407B,1251,2023,2023-11-30,etablissement,2026-01-06,True,conso_enedis_kwh,conso_enedis_kwh:simulation_locale_graine_fixe,Maison,D,D,27 Rue du Moulin,27 Rue du Moulin 50680 Saint-Clair-sur-l'Elle,27 Rue du Moulin,Saint-Clair-sur-l'Elle,50680,50455,50,27 RUE DU MOULIN,78,78,12120.1,12763.6,Gaz naturel + Électricité,False,Gaz / GPL,715.1,0,False,715.1,somme_des_seules_energies_electriques_EF,False,9.167948718,163.6358974,33,2574,1183,1183,1975-1977,1975,1975,-1.035527975,49.190317,adresse non géocodée ban car aucune correspondance trouvée,0.81,False,50455|27 RUE DU MOULIN,aucun,0,adresse_absente_ou_incomplete,True,1870.650341,,,,,Non appariée,Simulation pédagogique locale,département : médiane + surface/énergie + aléa,23.98269668,True,False,1155.550341,1155.550341,161.5928319,2.615928319,True,1,False
2350E4202410E,6218,2023,2023-11-30,etablissement,2026-01-06,True,conso_enedis_kwh,conso_enedis_kwh:simulation_locale_graine_fixe,Maison,D,D,31 Rue du Moulin,31 Rue du Moulin 50680 Saint-Clair-sur-l'Elle,31 Rue du Moulin,Saint-Clair-sur-l'Elle,50680,50455,50,31 RUE DU MOULIN,78,78,12120.1,12763.6,Gaz naturel + Électricité,False,Gaz / GPL,715.1,0,False,715.1,somme_des_seules_energies_electriques_EF,False,9.167948718,163.6358974,33,2574,1183,1183,1975-1977,1975,1975,-1.037817989,49.19038603,adresse non géocodée ban car aucune correspondance trouvée,0.81,False,50455|31 RUE DU MOULIN,aucun,0,adresse_absente_ou_incomplete,True,1891.090922,,,,,Non appariée,Simulation pédagogique locale,département : médiane + surface/énergie + aléa,24.24475541,True,False,1175.990922,1175.990922,164.4512546,2.644512546,True,1,False
2350E4542750E,7636,2023,2023-11-27,etablissement,2026-01-06,True,conso_enedis_kwh,conso_enedis_kwh:simulation_locale_graine_fixe,Maison,C,B,46 Rue Eugène Bosquet,46 Rue Eugène Bosquet 50230 Agon-Coutainville,46 Rue Eugène Bosquet,Agon-Coutainville,50230,50003,50,46 RUE EUGENE BOSQUET,53,53,5005.7,9510.9,Électricité,True,Électricité,5005.7,0,False,5005.7,total_EF_logement_tout_electrique,False,94.44716981,179.4509434,6,318,882,882,1948-1974,1958,1958,-1.577677063,49.03832897,adresse non géocodée ban car aucune correspondance trouvée,0.81,False,50003|46 RUE EUGENE BOSQUET,aucun,0,adresse_absente_ou_incomplete,True,4784.59869,,,,,Non appariée,Simulation pédagogique locale,commune : médiane + surface/énergie + aléa,90.27544698,True,False,-221.1013099,221.1013099,-4.416990828,0.9558300917,True,1,False
2350E4545331L,3129,2023,2023-08-29,etablissement,2026-01-06,True,conso_enedis_kwh,conso_enedis_kwh:simulation_locale_graine_fixe,Maison,B,A,13 Rue de la Croix de Moon,13 Rue de la Croix de Moon 50680 Moon-sur-Elle,13 Rue de la Croix de Moon,Moon-sur-Elle,50680,50356,50,13 RUE DE LA CROIX DE MOON,48,48,1804.4,3428.3,Électricité,True,Électricité,1804.4,0,False,1804.4,total_EF_logement_tout_electrique,False,37.59166667,71.42291667,2,96,403,403,1983-1988,1986,1986,-1.042472982,49.21035298,adresse non géocodée ban car aucune correspondance trouvée,0.81,False,50356|13 RUE DE LA CROIX DE MOON,aucun,0,adresse_absente_ou_incomplete,True,3236.904761,,,,,Non appariée,Simulation pédagogique locale,département : médiane + surface/énergie + aléa,67.43551585,True,False,1432.504761,1432.504761,79.38953451,1.793895345,True,1,False
2350E4545337R,6109,2023,2023-08-29,etablissement,2026-01-06,True,conso_enedis_kwh,conso_enedis_kwh:simulation_locale_graine_fixe,Maison,B,A,20 Rue de la Croix de Moon,20 Rue de la Croix de Moon 50680 Moon-sur-Elle,20 Rue de la Croix de Moon,Moon-sur-Elle,50680,50356,50,20 RUE DE LA CROIX DE MOON,68,68,2707.8,5144.8,Électricité,True,Électricité,2707.8,0,False,2707.8,total_EF_logement_tout_electrique,False,39.82058824,75.65882353,2,136,533,533,1983-1988,1986,1986,-1.042238943,49.21013101,adresse non géocodée ban car aucune correspondance trouvée,0.81,False,50356|20 RUE DE LA CROIX DE MOON,aucun,0,adresse_absente_ou_incomplete,True,3231.981536,,,,,Non appariée,Simulation pédagogique locale,département : médiane + surface/énergie + aléa,47.52914023,True,False,524.1815357,524.1815357,19.35820724,1.193582072,True,1,False
2350E4545345Z,4326,2023,2023-08-29,etablissement,2026-01-06,True,conso_enedis_kwh,conso_enedis_kwh:simulation_locale_graine_fixe,Maison,B,A,6 Rue de la Croix de Moon,6 Rue de la Croix de Moon 50680 Moon-sur-Elle,6 Rue de la Croix de Moon,Moon-sur-Elle,50680,50356,50,6 RUE DE LA CROIX DE MOON,79,79,3101.5,5892.9,Électricité,True,Électricité,3101.5,0,False,3101.5,total_EF_logement_tout_electrique,False,39.25949367,74.59367089,2,158,594,594,1983-1988,1986,1986,-1.042401033,49.21044496,adresse non géocodée ban car aucune correspondance trouvée,0.81,False,50356|6 RUE DE LA CROIX DE MOON,aucun,0,adresse_absente_ou_incomplete,True,4348.270906,,,,,Non appariée,Simulation pédagogique locale,département : médiane + surface/énergie + aléa,55.04140387,True,False,1246.770906,1246.770906,40.1989652,1.401989652,True,1,False
2350E4547278I,6350,2023,2023-04-08,etablissement,2026-01-06,True,conso_enedis_kwh,conso_enedis_kwh:simulation_locale_graine_fixe,Maison,C,A,des hauts vents,Rue des Hauts - Vents 50180 Agneaux,Rue des Hauts - Vents,Agneaux,50180,50002,50,RUE DES HAUTS VENTS,51,51,3116.9,5922.1,Électricité,True,Électricité,3116.9,0,False,3116.9,total_EF_logement_tout_electrique,False,61.11568627,116.1196078,4,204,595,595,1948-1974,1948,1948,-1.116636023,49.11611004,adresse non géocodée ban car aucune correspondance trouvée,0.69,False,DPE:2350E4547278I,aucun,0,adresse_absente_ou_incomplete,True,3613.914084,,,,,Non appariée,Simulation pédagogique locale,commune : médiane + surface/énergie + aléa,70.86106047,True,False,497.0140842,497.0140842,15.94578216,1.159457822,True,1,False
2350E4547548S,5352,2023,2023-01-06,etablissement,2026-01-06,True,conso_enedis_kwh,conso_enedis_kwh:simulation_locale_graine_fixe,Maison,B,A,des mésanges,Rue des Mésanges 50750 Bourgvallées,Rue des Mésanges,Bourgvallées,50750,50546,50,RUE DES MESANGES,67.1,67.1,2978,5658.2,Électricité,True,Électricité,2978,0,False,2978,total_EF_logement_tout_electrique,False,44.38152012,84.32488823,3.001490313,201.4,573,573,1989-2000,1989,1989,-1.125464971,49.05099698,adresse non géocodée ban car aucune correspondance trouvée,0.36,False,DPE:2350E4547548S,aucun,0,adresse_absente_ou_incomplete,True,3083.0199,,,,,Non appariée,Simulation pédagogique locale,département : médiane + surface/énergie + aléa,45.94664531,True,False,105.0199004,105.0199004,3.526524526,1.035265245,True,1,False
2350E4550955T,1295,2023,2023-03-16,etablissement,2026-01-06,True,conso_enedis_kwh,conso_enedis_kwh:simulation_locale_graine_fixe,Maison,B,A,Citée Beauséjour,Cité Bon Séjour 50620 Saint-Jean-de-Daye,Cité Bon Séjour,Saint-Jean-de-Daye,50620,50488,50,CITE BON SEJOUR,51,51,2083.3,3958.2,Électricité,True,Électricité,2083.3,0,False,2083.3,total_EF_logement_tout_electrique,False,40.84901961,77.61176471,3,153,441,441,1983-1988,1983,1983,-1.139521003,49.22960503,adresse non géocodée ban car aucune correspondance trouvée,0.63,False,DPE:2350E4550955T,aucun,0,adresse_absente_ou_incomplete,True,2764.521301,,,,,Non appariée,Simulation pédagogique locale,département : médiane + surface/énergie + aléa,54.20630001,True,False,681.2213006,681.2213006,32.69914561,1.326991456,True,1,False
2351E2624855A,9286,2023,2023-08-03,etablissement,2026-01-09,True,conso_enedis_kwh,conso_enedis_kwh:simulation_locale_graine_fixe,Appartement,E,C,27 RUE MALDAN,27 rue Maldan 51100 Reims,27 rue Maldan,Reims,51100,51454,51,27 RUE MALDAN,35.7,35.7,6004.7,11409,Électricité,True,Électricité,6004.7,0,False,6004.7,total_EF_logement_tout_electrique,False,168.1988796,319.5798319,12,428.4,1038,1038,1948-1974,1948,1948,4.018893048,49.26311901,adresse non géocodée ban car aucune correspondance trouvée,0.79,False,51454|27 RUE MALDAN,aucun,0,adresse_absente_ou_incomplete,True,2815.55687,,,,,Non appariée,Simulation pédagogique locale,département : médiane + surface/énergie + aléa,78.86713922,True,False,-3189.14313,3189.14313,-53.11078205,0.4688921795,True,1,False
2351E3602569K,1968,2023,2023-10-24,etablissement,2026-01-08,True,conso_enedis_kwh,conso_enedis_kwh:simulation_locale_graine_fixe,Appartement,E,E,160 RUE DES CAPUCINS,160 rue des Capucins 51100 Reims,160 rue des Capucins,Reims,51100,51454,51,160 RUE DES CAPUCINS,58,58,18370.1,19048.7,Gaz naturel + Électricité,False,Gaz / GPL,754,-0.1,False,754,somme_des_seules_energies_electriques_EF,False,13,328.4258621,69,4002,1601,1601,avant 1948,1945,1945,4.035345938,49.24601803,adresse non géocodée ban car aucune correspondance trouvée,0.82,False,51454|160 RUE DES CAPUCINS,aucun,0,adresse_absente_ou_incomplete,True,1069.008097,,,,,Non appariée,Simulation pédagogique locale,département : médiane + surface/énergie + aléa,18.43117409,True,False,315.0080974,315.0080974,41.77826226,1.417782623,True,1,False
2351E4089372P,7736,2023,2023-11-29,etablissement,2026-01-06,True,conso_enedis_kwh,conso_enedis_kwh:simulation_locale_graine_fixe,Maison,E,C,19 RUE CAZIN,19 rue Cazin 51100 Reims,19 rue Cazin,Reims,51100,51454,51,19 RUE CAZIN,43.1,43.1,7310.7,13890.3,Électricité,True,Électricité,7310.7,0,False,7310.7,total_EF_logement_tout_electrique,False,169.6218097,322.2807425,12,517.2,1244,1244,1948-1974,1948,1948,4.015119023,49.24669902,adresse non géocodée ban car aucune correspondance trouvée,0.78,False,51454|19 RUE CAZIN,aucun,0,adresse_absente_ou_incomplete,True,1843.647975,,,,,Non appariée,Simulation pédagogique locale,département : médiane + surface/énergie + aléa,42.77605511,True,False,-5467.052025,5467.052025,-74.78151237,0.2521848763,True,1,False
2351E4170557C,9199,2023,2023-12-05,etablissement,2026-01-04,True,conso_enedis_kwh,conso_enedis_kwh:simulation_locale_graine_fixe,Appartement,D,C,4 BD DES PHENICIENS,4 boulevard des Phéniciens 51100 Reims,4 boulevard des Phéniciens,Reims,51100,51454,51,4 BOULEVARD DES PHENICIENS,82.4,82.4,17108,17395.4,Réseau de Chauffage urbain + Gaz naturel + Électricité,False,Réseau de chaleur,319.4,0,False,319.4,somme_des_seules_energies_electriques_EF,False,3.876213592,211.1092233,29,2389.6,1555,1555,1948-1974,1948,1948,4.039297008,49.22253003,adresse non géocodée ban car aucune correspondance trouvée,0.63,False,51454|4 BOULEVARD DES PHENICIENS,aucun,0,adresse_absente_ou_incomplete,True,1509.943467,,,,,Non appariée,Simulation pédagogique locale,département : médiane + surface/énergie + aléa,18.32455664,True,False,1190.543467,1190.543467,372.7437279,4.727437279,True,1,False
2351E4296098P,3741,2023,2023-12-06,etablissement,2026-01-05,True,conso_enedis_kwh,conso_enedis_kwh:simulation_locale_graine_fixe,Maison,D,B,58 RUE LECOINTRE,58 rue Lecointre 51100 Reims,58 rue Lecointre,Reims,51100,51454,51,58 RUE LECOINTRE,31.2,31.2,3822.2,7262.2,Électricité,True,Électricité,3822.2,0,False,3822.2,total_EF_logement_tout_electrique,False,122.5064103,232.7628205,8,249.6,702,702,1948-1974,1948,1948,4.020902027,49.26799596,adresse non géocodée ban car aucune correspondance trouvée,0.8,False,51454|58 RUE LECOINTRE,aucun,0,adresse_absente_ou_incomplete,True,2034.507504,,,,,Non appariée,Simulation pédagogique locale,département : médiane + surface/énergie + aléa,65.20857384,True,False,-1787.692496,1787.692496,-46.77129654,0.5322870346,True,1,False
2353E0837271W,1743,2023,2023-03-14,etablissement,2026-01-06,True,annee_construction;conso_enedis_kwh,annee_construction:milieu_periode_ou_20_ans_avant_seuil;conso_enedis_kwh:simulation_locale_graine_fixe,Maison,C,C,11 IMPASSE JEAN FERRAT,11 Impasse Jean Ferrat 53100 Mayenne,11 Impasse Jean Ferrat,Mayenne,53100,53147,53,11 IMPASSE JEAN FERRAT,73.5,73.5,5173.2,5750.9,Gaz naturel + Électricité,False,Gaz / GPL,641.8,0,False,641.8,somme_des_seules_energies_electriques_EF,False,8.731972789,78.24353741,14.56598639,1070.6,690.1,690.1,2013-2021,,2017,-0.6372310185,48.30415401,adresse non géocodée ban car aucune correspondance trouvée,0.96,False,53147|11 IMPASSE JEAN FERRAT,aucun,0,adresse_absente_ou_incomplete,True,1670.260372,,,,,Non appariée,Simulation pédagogique locale,département : médiane + surface/énergie + aléa,22.72463091,True,False,1028.460372,1028.460372,160.2462406,2.602462406,True,1,False
2353E0837277C,538,2023,2023-03-14,etablissement,2026-01-06,True,annee_construction;conso_enedis_kwh,annee_construction:milieu_periode_ou_20_ans_avant_seuil;conso_enedis_kwh:simulation_locale_graine_fixe,Maison,C,C,5 IMPASSE JEAN FERRAT,5 Impasse Jean Ferrat 53100 Mayenne,5 Impasse Jean Ferrat,Mayenne,53100,53147,53,5 IMPASSE JEAN FERRAT,73.5,73.5,5173.2,5750.9,Gaz naturel + Électricité,False,Gaz / GPL,641.8,0,False,641.8,somme_des_seules_energies_electriques_EF,False,8.731972789,78.24353741,14.56598639,1070.6,690.1,690.1,2013-2021,,2017,-0.6377829472,48.30422296,adresse non géocodée ban car aucune correspondance trouvée,0.96,False,53147|5 IMPASSE JEAN FERRAT,aucun,0,adresse_absente_ou_incomplete,True,1943.808457,,,,,Non appariée,Simulation pédagogique locale,département : médiane + surface/énergie + aléa,26.44637357,True,False,1302.008457,1302.008457,202.8682545,3.028682545,True,1,False
2353E1130690F,8831,2023,2023-04-05,etablissement,2026-01-06,True,annee_construction;conso_enedis_kwh,annee_construction:milieu_periode_ou_20_ans_avant_seuil;conso_enedis_kwh:simulation_locale_graine_fixe,Maison,C,C,16 RUE DES SALAMANDRES,16 Rue des Salamandres 53200 Château-Gontier-sur-Mayenne,16 Rue des Salamandres,Château-Gontier-sur-Mayenne,53200,53062,53,16 RUE DES SALAMANDRES,70.2,70.2,6664.3,7450.2,Gaz naturel + Électricité,False,Gaz / GPL,873.3,0,False,873.3,somme_des_seules_energies_electriques_EF,False,12.44017094,106.1282051,19.53418803,1371.3,861.6,861.6,2006-2012,,2009,-0.7211360225,47.82205701,adresse non géocodée ban car aucune correspondance trouvée,0.87,False,53062|16 RUE DES SALAMANDRES,aucun,0,adresse_absente_ou_incomplete,True,1286.762734,,,,,Non appariée,Simulation pédagogique locale,commune : médiane + surface/énergie + aléa,18.32995347,True,False,413.4627337,413.4627337,47.34486816,1.473448682,True,1,False
2353E1138961I,7241,2023,2023-04-05,etablissement,2026-01-06,True,annee_construction;conso_enedis_kwh,annee_construction:milieu_periode_ou_20_ans_avant_seuil;conso_enedis_kwh:simulation_locale_graine_fixe,Maison,C,C,2 ALLEE DES ROSEAUX,2 Allee des Roseaux 53200 Château-Gontier-sur-Mayenne,2 Allee des Roseaux,Château-Gontier-sur-Mayenne,53200,53062,53,2 ALLEE DES ROSEAUX,62.6,62.6,5286.9,6048.8,Gaz naturel + Électricité,False,Gaz / GPL,846.6,-9.094947018e-13,False,846.6,somme_des_seules_energies_electriques_EF,False,13.52396166,96.62619808,16.97923323,1062.9,739.4,739.4,2006-2012,,2009,-0.721254027,47.82152599,adresse non géocodée ban car aucune correspondance trouvée,0.87,False,53062|2 ALLEE DES ROSEAUX,aucun,0,adresse_absente_ou_incomplete,True,1711.50999,,,,,Non appariée,Simulation pédagogique locale,commune : médiane + surface/énergie + aléa,27.34041518,True,False,864.9099903,864.9099903,102.1627676,2.021627676,True,1,False
2353E1139454H,7738,2023,2023-04-05,etablissement,2026-01-06,True,annee_construction;conso_enedis_kwh,annee_construction:milieu_periode_ou_20_ans_avant_seuil;conso_enedis_kwh:simulation_locale_graine_fixe,Maison,C,C,18 RUE DE LA CHENEVIERE,18 Rue de la Chenevière 53200 Château-Gontier-sur-Mayenne,18 Rue de la Chenevière,Château-Gontier-sur-Mayenne,53200,53062,53,18 RUE DE LA CHENEVIERE,70.2,70.2,6836.5,7622.9,Gaz naturel + Électricité,False,Gaz / GPL,873.8,0,False,873.8,somme_des_seules_energies_electriques_EF,False,12.44729345,108.5883191,20.08974359,1410.3,873,873,2006-2012,,2009,-0.7208130209,47.82187103,adresse non géocodée ban car aucune correspondance trouvée,0.87,False,53062|18 RUE DE LA CHENEVIERE,aucun,0,adresse_absente_ou_incomplete,True,1137.466887,,,,,Non appariée,Simulation pédagogique locale,commune : médiane + surface/énergie + aléa,16.20323201,True,False,263.666887,263.666887,30.17474102,1.30174741,True,1,False
2353E1168180D,4388,2023,2023-04-07,etablissement,2026-01-06,True,annee_construction;conso_enedis_kwh,annee_construction:milieu_periode_ou_20_ans_avant_seuil;conso_enedis_kwh:simulation_locale_graine_fixe,Maison,D,B,9B RUE DANIEL BUSSINGER,9bis Rue Daniel Bussinger 53600 Évron,9bis Rue Daniel Bussinger,Évron,53600,53097,53,9 BIS RUE DANIEL BUSSINGER,19.5,19.5,2631.9,5000.6,Électricité,True,Électricité,2631.9,0,False,2631.9,total_EF_logement_tout_electrique,False,134.9692308,256.4410256,10,195,521.4,521.4,1989-2000,,1994,-0.3921839548,48.14806198,adresse non géocodée ban car aucune correspondance trouvée,0.8,False,53097|9 BIS RUE DANIEL BUSSINGER,aucun,0,adresse_absente_ou_incomplete,True,1288.866028,,,,,Non appariée,Simulation pédagogique locale,département : médiane + surface/énergie + aléa,66.09569375,True,False,-1343.033972,1343.033972,-51.02906539,0.4897093461,True,1,False
2353E1294186N,2094,2023,2023-03-22,etablissement,2026-01-06,True,annee_construction;conso_enedis_kwh,annee_construction:milieu_periode_ou_20_ans_avant_seuil;conso_enedis_kwh:simulation_locale_graine_fixe,Maison,C,A,10 RÉSIDENCE LES OMBELLES,10 Résidence des Ombelles 53200 Château-Gontier-sur-Mayenne,10 Résidence des Ombelles,Château-Gontier-sur-Mayenne,53200,53062,53,10 RESIDENCE DES OMBELLES,70,70,5082.6,9657,Électricité,True,Électricité,5082.6,0,False,5082.6,total_EF_logement_tout_electrique,False,72.60857143,137.9571429,5.524285714,386.7,893.8,893.8,2006-2012,,2009,-0.6835160001,47.83001599,adresse non géocodée ban car aucune correspondance trouvée,0.69,False,53062|10 RESIDENCE DES OMBELLES,aucun,0,adresse_absente_ou_incomplete,True,2045.077448,,,,,Non appariée,Simulation pédagogique locale,commune : médiane + surface/énergie + aléa,29.21539212,True,False,-3037.522552,3037.522552,-59.76316358,0.4023683642,True,1,False
2356E4417483L,9556,2023,2023-12-20,etablissement,2026-01-02,True,conso_enedis_kwh,conso_enedis_kwh:simulation_locale_graine_fixe,Appartement,F,C,1 RUE TRAVERSIERE,1 Rue Traversiere 56000 Vannes,1 Rue Traversiere,Vannes,56000,56260,56,1 RUE TRAVERSIERE,30.6,30.6,5914.2,11237,Électricité,True,Électricité,5914.2,0,False,5914.2,total_EF_logement_tout_electrique,False,193.2745098,367.2222222,13.97712418,427.7,1025,1025,avant 1948,1945,1945,-2.758733965,47.65906702,adresse non géocodée ban car aucune correspondance trouvée,0.79,False,56260|1 RUE TRAVERSIERE,aucun,0,adresse_absente_ou_incomplete,True,1418.123891,,,,,Non appariée,Simulation pédagogique locale,département : médiane + surface/énergie + aléa,46.34391801,True,False,-4496.076109,4496.076109,-76.0217123,0.239782877,True,1,False
2359E1048820P,4044,2023,2023-03-29,etablissement,2026-01-06,True,annee_construction;conso_enedis_kwh,annee_construction:milieu_periode_ou_20_ans_avant_seuil;conso_enedis_kwh:simulation_locale_graine_fixe,Maison,D,D,28 RUE DU MARECHAL FOCH,28 Rue du Marechal Joffre 59141 Iwuy,28 Rue du Marechal Joffre,Iwuy,59141,59322,59,28 RUE DU MARECHAL JOFFRE,212,212,29768.4,30523.5,Gaz naturel + Électricité,False,Gaz / GPL,838.9,0,False,838.9,somme_des_seules_energies_electriques_EF,False,3.957075472,143.9787736,31.23915094,6622.7,2363.3,2363.3,avant 1948,,1928,3.321439931,50.23939204,adresse géocodée ban à l'adresse,0.55,False,59322|28 RUE DU MARECHAL JOFFRE,aucun,0,adresse_absente_ou_incomplete,True,3040.331483,,,,,Non appariée,Simulation pédagogique locale,département : médiane + surface/énergie + aléa,14.34118624,True,False,2201.431483,2201.431483,262.4188202,3.624188202,True,1,False
2360E0339328M,5538,2023,2023-01-27,etablissement,2026-01-12,True,conso_enedis_kwh,conso_enedis_kwh:simulation_locale_graine_fixe,Maison,B,A,24 Rue des Blattiers,24 Rue des Blattiers 60480 Froissy,24 Rue des Blattiers,Froissy,60480,60265,60,24 RUE DES BLATTIERS,88,88,3259.2,6192.5,Électricité,True,Électricité,3259.2,0,False,3259.2,total_EF_logement_tout_electrique,False,37.03636364,70.36931818,2,176,615,615,1978-1982,1978,1978,2.22086398,49.56434398,adresse non géocodée ban car aucune correspondance trouvée,0.79,False,60265|24 RUE DES BLATTIERS,aucun,0,adresse_absente_ou_incomplete,True,3005.214388,,,,,Non appariée,Simulation pédagogique locale,département : médiane + surface/énergie + aléa,34.15016349,True,False,-253.9856125,253.9856125,-7.792882071,0.9220711793,True,1,False
2360E0339453H,3010,2023,2023-01-27,etablissement,2026-01-12,True,conso_enedis_kwh,conso_enedis_kwh:simulation_locale_graine_fixe,Maison,B,A,4 Rue des Ecoles,4 Rue des Ecoles 60480 Froissy,4 Rue des Ecoles,Froissy,60480,60265,60,4 RUE DES ECOLES,88,88,3265,6203.5,Électricité,True,Électricité,3265,0,False,3265,total_EF_logement_tout_electrique,False,37.10227273,70.49431818,2,176,616,616,1978-1982,1978,1978,2.221100032,49.56528798,adresse non géocodée ban car aucune correspondance trouvée,0.77,False,60265|4 RUE DES ECOLES,aucun,0,adresse_absente_ou_incomplete,True,3299.558262,,,,,Non appariée,Simulation pédagogique locale,département : médiane + surface/énergie + aléa,37.49498025,True,False,34.55826158,34.55826158,1.05844599,1.01058446,True,1,False
2360E0339688I,3868,2023,2023-01-27,etablissement,2026-01-12,True,conso_enedis_kwh,conso_enedis_kwh:simulation_locale_graine_fixe,Maison,C,C,23 Rue Paul Gauguin,23 Rue Paul Gauguin 60000 Beauvais,23 Rue Paul Gauguin,Beauvais,60000,60057,60,23 RUE PAUL GAUGUIN,61,61,7714.4,8147.6,Gaz naturel + Électricité,False,Gaz / GPL,481.3,-9.094947018e-13,False,481.3,somme_des_seules_energies_electriques_EF,False,7.890163934,133.5672131,27,1647,841,841,1978-1982,1978,1978,2.111805937,49.43512401,adresse non géocodée ban car aucune correspondance trouvée,0.81,False,60057|23 RUE PAUL GAUGUIN,aucun,0,adresse_absente_ou_incomplete,True,1422.316226,,,,,Non appariée,Simulation pédagogique locale,commune : médiane + surface/énergie + aléa,23.31665944,True,False,941.0162257,941.0162257,195.5155258,2.955155258,True,1,False
2360E0340308E,5353,2023,2023-01-27,etablissement,2026-01-12,True,conso_enedis_kwh,conso_enedis_kwh:simulation_locale_graine_fixe,Maison,A,A,2 Lotissement les Sablons,2 Lotissement les Sablons 60850 Lalandelle,2 Lotissement les Sablons,Lalandelle,60850,60344,60,2 LOTISSEMENT LES SABLONS,97,97,3254.1,6182.8,Électricité,True,Électricité,3254.1,0,False,3254.1,total_EF_logement_tout_electrique,False,33.54742268,63.74020619,2,194,616,616,1978-1982,1978,1978,1.880796028,49.39036502,adresse non géocodée ban car aucune correspondance trouvée,0.8,False,60344|2 LOTISSEMENT LES SABLONS,aucun,0,adresse_absente_ou_incomplete,True,4586.797976,,,,,Non appariée,Simulation pédagogique locale,département : médiane + surface/énergie + aléa,47.28657708,True,False,1332.697976,1332.697976,40.954426,1.40954426,True,1,False
2360E0340315L,9175,2023,2023-01-27,etablissement,2026-01-12,True,conso_enedis_kwh,conso_enedis_kwh:simulation_locale_graine_fixe,Maison,B,A,9 Lotissement les Sablons,9 Lotissement les Sablons 60850 Lalandelle,9 Lotissement les Sablons,Lalandelle,60850,60344,60,9 LOTISSEMENT LES SABLONS,61,61,2288.6,4348.4,Électricité,True,Électricité,2288.6,0,False,2288.6,total_EF_logement_tout_electrique,False,37.51803279,71.2852459,2,122,471,471,1978-1982,1978,1978,1.881307013,49.39062199,adresse non géocodée ban car aucune correspondance trouvée,0.8,False,60344|9 LOTISSEMENT LES SABLONS,aucun,0,adresse_absente_ou_incomplete,True,4501.10403,,,,,Non appariée,Simulation pédagogique locale,département : médiane + surface/énergie + aléa,73.78859066,True,False,2212.50403,2212.50403,96.67499913,1.966749991,True,1,False
2360E0340332C,2845,2023,2023-01-27,etablissement,2026-01-12,True,conso_enedis_kwh,conso_enedis_kwh:simulation_locale_graine_fixe,Maison,A,A,5 Lotissement les Sablons,5 Lotissement les Sablons 60850 Lalandelle,5 Lotissement les Sablons,Lalandelle,60850,60344,60,5 LOTISSEMENT LES SABLONS,97,97,3254.1,6182.8,Électricité,True,Électricité,3254.1,0,False,3254.1,total_EF_logement_tout_electrique,False,33.54742268,63.74020619,2,194,616,616,1978-1982,1978,1978,1.880642039,49.39047398,adresse non géocodée ban car aucune correspondance trouvée,0.8,False,60344|5 LOTISSEMENT LES SABLONS,aucun,0,adresse_absente_ou_incomplete,True,2939.851582,,,,,Non appariée,Simulation pédagogique locale,département : médiane + surface/énergie + aléa,30.30774826,True,False,-314.2484184,314.2484184,-9.656999428,0.9034300057,True,1,False
2360E0344918M,1380,2023,2023-01-27,etablissement,2026-01-12,True,adresse;conso_enedis_kwh,adresse:reconstruction_adresse_brute;conso_enedis_kwh:simulation_locale_graine_fixe,Maison,A,A,10 Résidence des Tilleuls,Residence des Tilleuls 60960 Feuquières,10 Résidence des Tilleuls,Feuquières,60960,60233,60,10 RESIDENCE DES TILLEULS,97,97,3254.1,6182.8,Électricité,True,Électricité,3254.1,0,False,3254.1,total_EF_logement_tout_electrique,False,33.54742268,63.74020619,2,194,616,616,1978-1982,1978,1978,1.835519022,49.647382,adresse non géocodée ban car aucune correspondance trouvée,0.73,False,60233|10 RESIDENCE DES TILLEULS,aucun,0,adresse_absente_ou_incomplete,True,3076.735222,,,,,Non appariée,Simulation pédagogique locale,département : médiane + surface/énergie + aléa,31.71891982,True,False,-177.3647776,177.3647776,-5.450501754,0.9454949825,True,1,False
2360E0345441P,938,2023,2023-01-27,etablissement,2026-01-12,True,conso_enedis_kwh,conso_enedis_kwh:simulation_locale_graine_fixe,Maison,B,A,13 Rue du Gros Caillou,13 Rue Gros Cailloux 60360 Crèvecœur-le-Grand,13 Rue Gros Cailloux,Crèvecœur-le-Grand,60360,60178,60,13 RUE GROS CAILLOUX,61,61,2308.4,4386,Électricité,True,Électricité,2308.4,0,False,2308.4,total_EF_logement_tout_electrique,False,37.84262295,71.90163934,2,122,474,474,1978-1982,1978,1978,2.08612604,49.60699903,adresse non géocodée ban car aucune correspondance trouvée,0.75,False,60178|13 RUE GROS CAILLOUX,aucun,0,adresse_absente_ou_incomplete,True,9679.065819,,,,,Non appariée,Simulation pédagogique locale,commune : médiane + surface/énergie + aléa,158.6732101,True,False,7370.665819,7370.665819,319.2976009,4.192976009,True,1,False
2360E0345454C,9564,2023,2023-01-27,etablissement,2026-01-12,True,conso_enedis_kwh,conso_enedis_kwh:simulation_locale_graine_fixe,Maison,B,A,20 Rue du Gros Caillou,20 Rue Gros Cailloux 60360 Crèvecœur-le-Grand,20 Rue Gros Cailloux,Crèvecœur-le-Grand,60360,60178,60,20 RUE GROS CAILLOUX,88,88,3265,6203.5,Électricité,True,Électricité,3265,0,False,3265,total_EF_logement_tout_electrique,False,37.10227273,70.49431818,2,176,616,616,1978-1982,1978,1978,2.086154932,49.60692196,adresse non géocodée ban car aucune correspondance trouvée,0.75,False,60178|20 RUE GROS CAILLOUX,aucun,0,adresse_absente_ou_incomplete,True,8308.984463,,,,,Non appariée,Simulation pédagogique locale,commune : médiane + surface/énergie + aléa,94.42027799,True,False,5043.984463,5043.984463,154.4865073,2.544865073,True,1,False
2360E1610199D,749,2023,2023-05-16,etablissement,2026-01-12,True,conso_enedis_kwh,conso_enedis_kwh:simulation_locale_graine_fixe,Maison,C,C,02 des tilleuls,2 Rue des Tilleuls 60650 Lachapelle-aux-Pots,2 Rue des Tilleuls,Lachapelle-aux-Pots,60650,60333,60,2 RUE DES TILLEULS,77.7,77.7,7621.8,8042.7,Gaz naturel + Électricité,False,Gaz / GPL,467.6,0,False,467.6,somme_des_seules_energies_electriques_EF,False,6.018018018,103.5096525,21.00514801,1632.1,833,833,1948-1974,1948,1948,1.906593011,49.44913499,adresse non géocodée ban car aucune correspondance trouvée,0.67,False,60333|2 RUE DES TILLEULS,aucun,0,adresse_absente_ou_incomplete,True,1326.810749,,,,,Non appariée,Simulation pédagogique locale,département : médiane + surface/énergie + aléa,17.07607142,True,False,859.2107492,859.2107492,183.7490909,2.837490909,True,1,False
2360E1610256I,7656,2023,2023-05-16,etablissement,2026-01-12,True,conso_enedis_kwh,conso_enedis_kwh:simulation_locale_graine_fixe,Maison,C,C,07 des tilleuls,7 Rue des Tilleuls 60650 Lachapelle-aux-Pots,7 Rue des Tilleuls,Lachapelle-aux-Pots,60650,60333,60,7 RUE DES TILLEULS,94.1,94.1,8612,9062.6,Gaz naturel + Électricité,False,Gaz / GPL,500.7,0.1,False,500.7,somme_des_seules_energies_electriques_EF,False,5.320935175,96.30818278,18.99043571,1787,905,905,1948-1974,1948,1948,1.907764973,49.44848202,adresse non géocodée ban car aucune correspondance trouvée,0.67,False,60333|7 RUE DES TILLEULS,aucun,0,adresse_absente_ou_incomplete,True,1773.036789,,,,,Non appariée,Simulation pédagogique locale,département : médiane + surface/énergie + aléa,18.84204877,True,False,1272.336789,1272.336789,254.1116015,3.541116015,True,1,False
2360E1613496Y,349,2023,2023-05-16,etablissement,2026-01-12,True,conso_enedis_kwh,conso_enedis_kwh:simulation_locale_graine_fixe,Maison,C,C,34 du blanc mont,34 Rue du Blanc Mont 60730 Sainte-Geneviève,34 Rue du Blanc Mont,Sainte-Geneviève,60730,60575,60,34 RUE DU BLANC MONT,94.1,94.1,8703.6,9154.5,Gaz naturel + Électricité,False,Gaz / GPL,500.9,0,False,500.9,somme_des_seules_energies_electriques_EF,False,5.323060574,97.2848034,19.98937301,1881,911,911,1948-1974,1948,1948,2.198668982,49.28211699,adresse non géocodée ban car aucune correspondance trouvée,0.73,False,60575|34 RUE DU BLANC MONT,aucun,0,adresse_absente_ou_incomplete,True,1843.94115,,,,,Non appariée,Simulation pédagogique locale,département : médiane + surface/énergie + aléa,19.59554889,True,False,1343.04115,1343.04115,268.125604,3.68125604,True,1,False
2360E1619112Y,2511,2023,2023-05-16,etablissement,2026-01-12,True,conso_enedis_kwh,conso_enedis_kwh:simulation_locale_graine_fixe,Maison,C,C,11 des cailloux,11 Rue à Cailloux 60220 Formerie,11 Rue à Cailloux,Formerie,60220,60245,60,11 RUE A CAILLOUX,94.1,94.1,8430.8,8881,Gaz naturel + Électricité,False,Gaz / GPL,500.3,0,False,500.3,somme_des_seules_energies_electriques_EF,False,5.316684378,94.37832094,18.99043571,1787,893,893,1948-1974,1948,1948,1.72932503,49.64685501,adresse non géocodée ban car aucune correspondance trouvée,0.55,False,60245|11 RUE A CAILLOUX,aucun,0,adresse_absente_ou_incomplete,True,2038.741761,,,,,Non appariée,Simulation pédagogique locale,département : médiane + surface/énergie + aléa,21.66569353,True,False,1538.441761,1538.441761,307.5038498,4.075038498,True,1,False
2360E1619127N,1501,2023,2023-05-16,etablissement,2026-01-12,True,conso_enedis_kwh,conso_enedis_kwh:simulation_locale_graine_fixe,Maison,C,C,23 des cailloux,23 Rue à Cailloux 60220 Formerie,23 Rue à Cailloux,Formerie,60220,60245,60,23 RUE A CAILLOUX,77.7,77.7,7436.9,7857.3,Gaz naturel + Électricité,False,Gaz / GPL,467.1,-9.094947018e-13,False,467.1,somme_des_seules_energies_electriques_EF,False,6.011583012,101.1235521,20.00514801,1554.4,821,821,1948-1974,1948,1948,1.728741975,49.64637296,adresse non géocodée ban car aucune correspondance trouvée,0.55,False,60245|23 RUE A CAILLOUX,aucun,0,adresse_absente_ou_incomplete,True,3108.84981,,,,,Non appariée,Simulation pédagogique locale,département : médiane + surface/énergie + aléa,40.01093707,True,False,2641.74981,2641.74981,565.5640784,6.655640784,True,1,False
2360E1764969V,5262,2023,2023-05-30,etablissement,2026-01-12,True,conso_enedis_kwh,conso_enedis_kwh:simulation_locale_graine_fixe,Maison,C,C,11 Résidence François Bernard,11 Residence François Benard 60960 Feuquières,11 Residence François Benard,Feuquières,60960,60233,60,11 RESIDENCE FRANCOIS BENARD,77.7,77.7,7436.9,7857.3,Gaz naturel + Électricité,False,Gaz / GPL,467.1,-9.094947018e-13,False,467.1,somme_des_seules_energies_electriques_EF,False,6.011583012,101.1235521,20.00514801,1554.4,821,821,1948-1974,1948,1948,1.835318941,49.65174797,adresse non géocodée ban car aucune correspondance trouvée,0.76,False,60233|11 RESIDENCE FRANCOIS BENARD,aucun,0,adresse_absente_ou_incomplete,True,2312.069544,,,,,Non appariée,Simulation pédagogique locale,département : médiane + surface/énergie + aléa,29.75636478,True,False,1844.969544,1844.969544,394.9838458,4.949838458,True,1,False
2360E1765020U,1360,2023,2023-05-30,etablissement,2026-01-12,True,conso_enedis_kwh,conso_enedis_kwh:simulation_locale_graine_fixe,Maison,C,C,22 Résidence François Bernard,22 Residence François Benard 60960 Feuquières,22 Residence François Benard,Feuquières,60960,60233,60,22 RESIDENCE FRANCOIS BENARD,77.7,77.7,7436.9,7857.3,Gaz naturel + Électricité,False,Gaz / GPL,467.1,-9.094947018e-13,False,467.1,somme_des_seules_energies_electriques_EF,False,6.011583012,101.1235521,20.00514801,1554.4,821,821,1948-1974,1948,1948,1.834497007,49.65114598,adresse non géocodée ban car aucune correspondance trouvée,0.76,False,60233|22 RESIDENCE FRANCOIS BENARD,aucun,0,adresse_absente_ou_incomplete,True,1800.595051,,,,,Non appariée,Simulation pédagogique locale,département : médiane + surface/énergie + aléa,23.17368148,True,False,1333.495051,1333.495051,285.4838474,3.854838474,True,1,False
2360E1954514A,480,2023,2023-06-13,etablissement,2026-01-12,True,conso_enedis_kwh,conso_enedis_kwh:simulation_locale_graine_fixe,Maison,C,C,06 du 19 mars 1962,6 Allee du 19 Mars 1962 60370 Berthecourt,6 Allee du 19 Mars 1962,Berthecourt,60370,60065,60,6 ALLEE DU 19 MARS 1962,77.7,77.7,7988,8684.9,Gaz naturel + Électricité,False,Gaz / GPL,774.3,0,False,774.3,somme_des_seules_energies_electriques_EF,False,9.965250965,111.7747748,21.00514801,1632.1,926,926,1948-1974,1948,1948,2.221977974,49.34843199,adresse non géocodée ban car aucune correspondance trouvée,0.67,False,60065|6 ALLEE DU 19 MARS 1962,aucun,0,adresse_absente_ou_incomplete,True,1654.469868,,,,,Non appariée,Simulation pédagogique locale,département : médiane + surface/énergie + aléa,21.29304849,True,False,880.1698679,880.1698679,113.6729779,2.136729779,True,1,False
2360E1954563X,7079,2023,2023-06-13,etablissement,2026-01-12,True,conso_enedis_kwh,conso_enedis_kwh:simulation_locale_graine_fixe,Maison,C,C,12 du 19 mars 1962,12 Allee du 19 Mars 1962 60370 Berthecourt,12 Allee du 19 Mars 1962,Berthecourt,60370,60065,60,12 ALLEE DU 19 MARS 1962,77.7,77.7,8061.7,8758.7,Gaz naturel + Électricité,False,Gaz / GPL,774.5,0,False,774.5,somme_des_seules_energies_electriques_EF,False,9.967824968,112.7245817,21.00514801,1632.1,931,931,1948-1974,1948,1948,2.221629932,49.34871903,adresse non géocodée ban car aucune correspondance trouvée,0.7,False,60065|12 ALLEE DU 19 MARS 1962,aucun,0,adresse_absente_ou_incomplete,True,2017.565249,,,,,Non appariée,Simulation pédagogique locale,département : médiane + surface/énergie + aléa,25.96609072,True,False,1243.065249,1243.065249,160.4990637,2.604990637,True,1,False
2360E1954569D,7076,2023,2023-06-13,etablissement,2026-01-12,True,conso_enedis_kwh,conso_enedis_kwh:simulation_locale_graine_fixe,Maison,C,C,3 du 9 mars 1962,3 Allee du 19 Mars 1962 60370 Berthecourt,3 Allee du 19 Mars 1962,Berthecourt,60370,60065,60,3 ALLEE DU 19 MARS 1962,94.1,94.1,8996.9,9723.6,Gaz naturel + Électricité,False,Gaz / GPL,807.4,0,False,807.4,somme_des_seules_energies_electriques_EF,False,8.580233794,103.3326249,19.98937301,1881,999,999,1948-1974,1948,1948,2.222362014,49.34850404,adresse non géocodée ban car aucune correspondance trouvée,0.63,False,60065|3 ALLEE DU 19 MARS 1962,aucun,0,adresse_absente_ou_incomplete,True,1873.905956,,,,,Non appariée,Simulation pédagogique locale,département : médiane + surface/énergie + aléa,19.91398466,True,False,1066.505956,1066.505956,132.0913991,2.320913991,True,1,False
2360E1976120A,5850,2023,2023-06-14,etablissement,2026-01-12,True,conso_enedis_kwh,conso_enedis_kwh:simulation_locale_graine_fixe,Maison,C,C,58 Rue de Gisors,58 Rue de Gisors 60650 Saint-Aubin-en-Bray,58 Rue de Gisors,Saint-Aubin-en-Bray,60650,60567,60,58 RUE DE GISORS,62.9,62.9,7102.7,7497.8,Gaz naturel + Électricité,False,Gaz / GPL,439,0.1,False,439,somme_des_seules_energies_electriques_EF,False,6.979332273,119.2019078,23.99682035,1509.4,792,792,1948-1974,1972,1972,1.891362981,49.43307597,adresse non géocodée ban car aucune correspondance trouvée,0.81,False,60567|58 RUE DE GISORS,aucun,0,adresse_absente_ou_incomplete,True,2422.839955,,,,,Non appariée,Simulation pédagogique locale,département : médiane + surface/énergie + aléa,38.51891821,True,False,1983.839955,1983.839955,451.899762,5.51899762,True,1,False
2360E2007655X,6150,2023,2023-05-16,etablissement,2026-01-12,True,conso_enedis_kwh,conso_enedis_kwh:simulation_locale_graine_fixe,Maison,C,C,06 de choqueuse,6 Rue de Choqueuse 60690 Marseille-en-Beauvaisis,6 Rue de Choqueuse,Marseille-en-Beauvaisis,60690,60387,60,6 RUE DE CHOQUEUSE,77.7,77.7,7460.4,7880.9,Gaz naturel + Électricité,False,Gaz / GPL,467.2,0,False,467.2,somme_des_seules_energies_electriques_EF,False,6.012870013,101.4272844,20.00514801,1554.4,823,823,1948-1974,1948,1948,1.950631044,49.57249404,adresse non géocodée ban car aucune correspondance trouvée,0.73,False,60387|6 RUE DE CHOQUEUSE,aucun,0,adresse_absente_ou_incomplete,True,2571.274375,,,,,Non appariée,Simulation pédagogique locale,département : médiane + surface/énergie + aléa,33.0923343,True,False,2104.074375,2104.074375,450.3583851,5.503583851,True,1,False
2360E2007698O,3703,2023,2023-05-16,etablissement,2026-01-12,True,conso_enedis_kwh,conso_enedis_kwh:simulation_locale_graine_fixe,Maison,C,C,22 des murets blancs,22 Rue des Murets Blancs 60690 Marseille-en-Beauvaisis,22 Rue des Murets Blancs,Marseille-en-Beauvaisis,60690,60387,60,22 RUE DES MURETS BLANCS,94.1,94.1,8423.8,8874,Gaz naturel + Électricité,False,Gaz / GPL,500.2,-1.818989404e-12,False,500.2,somme_des_seules_energies_electriques_EF,False,5.315621679,94.30393199,18.99043571,1787,892,892,1948-1974,1948,1948,1.950189037,49.57216496,adresse non géocodée ban car aucune correspondance trouvée,0.75,False,60387|22 RUE DES MURETS BLANCS,aucun,0,adresse_absente_ou_incomplete,True,2490.14245,,,,,Non appariée,Simulation pédagogique locale,département : médiane + surface/énergie + aléa,26.46272529,True,False,1989.94245,1989.94245,397.8293582,4.978293582,True,1,False
2360E2007703T,5589,2023,2023-05-16,etablissement,2026-01-12,True,conso_enedis_kwh,conso_enedis_kwh:simulation_locale_graine_fixe,Maison,C,C,14 des murets blancs,14 Rue des Murets Blancs 60690 Marseille-en-Beauvaisis,14 Rue des Murets Blancs,Marseille-en-Beauvaisis,60690,60387,60,14 RUE DES MURETS BLANCS,94.1,94.1,8423.8,8874,Gaz naturel + Électricité,False,Gaz / GPL,500.2,-1.818989404e-12,False,500.2,somme_des_seules_energies_electriques_EF,False,5.315621679,94.30393199,18.99043571,1787,892,892,1948-1974,1948,1948,1.950122951,49.57180803,adresse non géocodée ban car aucune correspondance trouvée,0.75,False,60387|14 RUE DES MURETS BLANCS,aucun,0,adresse_absente_ou_incomplete,True,2338.270582,,,,,Non appariée,Simulation pédagogique locale,département : médiane + surface/énergie + aléa,24.84878408,True,False,1838.070582,1838.070582,367.4671296,4.674671296,True,1,False
2360E2007732W,2262,2023,2023-05-16,etablissement,2026-01-12,True,conso_enedis_kwh,conso_enedis_kwh:simulation_locale_graine_fixe,Maison,C,C,20 de roy boissy,20 Route de Roy Boissy 60690 Marseille-en-Beauvaisis,20 Route de Roy Boissy,Marseille-en-Beauvaisis,60690,60387,60,20 ROUTE DE ROY BOISSY,94.1,94.1,8498.5,8948.9,Gaz naturel + Électricité,False,Gaz / GPL,500.4,0,False,500.4,somme_des_seules_energies_electriques_EF,False,5.317747078,95.09989373,18.99043571,1787,898,898,1948-1974,1948,1948,1.949672975,49.57275403,adresse non géocodée ban car aucune correspondance trouvée,0.72,False,60387|20 ROUTE DE ROY BOISSY,aucun,0,adresse_absente_ou_incomplete,True,3175.746357,,,,,Non appariée,Simulation pédagogique locale,département : médiane + surface/énergie + aléa,33.74863291,True,False,2675.346357,2675.346357,534.6415582,6.346415582,True,1,False
2360E2007747L,912,2023,2023-05-16,etablissement,2026-01-12,True,conso_enedis_kwh,conso_enedis_kwh:simulation_locale_graine_fixe,Maison,C,C,12 de choqueuse,12 Rue de Choqueuse 60690 Marseille-en-Beauvaisis,12 Rue de Choqueuse,Marseille-en-Beauvaisis,60690,60387,60,12 RUE DE CHOQUEUSE,111.1,111.1,9469.5,9950.8,Gaz naturel + Électricité,False,Gaz / GPL,534.8,0.1,False,534.8,somme_des_seules_energies_electriques_EF,False,4.813681368,89.56615662,18,1999.8,969,969,1948-1974,1948,1948,1.949449979,49.57233903,adresse non géocodée ban car aucune correspondance trouvée,0.74,False,60387|12 RUE DE CHOQUEUSE,aucun,0,adresse_absente_ou_incomplete,True,2572.29706,,,,,Non appariée,Simulation pédagogique locale,département : médiane + surface/énergie + aléa,23.15298884,True,False,2037.49706,2037.49706,380.9829956,4.809829956,True,1,False
2360E2226039H,3111,2023,2023-06-28,etablissement,2026-01-12,True,conso_enedis_kwh,conso_enedis_kwh:simulation_locale_graine_fixe,Maison,C,C,90 des sorbiers,90 Rue des Sorbiers 60390 Auneuil,90 Rue des Sorbiers,Auneuil,60390,60029,60,90 RUE DES SORBIERS,77.7,77.7,7433.4,7853.8,Gaz naturel + Électricité,False,Gaz / GPL,467.2,0,False,467.2,somme_des_seules_energies_electriques_EF,False,6.012870013,101.0785071,20.00514801,1554.4,821,821,1948-1974,1948,1948,1.992402974,49.36748297,adresse non géocodée ban car aucune correspondance trouvée,0.69,False,60029|90 RUE DES SORBIERS,aucun,0,adresse_absente_ou_incomplete,True,1693.320677,,,,,Non appariée,Simulation pédagogique locale,département : médiane + surface/énergie + aléa,21.79305891,True,False,1226.120677,1226.120677,262.4402135,3.624402135,True,1,False
2360E2226058A,7251,2023,2023-06-28,etablissement,2026-01-12,True,conso_enedis_kwh,conso_enedis_kwh:simulation_locale_graine_fixe,Maison,C,C,106 des sorbiers,106 Rue des Sorbiers 60390 Auneuil,106 Rue des Sorbiers,Auneuil,60390,60029,60,106 RUE DES SORBIERS,77.7,77.7,7532.1,7952.7,Gaz naturel + Électricité,False,Gaz / GPL,467.4,9.094947018e-13,False,467.4,somme_des_seules_energies_electriques_EF,False,6.015444015,102.3513514,21.00514801,1632.1,827,827,1948-1974,1948,1948,1.992550027,49.36752303,adresse non géocodée ban car aucune correspondance trouvée,0.69,False,60029|106 RUE DES SORBIERS,aucun,0,adresse_absente_ou_incomplete,True,3271.256773,,,,,Non appariée,Simulation pédagogique locale,département : médiane + surface/énergie + aléa,42.10111677,True,False,2803.856773,2803.856773,599.8837769,6.998837769,True,1,False
2360E2226066I,5929,2023,2023-06-28,etablissement,2026-01-12,True,conso_enedis_kwh,conso_enedis_kwh:simulation_locale_graine_fixe,Maison,C,C,41 des sorbiers,41 Rue des Sorbiers 60390 Auneuil,41 Rue des Sorbiers,Auneuil,60390,60029,60,41 RUE DES SORBIERS,94.1,94.1,8434.8,8885,Gaz naturel + Électricité,False,Gaz / GPL,500.3,0,False,500.3,somme_des_seules_energies_electriques_EF,False,5.316684378,94.42082891,18.99043571,1787,893,893,1948-1974,1948,1948,1.991880986,49.36765301,adresse non géocodée ban car aucune correspondance trouvée,0.69,False,60029|41 RUE DES SORBIERS,aucun,0,adresse_absente_ou_incomplete,True,1720.522787,,,,,Non appariée,Simulation pédagogique locale,département : médiane + surface/énergie + aléa,18.28398286,True,False,1220.222787,1220.222787,243.8982186,3.438982186,True,1,False
2360E2227690U,5847,2023,2023-07-03,etablissement,2026-01-12,True,conso_enedis_kwh,conso_enedis_kwh:simulation_locale_graine_fixe,Maison,C,C,21 des rosiers,21 Rue des Rosiers 60730 Sainte-Geneviève,21 Rue des Rosiers,Sainte-Geneviève,60730,60575,60,21 RUE DES ROSIERS,62.9,62.9,6965.5,7359.8,Gaz naturel + Électricité,False,Gaz / GPL,438.2,0,False,438.2,somme_des_seules_energies_electriques_EF,False,6.966613672,117.0079491,23.99682035,1509.4,782,782,1948-1974,1948,1948,2.199376986,49.28352502,adresse non géocodée ban car aucune correspondance trouvée,0.73,False,60575|21 RUE DES ROSIERS,aucun,0,adresse_absente_ou_incomplete,True,1924.766969,,,,,Non appariée,Simulation pédagogique locale,département : médiane + surface/énergie + aléa,30.60042875,True,False,1486.566969,1486.566969,339.2439454,4.392439454,True,1,False
2360E2227699D,8786,2023,2023-07-03,etablissement,2026-01-12,True,conso_enedis_kwh,conso_enedis_kwh:simulation_locale_graine_fixe,Maison,C,C,15 des aubépines,15 Rue des Aubépines 60730 Sainte-Geneviève,15 Rue des Aubépines,Sainte-Geneviève,60730,60575,60,15 RUE DES AUBEPINES,77.7,77.7,7532.1,7952.7,Gaz naturel + Électricité,False,Gaz / GPL,467.4,9.094947018e-13,False,467.4,somme_des_seules_energies_electriques_EF,False,6.015444015,102.3513514,21.00514801,1632.1,827,827,1948-1974,1948,1948,2.198925983,49.28416202,adresse non géocodée ban car aucune correspondance trouvée,0.73,False,60575|15 RUE DES AUBEPINES,aucun,0,adresse_absente_ou_incomplete,True,2309.359633,,,,,Non appariée,Simulation pédagogique locale,département : médiane + surface/énergie + aléa,29.7214882,True,False,1841.959633,1841.959633,394.0863571,4.940863571,True,1,False
2360E2227716U,3619,2023,2023-07-03,etablissement,2026-01-12,True,conso_enedis_kwh,conso_enedis_kwh:simulation_locale_graine_fixe,Maison,C,C,24 des rosiers,24 Rue des Rosiers 60730 Sainte-Geneviève,24 Rue des Rosiers,Sainte-Geneviève,60730,60575,60,24 RUE DES ROSIERS,94.1,94.1,8434.8,8885,Gaz naturel + Électricité,False,Gaz / GPL,500.3,0,False,500.3,somme_des_seules_energies_electriques_EF,False,5.316684378,94.42082891,18.99043571,1787,893,893,1948-1974,1948,1948,2.199310027,49.28354498,adresse non géocodée ban car aucune correspondance trouvée,0.73,False,60575|24 RUE DES ROSIERS,aucun,0,adresse_absente_ou_incomplete,True,1460.108008,,,,,Non appariée,Simulation pédagogique locale,département : médiane + surface/énergie + aléa,15.51655694,True,False,959.8080084,959.8080084,191.8464938,2.918464938,True,1,False
2360E2227730I,7701,2023,2023-07-03,etablissement,2026-01-12,True,conso_enedis_kwh,conso_enedis_kwh:simulation_locale_graine_fixe,Maison,C,C,19 des aubépines,19 Rue des Aubépines 60730 Sainte-Geneviève,19 Rue des Aubépines,Sainte-Geneviève,60730,60575,60,19 RUE DES AUBEPINES,94.1,94.1,8509.5,8959.9,Gaz naturel + Électricité,False,Gaz / GPL,500.5,0,False,500.5,somme_des_seules_energies_electriques_EF,False,5.318809777,95.21679065,18.99043571,1787,898,898,1948-1974,1948,1948,2.198713992,49.28400797,adresse non géocodée ban car aucune correspondance trouvée,0.73,False,60575|19 RUE DES AUBEPINES,aucun,0,adresse_absente_ou_incomplete,True,3134.500652,,,,,Non appariée,Simulation pédagogique locale,département : médiane + surface/énergie + aléa,33.31031511,True,False,2634.000652,2634.000652,526.2738565,6.262738565,True,1,False
2360E4564127T,9931,2023,2023-05-16,etablissement,2026-01-12,True,conso_enedis_kwh,conso_enedis_kwh:simulation_locale_graine_fixe,Maison,C,C,22 Joliot Curie,22 Rue I et Frederic Joliot Curie 60250 Balagny-sur-Thérain,22 Rue I et Frederic Joliot Curie,Balagny-sur-Thérain,60250,60044,60,22 RUE I ET FREDERIC JOLIOT CURIE,111.1,111.1,10489.5,10973.2,Gaz naturel + Électricité,False,Gaz / GPL,537.4,0,False,537.4,somme_des_seules_energies_electriques_EF,False,4.837083708,98.76867687,20,2222,1036,1036,1948-1974,1948,1948,2.342203021,49.290213,adresse non géocodée ban car aucune correspondance trouvée,0.57,False,60044|22 RUE I ET FREDERIC JOLIOT CURIE,aucun,0,adresse_absente_ou_incomplete,True,2024.318357,,,,,Non appariée,Simulation pédagogique locale,département : médiane + surface/énergie + aléa,18.22068728,True,False,1486.918357,1486.918357,276.68745,3.7668745,True,1,False
2360E4564130W,3066,2023,2023-05-16,etablissement,2026-01-12,True,conso_enedis_kwh,conso_enedis_kwh:simulation_locale_graine_fixe,Maison,C,C,31 Joliot Curie,31 Rue I et Frederic Joliot Curie 60250 Balagny-sur-Thérain,31 Rue I et Frederic Joliot Curie,Balagny-sur-Thérain,60250,60044,60,31 RUE I ET FREDERIC JOLIOT CURIE,63,63,7274.2,7669.5,Gaz naturel + Électricité,False,Gaz / GPL,439.2,-0.1,False,439.2,somme_des_seules_energies_electriques_EF,False,6.971428571,121.7380952,25,1575,804,804,1948-1974,1948,1948,2.342505957,49.29011397,adresse non géocodée ban car aucune correspondance trouvée,0.57,False,60044|31 RUE I ET FREDERIC JOLIOT CURIE,aucun,0,adresse_absente_ou_incomplete,True,2568.365551,,,,,Non appariée,Simulation pédagogique locale,département : médiane + surface/énergie + aléa,40.76770717,True,False,2129.165551,2129.165551,484.7826848,5.847826848,True,1,False
2362E2950308W,2697,2023,2023-09-06,etablissement,2026-01-05,True,conso_enedis_kwh,conso_enedis_kwh:simulation_locale_graine_fixe,Maison,E,B,31 rue Emile Zola,31 Rue Emile Zola 62110 Hénin-Beaumont,31 Rue Emile Zola,Hénin-Beaumont,62110,62427,62,31 RUE EMILE ZOLA,65.3,65.3,9338.7,17743.6,Électricité,True,Électricité,9338.7,0,False,9338.7,total_EF_logement_tout_electrique,False,143.0122511,271.7243492,10,653,1563,1563,avant 1948,1945,1945,2.968988962,50.41875497,adresse non géocodée ban car aucune correspondance trouvée,0.81,False,62427|31 RUE EMILE ZOLA,aucun,0,adresse_absente_ou_incomplete,True,5449.494924,,,,,Non appariée,Simulation pédagogique locale,commune : médiane + surface/énergie + aléa,83.45321476,True,False,-3889.205076,3889.205076,-41.64610788,0.5835389212,True,1,False
2362E4426362E,6880,2023,2023-09-22,etablissement,2026-01-11,True,conso_enedis_kwh,conso_enedis_kwh:simulation_locale_graine_fixe,Maison,E,E,"9 Rue de la Creuse, Cité des Brebis",9 Cité Thomas Lefebvre 62670 Mazingarbe,9 Cité Thomas Lefebvre,Mazingarbe,62670,62563,62,9 CITE THOMAS LEFEBVRE,70,70,16707.7,17079,Gaz naturel + Électricité,False,Gaz / GPL,412.5,0,False,412.5,somme_des_seules_energies_electriques_EF,False,5.892857143,243.9857143,53,3710,1414,1414,avant 1948,1945,1945,2.706896967,50.46899499,adresse non géocodée ban car aucune correspondance trouvée,0.4,False,62563|9 CITE THOMAS LEFEBVRE,aucun,0,adresse_absente_ou_incomplete,True,1685.300169,,,,,Non appariée,Simulation pédagogique locale,département : médiane + surface/énergie + aléa,24.0757167,True,False,1272.800169,1272.800169,308.5576167,4.085576167,True,1,False
2363E1046759M,6755,2023,2023-03-24,etablissement,2026-01-05,True,conso_enedis_kwh,conso_enedis_kwh:simulation_locale_graine_fixe,Appartement,F,C,"24 , rue Pierre le Venerable",24 rue Verlaine 63100 Clermont-Ferrand,24 rue Verlaine,Clermont-Ferrand,63100,63113,63,24 RUE VERLAINE,20,20,4160.1,7904.2,Électricité,True,Électricité,4160.1,0,False,4160.1,total_EF_logement_tout_electrique,False,208.005,395.21,15,300,753,753,avant 1948,1945,1945,3.113534007,45.80289798,adresse non géocodée ban car aucune correspondance trouvée,0.58,False,63113|24 RUE VERLAINE,aucun,0,adresse_absente_ou_incomplete,True,1550.67512,,,,,Non appariée,Simulation pédagogique locale,commune : médiane + surface/énergie + aléa,77.53375598,True,False,-2609.42488,2609.42488,-62.72505181,0.3727494819,True,1,False
2363E3592703K,2241,2023,2023-10-06,etablissement,2026-01-09,True,Aucun,Aucune,Appartement,D,B,"69 , Rue Alexis Piron",69 rue Alexis Piron 63000 Clermont-Ferrand,69 rue Alexis Piron,Clermont-Ferrand,63000,63113,63,69 RUE ALEXIS PIRON,41.9,41.9,4266,8105.3,Électricité,True,Électricité,4266,0,False,4266,total_EF_logement_tout_electrique,False,101.8138425,193.4439141,6.99522673,293.1,794,794,1978-1982,1981,1981,3.097020034,45.76294404,adresse non géocodée ban car aucune correspondance trouvée,0.83,False,63113|69 RUE ALEXIS PIRON,exact_normalise,1,apparie,False,1127.4,1127.4,33822,30,483026,69 RUE ALEXIS PIRON,Moyenne observée à l'adresse,Sans simulation,26.90692124,True,False,-3138.6,3138.6,-73.57243319,0.2642756681,False,1,False
2363E3614653Q,9975,2023,2023-10-24,etablissement,2026-01-06,True,conso_enedis_kwh,conso_enedis_kwh:simulation_locale_graine_fixe,Appartement,D,B,"5 , Rue de Rabanesse",5 rue de Rabanesse 63000 Clermont-Ferrand,5 rue de Rabanesse,Clermont-Ferrand,63000,63113,63,5 RUE DE RABANESSE,14,14,2338.3,4442.7,Électricité,True,Électricité,2338.3,0,False,2338.3,total_EF_logement_tout_electrique,False,167.0214286,317.3357143,11,154,477,477,avant 1948,1945,1945,3.08671899,45.77014401,adresse non géocodée ban car aucune correspondance trouvée,0.83,False,63113|5 RUE DE RABANESSE,aucun,0,adresse_absente_ou_incomplete,True,1694.480663,,,,,Non appariée,Simulation pédagogique locale,commune : médiane + surface/énergie + aléa,121.034333,True,False,-643.8193374,643.8193374,-27.53364998,0.7246635002,True,1,False
2363E4266877E,2677,2023,2023-12-07,etablissement,2026-01-02,True,conso_enedis_kwh,conso_enedis_kwh:simulation_locale_graine_fixe,Appartement,C,A,"142 , rue de la Pradelle",142 rue de la Pradelle 63000 Clermont-Ferrand,142 rue de la Pradelle,Clermont-Ferrand,63000,63113,63,142 RUE DE LA PRADELLE,31.9,31.9,2737.7,5201.7,Électricité,True,Électricité,2737.7,0,False,2737.7,total_EF_logement_tout_electrique,False,85.82131661,163.0626959,5.993730408,191.2,538,538,avant 1948,1945,1945,3.110125038,45.77264901,adresse non géocodée ban car aucune correspondance trouvée,0.84,False,63113|142 RUE DE LA PRADELLE,aucun,0,adresse_absente_ou_incomplete,True,2591.106569,,,,,Non appariée,Simulation pédagogique locale,commune : médiane + surface/énergie + aléa,81.22591125,True,False,-146.5934313,146.5934313,-5.354619983,0.9464538002,True,1,False
2367E0209430R,6942,2023,2023-01-23,etablissement,2026-01-07,True,conso_enedis_kwh,conso_enedis_kwh:simulation_locale_graine_fixe,Appartement,G,C,1 Rue de l'Ecarlate,1 Rue de l'Ecarlate 67000 Strasbourg,1 Rue de l'Ecarlate,Strasbourg,67000,67482,67,1 RUE DE L ECARLATE,31.1,31.1,10873.7,20660.1,Électricité,True,Électricité,10873.7,0,False,10873.7,total_EF_logement_tout_electrique,False,349.6366559,664.3118971,25.98392283,808.1,1805,1805,avant 1948,1945,1945,7.746688047,48.577909,adresse non géocodée ban car aucune correspondance trouvée,0.81,False,67482|1 RUE DE L ECARLATE,aucun,0,adresse_absente_ou_incomplete,True,1807.824544,,,,,Non appariée,Simulation pédagogique locale,département : médiane + surface/énergie + aléa,58.12940655,True,False,-9065.875456,9065.875456,-83.3743386,0.166256614,True,1,False
2368E3618370U,3277,2023,2023-10-20,etablissement,2026-01-11,True,conso_enedis_kwh,conso_enedis_kwh:simulation_locale_graine_fixe,Appartement,F,F,53 Boulevard Alfred Wallach,53 Boulevard Alfred Wallach 68100 Mulhouse,53 Boulevard Alfred Wallach,Mulhouse,68100,68224,68,53 BOULEVARD ALFRED WALLACH,16.7,16.7,6395,6669.2,Gaz naturel + Électricité,False,Gaz / GPL,304.6,0,False,304.6,somme_des_seules_energies_electriques_EF,False,18.23952096,399.3532934,83.74850299,1398.6,470,470,1948-1974,1970,1970,7.341954974,47.73904002,adresse non géocodée ban car aucune correspondance trouvée,0.82,False,68224|53 BOULEVARD ALFRED WALLACH,aucun,0,adresse_absente_ou_incomplete,True,813.9349599,,,,,Non appariée,Simulation pédagogique locale,département : médiane + surface/énergie + aléa,48.73862035,True,False,509.3349599,509.3349599,167.2143663,2.672143663,True,1,False
2369E0748868J,9507,2023,2023-03-07,etablissement,2026-01-07,True,conso_enedis_kwh,conso_enedis_kwh:simulation_locale_graine_fixe,Maison,E,E,"15, Place Bernigal Guillermin",15 Place Bernigal Guillermin 69620 Val d'Oingt,15 Place Bernigal Guillermin,Val d'Oingt,69620,69024,69,15 PLACE BERNIGAL GUILLERMIN,67.9,67.9,20451.6,20732.6,Gaz naturel + Électricité,False,Gaz / GPL,312.2,-3.637978807e-12,False,312.2,somme_des_seules_energies_electriques_EF,False,4.597938144,305.3402062,66.98969072,4548.6,1636,1636,avant 1948,1945,1945,4.585608998,45.92085798,adresse non géocodée ban car aucune correspondance trouvée,0.64,False,69024|15 PLACE BERNIGAL GUILLERMIN,aucun,0,adresse_absente_ou_incomplete,True,2046.757967,,,,,Non appariée,Simulation pédagogique locale,département : médiane + surface/énergie + aléa,30.14371085,True,False,1734.557967,1734.557967,555.5919177,6.555919177,True,1,False
2369E1289450Z,8041,2023,2023-04-18,etablissement,2026-01-12,True,conso_enedis_kwh,conso_enedis_kwh:simulation_locale_graine_fixe,Appartement,C,B,72 Boulevard Gambetta,72 Boulevard Gambetta 69400 Villefranche-sur-Saône,72 Boulevard Gambetta,Villefranche-sur-Saône,69400,69264,69,72 BOULEVARD GAMBETTA,56.8,56.8,4985.7,9472.8,Électricité,True,Électricité,4985.7,0,False,4985.7,total_EF_logement_tout_electrique,False,87.77640845,166.7746479,6.003521127,341,880,880,avant 1948,1945,1945,4.715184017,45.99039399,adresse non géocodée ban car aucune correspondance trouvée,0.83,False,69264|72 BOULEVARD GAMBETTA,aucun,0,adresse_absente_ou_incomplete,True,5123.422384,,,,,Non appariée,Simulation pédagogique locale,département : médiane + surface/énergie + aléa,90.20109831,True,False,137.7223839,137.7223839,2.762347994,1.02762348,True,1,False
2369E1682427M,678,2023,2023-05-23,etablissement,2026-01-07,True,annee_construction;conso_enedis_kwh,annee_construction:milieu_periode_ou_20_ans_avant_seuil;conso_enedis_kwh:simulation_locale_graine_fixe,Appartement,C,C,8 rue Sabine ZLATIN,8 Rue Sabine Zlatin 69100 Villeurbanne,8 Rue Sabine Zlatin,Villeurbanne,69100,69266,69,8 RUE SABINE ZLATIN,56.8,56.8,4423.6,4881,Gaz naturel + Électricité,False,Gaz / GPL,508.2,0.1,False,508.2,somme_des_seules_energies_electriques_EF,False,8.947183099,85.93309859,16.27640845,924.5,380.1,380.1,2013-2021,,2017,4.919246944,45.75415799,adresse géocodée ban à l'adresse,0.63,False,69266|8 RUE SABINE ZLATIN,aucun,0,adresse_absente_ou_incomplete,True,1868.568843,,,,,Non appariée,Simulation pédagogique locale,département : médiane + surface/énergie + aléa,32.89733878,True,False,1360.368843,1360.368843,267.683755,3.67683755,True,1,False
2369E4268098J,9866,2023,2023-12-11,etablissement,2026-01-07,True,annee_construction;conso_enedis_kwh,annee_construction:milieu_periode_ou_20_ans_avant_seuil;conso_enedis_kwh:simulation_locale_graine_fixe,Appartement,C,C,12 Rue de la Solidarité,12 Rue de la Solidarité 69008 Lyon,12 Rue de la Solidarité,Lyon,69008,69388,69,12 RUE DE LA SOLIDARITE,61.4,61.4,5349.4,5724.5,Gaz naturel + Électricité,False,Gaz / GPL,416.8,-9.094947018e-13,False,416.8,somme_des_seules_energies_electriques_EF,False,6.788273616,93.23289902,18.67915309,1146.9,416.2,416.2,2006-2012,,2009,4.857707941,45.74158201,adresse géocodée ban à l'adresse,0.6,False,69388|12 RUE DE LA SOLIDARITE,aucun,0,adresse_absente_ou_incomplete,True,1994.275043,,,,,Non appariée,Simulation pédagogique locale,département : médiane + surface/énergie + aléa,32.48004957,True,False,1577.475043,1577.475043,378.4728991,4.784728991,True,1,False
2372E0112255J,858,2023,2023-01-12,etablissement,2026-01-12,True,Aucun,Aucune,Appartement,D,B,3 Quai Ledru-Rollin,3 quai Ledru Rollin 72000 Le Mans,3 quai Ledru Rollin,Le Mans,72000,72181,72,3 QUAI LEDRU ROLLIN,29,29,4010.5,7620,Électricité,True,Électricité,4010.5,0,False,4010.5,total_EF_logement_tout_electrique,False,138.2931034,262.7586207,10,290,731,731,1948-1974,1948,1948,0.191200051,48.00661498,adresse non géocodée ban car aucune correspondance trouvée,0.81,False,72181|3 QUAI LEDRU ROLLIN,exact_normalise,1,apparie,False,2745.1,2745.1,27451,10,874455,3 QUAI LEDRU ROLLIN,Moyenne observée à l'adresse,Sans simulation,94.65862069,True,False,-1265.4,1265.4,-31.55217554,0.6844782446,False,1,False
2372E0443870U,7969,2023,2023-02-08,etablissement,2026-01-06,True,annee_construction;conso_enedis_kwh,annee_construction:milieu_periode_ou_20_ans_avant_seuil;conso_enedis_kwh:simulation_locale_graine_fixe,Maison,E,B,32 RUE MAURICE RAVEL,32 Rue Maurice Ravel 72340 La Chartre-sur-le-Loir,32 Rue Maurice Ravel,La Chartre-sur-le-Loir,72340,72068,72,32 RUE MAURICE RAVEL,99,99,13995.6,26591.7,Électricité,True,Électricité,13995.6,0,False,13995.6,total_EF_logement_tout_electrique,False,141.369697,268.6030303,10.86060606,1075.2,2296.2,2296.2,1978-1982,,1980,0.5800480193,47.72341503,adresse non géocodée ban car aucune correspondance trouvée,0.95,False,72068|32 RUE MAURICE RAVEL,aucun,0,adresse_absente_ou_incomplete,True,4545.954596,,,,,Non appariée,Simulation pédagogique locale,département : médiane + surface/énergie + aléa,45.91873329,True,False,-9449.645404,9449.645404,-67.51868733,0.3248131267,True,1,False
2374E1538721N,6899,2023,2023-05-10,etablissement,2026-01-07,True,conso_enedis_kwh,conso_enedis_kwh:simulation_locale_graine_fixe,Maison,E,E,790 Chemin du Moulin,790 Chemin du Moulin 74330 Nonglard,790 Chemin du Moulin,Nonglard,74330,74202,74,790 CHEMIN DU MOULIN,291.3,291.3,79680.6,85076.1,Fioul domestique + Bois – Bûches + Électricité,False,Fioul,5995,0.1,False,5995,somme_des_seules_energies_electriques_EF,False,20.58015791,292.0566426,57.99794027,16894.8,6300,6300,avant 1948,1945,1945,6.01761401,45.91095703,adresse non géocodée ban car aucune correspondance trouvée,0.78,False,74202|790 CHEMIN DU MOULIN,aucun,0,adresse_absente_ou_incomplete,True,3657.144296,,,,,Non appariée,Simulation pédagogique locale,département : médiane + surface/énergie + aléa,12.55456332,True,False,-2337.855704,2337.855704,-38.99675903,0.6100324097,True,1,False
2375E0628756X,3725,2023,2023-02-17,etablissement,2026-01-06,True,conso_enedis_kwh,conso_enedis_kwh:simulation_locale_graine_fixe,Appartement,G,C,30 SECRETAN,30 Avenue Secrétan 75019 Paris,30 Avenue Secrétan,Paris,75019,75119,75,30 AVENUE SECRETAN,33.7,33.7,8239.4,15654.8,Électricité,True,Électricité,8239.4,0,False,8239.4,total_EF_logement_tout_electrique,False,244.4925816,464.5341246,18,606.6,1391,1391,avant 1948,1945,1945,2.372549999,48.88142003,adresse non géocodée ban car aucune correspondance trouvée,0.62,False,75119|30 AVENUE SECRETAN,aucun,0,adresse_absente_ou_incomplete,True,2509.003638,,,,,Non appariée,Simulation pédagogique locale,ensemble du fichier : médiane + surface/énergie + aléa,74.45114654,True,False,-5730.396362,5730.396362,-69.54870939,0.3045129061,True,1,False
2375E0845237C,2034,2023,2023-03-10,etablissement,2026-01-05,True,conso_enedis_kwh,conso_enedis_kwh:simulation_locale_graine_fixe,Appartement,D,B,3 Rue de Wattignies,3 Rue de Wattignies 75012 Paris,3 Rue de Wattignies,Paris,75012,75112,75,3 RUE DE WATTIGNIES,12.8,12.8,2186.5,4154.4,Électricité,True,Électricité,2186.5,0,False,2186.5,total_EF_logement_tout_electrique,False,170.8203125,324.5625,12,153.6,456,456,avant 1948,1945,1945,2.392128968,48.83697602,adresse non géocodée ban car aucune correspondance trouvée,0.81,False,75112|3 RUE DE WATTIGNIES,aucun,0,adresse_absente_ou_incomplete,True,1016.590855,,,,,Non appariée,Simulation pédagogique locale,ensemble du fichier : médiane + surface/énergie + aléa,79.42116052,True,False,-1169.909145,1169.909145,-53.50602082,0.4649397918,True,1,False
2375E1304471Y,8251,2023,2023-04-19,etablissement,2026-01-08,True,conso_enedis_kwh,conso_enedis_kwh:simulation_locale_graine_fixe,Appartement,F,C,10 RUE AFFRE,10 Rue Affre 75018 Paris,10 Rue Affre,Paris,75018,75118,75,10 RUE AFFRE,43.2,43.2,8456.7,16067.6,Électricité,True,Électricité,8456.7,0,False,8456.7,total_EF_logement_tout_electrique,False,195.7569444,371.9351852,14.00925926,605.2,1425,1425,avant 1948,1945,1945,2.355828987,48.88558596,adresse non géocodée ban car aucune correspondance trouvée,0.7,False,75118|10 RUE AFFRE,aucun,0,adresse_absente_ou_incomplete,True,2012.924629,,,,,Non appariée,Simulation pédagogique locale,ensemble du fichier : médiane + surface/énergie + aléa,46.59547751,True,False,-6443.775371,6443.775371,-76.19727992,0.2380272008,True,1,False
2375E1484734D,3342,2023,2023-02-23,etablissement,2026-01-08,True,conso_enedis_kwh,conso_enedis_kwh:simulation_locale_graine_fixe,Appartement,C,A,27 Rue des Morillons,27 Rue des Morillons 75015 Paris,27 Rue des Morillons,Paris,75015,75115,75,27 RUE DES MORILLONS,12.7,12.7,1299.6,2469.2,Électricité,True,Électricité,1299.6,0,False,1299.6,total_EF_logement_tout_electrique,False,102.3307087,194.4251969,6.992125984,88.8,332,332,avant 1948,1945,1945,2.298255023,48.83371696,adresse non géocodée ban car aucune correspondance trouvée,0.81,False,75115|27 RUE DES MORILLONS,aucun,0,adresse_absente_ou_incomplete,True,2747.237712,,,,,Non appariée,Simulation pédagogique locale,ensemble du fichier : médiane + surface/énergie + aléa,216.3179301,True,False,1447.637712,1447.637712,111.3910213,2.113910213,True,1,False
2375E2195840J,1637,2023,2023-06-29,etablissement,2026-01-08,True,conso_enedis_kwh,conso_enedis_kwh:simulation_locale_graine_fixe,Appartement,E,E,22 Avenue de l'Opéra,22 Avenue de l'Opéra 75001 Paris,22 Avenue de l'Opéra,Paris,75001,75101,75,22 AVENUE DE L OPERA,19.2,19.2,4408.3,5622.5,Fioul domestique + Électricité,False,Fioul,1349.1,-0.1,False,1349.1,somme_des_seules_energies_electriques_EF,False,70.265625,292.8385417,55.94270833,1074.1,619,619,avant 1948,1945,1945,2.334474001,48.86613404,adresse non géocodée ban car aucune correspondance trouvée,0.8,False,75101|22 AVENUE DE L OPERA,aucun,0,adresse_absente_ou_incomplete,True,1020.444885,,,,,Non appariée,Simulation pédagogique locale,ensemble du fichier : médiane + surface/énergie + aléa,53.14817108,True,False,-328.6551152,328.6551152,-24.36106406,0.7563893594,True,1,False
2375E2596701C,6196,2023,2023-07-18,etablissement,2026-01-10,True,conso_enedis_kwh,conso_enedis_kwh:simulation_locale_graine_fixe,Appartement,C,A,51 Rue de Douai,51 Rue de Douai 75009 Paris,51 Rue de Douai,Paris,75009,75109,75,51 RUE DE DOUAI,11.2,11.2,1418.9,2696,Électricité,True,Électricité,1418.9,0,False,1418.9,total_EF_logement_tout_electrique,False,126.6875,240.7142857,8.017857143,89.8,348,348,avant 1948,1945,1945,2.330695954,48.88315103,adresse non géocodée ban car aucune correspondance trouvée,0.79,False,75109|51 RUE DE DOUAI,aucun,0,adresse_absente_ou_incomplete,True,2445.844231,,,,,Non appariée,Simulation pédagogique locale,ensemble du fichier : médiane + surface/énergie + aléa,218.3789492,True,False,1026.944231,1026.944231,72.37608226,1.723760823,True,1,False
2375E2914234X,4451,2023,2023-09-01,etablissement,2026-01-06,True,conso_enedis_kwh,conso_enedis_kwh:simulation_locale_graine_fixe,Appartement,G,C,30 Rue Eugène Süe,30 Rue Eugène Süe 75018 Paris,30 Rue Eugène Süe,Paris,75018,75118,75,30 RUE EUGENE SUE,31.4,31.4,8169.6,15522.1,Électricité,True,Électricité,8169.5,0.1,False,8169.6,total_EF_logement_tout_electrique,False,260.1783439,494.3343949,19.00636943,596.8,1380,1380,avant 1948,1945,1945,2.348179038,48.89141904,adresse non géocodée ban car aucune correspondance trouvée,0.8,False,75118|30 RUE EUGENE SUE,aucun,0,adresse_absente_ou_incomplete,True,2736.164586,,,,,Non appariée,Simulation pédagogique locale,ensemble du fichier : médiane + surface/énergie + aléa,87.13899954,True,False,-5433.435414,5433.435414,-66.50797364,0.3349202636,True,1,False
2375E3983677I,7109,2023,2023-11-22,etablissement,2026-01-06,True,conso_enedis_kwh,conso_enedis_kwh:simulation_locale_graine_fixe,Appartement,F,F,142 RUE ORDENER,142 Rue Ordener 75018 Paris,142 Rue Ordener,Paris,75018,75118,75,142 RUE ORDENER,31.3,31.3,10779.9,10998.6,Gaz naturel + Électricité,False,Gaz / GPL,243,0,False,243,somme_des_seules_energies_electriques_EF,False,7.763578275,351.3929712,76.02555911,2379.6,725,725,avant 1948,1945,1945,2.337608047,48.89356096,adresse non géocodée ban car aucune correspondance trouvée,0.73,False,75118|142 RUE ORDENER,aucun,0,adresse_absente_ou_incomplete,True,1973.762151,,,,,Non appariée,Simulation pédagogique locale,ensemble du fichier : médiane + surface/énergie + aléa,63.05949365,True,False,1730.762151,1730.762151,712.2477989,8.122477989,True,1,False
2376E3096290C,7046,2023,2023-09-05,etablissement,2026-01-09,True,conso_enedis_kwh,conso_enedis_kwh:simulation_locale_graine_fixe,Appartement,E,C,APT RDC 34 RUE DE BUFFON,34 Rue de Buffon 76000 Rouen,34 Rue de Buffon,Rouen,76000,76540,76,34 RUE DE BUFFON,18.3,18.3,3539.8,6725.6,Électricité,True,Électricité,3539.8,0,False,3539.8,total_EF_logement_tout_electrique,False,193.431694,367.5191257,13.96174863,255.5,659,659,avant 1948,1945,1945,1.08297594,49.44408202,adresse non géocodée ban car aucune correspondance trouvée,0.64,False,76540|34 RUE DE BUFFON,aucun,0,adresse_absente_ou_incomplete,True,1551.128258,,,,,Non appariée,Simulation pédagogique locale,département : médiane + surface/énergie + aléa,84.76110701,True,False,-1988.671742,1988.671742,-56.18034188,0.4381965812,True,1,False
2377E1325486H,3765,2023,2023-04-20,etablissement,2026-01-02,True,conso_enedis_kwh,conso_enedis_kwh:simulation_locale_graine_fixe,Maison,D,D,"179, Quai de la Gourdine",179 Quai de la Gourdine 77400 Lagny-sur-Marne,179 Quai de la Gourdine,Lagny-sur-Marne,77400,77243,77,179 QUAI DE LA GOURDINE,139.1,139.1,24570.5,25053.8,Gaz naturel + Bois – Bûches + Électricité,False,Gaz / GPL,537,0,False,537,somme_des_seules_energies_electriques_EF,False,3.860531991,180.1135873,29.99352983,4172.1,1749,1749,avant 1948,1945,1945,2.710541991,48.88083798,adresse non géocodée ban car aucune correspondance trouvée,0.82,False,77243|179 QUAI DE LA GOURDINE,aucun,0,adresse_absente_ou_incomplete,True,2330.18309,,,,,Non appariée,Simulation pédagogique locale,commune : médiane + surface/énergie + aléa,16.75185543,True,False,1793.18309,1793.18309,333.9260875,4.339260875,True,1,False
2377E1701113M,5593,2023,2023-05-23,etablissement,2026-01-07,True,conso_enedis_kwh,conso_enedis_kwh:simulation_locale_graine_fixe,Appartement,D,B,39 Rue de la Grande Ile,39 Rue de la Grande Ile 77100 Meaux,39 Rue de la Grande Ile,Meaux,77100,77284,77,39 RUE DE LA GRANDE ILE,35.4,35.4,4199.3,7978.6,Électricité,True,Électricité,4199.3,0,False,4199.3,total_EF_logement_tout_electrique,False,118.6242938,225.3841808,8,283.2,759,759,2006-2012,2006,2006,2.876793977,48.95448296,adresse non géocodée ban car aucune correspondance trouvée,0.81,False,77284|39 RUE DE LA GRANDE ILE,aucun,0,adresse_absente_ou_incomplete,True,2513.316818,,,,,Non appariée,Simulation pédagogique locale,département : médiane + surface/énergie + aléa,70.99765022,True,False,-1685.983182,1685.983182,-40.14914825,0.5985085175,True,1,False
2377E2929650X,3890,2023,2023-09-04,etablissement,2026-01-03,True,conso_enedis_kwh,conso_enedis_kwh:simulation_locale_graine_fixe,Appartement,C,A,119 AVENUE CHARLES ROUXEL,119 Avenue Charles Rouxel 77340 Pontault-Combault,119 Avenue Charles Rouxel,Pontault-Combault,77340,77373,77,119 AVENUE CHARLES ROUXEL,35.7,35.7,3090.5,5871.9,Électricité,True,Électricité,3090.5,0,False,3090.5,total_EF_logement_tout_electrique,False,86.56862745,164.4789916,6,214.2,591,591,1989-2000,1989,1989,2.603757937,48.78869497,adresse non géocodée ban car aucune correspondance trouvée,0.83,False,77373|119 AVENUE CHARLES ROUXEL,aucun,0,adresse_absente_ou_incomplete,True,2581.243306,,,,,Non appariée,Simulation pédagogique locale,département : médiane + surface/énergie + aléa,72.30373406,True,False,-509.256694,509.256694,-16.47813279,0.8352186721,True,1,False
2380E0270400E,6871,2023,2023-01-27,etablissement,2026-01-02,True,conso_enedis_kwh,conso_enedis_kwh:simulation_locale_graine_fixe,Appartement,D,B,TOUR SAINT DENIS,Rue Saint-denis 80270 Airaines,Rue Saint-denis,Airaines,80270,80013,80,RUE SAINT DENIS,44,44,5073,9638.7,Électricité,True,Électricité,4899.4,173.6,True,5073,total_EF_logement_tout_electrique,False,115.2954545,219.0613636,8.661363636,381.1,892.2,892.2,1948-1974,1971,1971,1.944090064,49.96553499,adresse non géocodée ban car aucune correspondance trouvée,0.62,False,DPE:2380E0270400E,aucun,0,adresse_absente_ou_incomplete,True,3749.374029,,,,,Non appariée,Simulation pédagogique locale,commune : médiane + surface/énergie + aléa,85.21304612,True,False,-1323.625971,1323.625971,-26.09158232,0.7390841768,True,1,False
2380E0270475B,5259,2023,2023-01-27,etablissement,2026-01-02,True,conso_enedis_kwh,conso_enedis_kwh:simulation_locale_graine_fixe,Appartement,C,A,TOUR SAINT DENIS,Rue Saint-denis 80270 Airaines,Rue Saint-denis,Airaines,80270,80013,80,RUE SAINT DENIS,43,43,2737.8,5201.8,Électricité,True,Électricité,2569.8,168,True,2737.8,total_EF_logement_tout_electrique,False,63.66976744,120.972093,4.579069767,196.9,537.5,537.5,1948-1974,1971,1971,1.944090064,49.96553499,adresse non géocodée ban car aucune correspondance trouvée,0.62,False,DPE:2380E0270475B,aucun,0,adresse_absente_ou_incomplete,True,3612.532956,,,,,Non appariée,Simulation pédagogique locale,commune : médiane + surface/énergie + aléa,84.01239433,True,False,874.732956,874.732956,31.95021389,1.319502139,True,1,False
2380E0304236O,5159,2023,2023-01-30,etablissement,2026-01-02,True,conso_enedis_kwh,conso_enedis_kwh:simulation_locale_graine_fixe,Maison,C,C,ALLEE DU COLZA,Allée du Colza 80000 Amiens,Allée du Colza,Amiens,80000,80021,80,ALLEE DU COLZA,71.2,71.2,4390.1,4794.8,Gaz naturel + Électricité,False,Gaz / GPL,449.7,0,False,449.7,somme_des_seules_energies_electriques_EF,False,6.316011236,67.34269663,11.99438202,854,568,568,après 2021,2018,2018,2.26315195,49.92641102,adresse non géocodée ban car aucune correspondance trouvée,0.79,False,DPE:2380E0304236O,aucun,0,adresse_absente_ou_incomplete,True,1229.909279,,,,,Non appariée,Simulation pédagogique locale,commune : médiane + surface/énergie + aléa,17.27400672,True,False,780.2092788,780.2092788,173.4955034,2.734955034,True,1,False
2380E0304249B,4079,2023,2023-01-30,etablissement,2026-01-02,True,conso_enedis_kwh,conso_enedis_kwh:simulation_locale_graine_fixe,Maison,C,C,ALLEE DU COLZA,Allée du Colza 80000 Amiens,Allée du Colza,Amiens,80000,80021,80,ALLEE DU COLZA,71.2,71.2,4775.4,5181.1,Gaz naturel + Électricité,False,Gaz / GPL,450.7,0,False,450.7,somme_des_seules_energies_electriques_EF,False,6.33005618,72.76825843,13.99438202,996.4,611,611,après 2021,2018,2018,2.26315195,49.92641102,adresse non géocodée ban car aucune correspondance trouvée,0.79,False,DPE:2380E0304249B,aucun,0,adresse_absente_ou_incomplete,True,1800.490676,,,,,Non appariée,Simulation pédagogique locale,commune : médiane + surface/énergie + aléa,25.2877904,True,False,1349.790676,1349.790676,299.487614,3.99487614,True,1,False
2380E0360826C,4842,2023,2023-02-03,etablissement,2026-01-09,True,conso_enedis_kwh,conso_enedis_kwh:simulation_locale_graine_fixe,Maison,C,C,Rue du Viaduc,Rue du Viaduc 80290 Poix-de-Picardie,Rue du Viaduc,Poix-de-Picardie,80290,80630,80,RUE DU VIADUC,68.8,68.8,5596.8,5998.5,Gaz naturel + Électricité,False,Gaz / GPL,446.3,0,False,446.3,somme_des_seules_energies_electriques_EF,False,6.486918605,87.1875,16.99273256,1169.1,696,696,après 2021,2018,2018,1.980189987,49.779694,adresse non géocodée ban car aucune correspondance trouvée,0.8,False,DPE:2380E0360826C,aucun,0,adresse_absente_ou_incomplete,True,2043.752537,,,,,Non appariée,Simulation pédagogique locale,département : médiane + surface/énergie + aléa,29.70570548,True,False,1597.452537,1597.452537,357.9324529,4.579324529,True,1,False
2380E0360847X,8774,2023,2023-02-03,etablissement,2026-01-09,True,conso_enedis_kwh,conso_enedis_kwh:simulation_locale_graine_fixe,Maison,C,C,Rue du Viaduc,Rue du Viaduc 80290 Poix-de-Picardie,Rue du Viaduc,Poix-de-Picardie,80290,80630,80,RUE DU VIADUC,69.2,69.2,5636.2,6038.7,Gaz naturel + Électricité,False,Gaz / GPL,447.2,-0.1,False,447.2,somme_des_seules_energies_electriques_EF,False,6.462427746,87.26445087,16.99710983,1176.2,698,698,après 2021,2018,2018,1.980189987,49.779694,adresse non géocodée ban car aucune correspondance trouvée,0.8,False,DPE:2380E0360847X,aucun,0,adresse_absente_ou_incomplete,True,1874.577348,,,,,Non appariée,Simulation pédagogique locale,département : médiane + surface/énergie + aléa,27.08926803,True,False,1427.377348,1427.377348,319.1809812,4.191809812,True,1,False
2380E0393160S,7261,2023,2023-02-06,etablissement,2026-01-02,True,conso_enedis_kwh,conso_enedis_kwh:simulation_locale_graine_fixe,Maison,D,D,CITE VOLTAIRE,Cité Nouvelle Voltaire 80080 Amiens,Cité Nouvelle Voltaire,Amiens,80080,80021,80,CITE NOUVELLE VOLTAIRE,66,66,9932.5,10336.1,Gaz naturel + Électricité,False,Gaz / GPL,448.4,0,False,448.4,somme_des_seules_energies_electriques_EF,False,6.793939394,156.6075758,33,2178,980,980,1948-1974,1948,1948,2.32140706,49.90907196,adresse non géocodée ban car aucune correspondance trouvée,0.6,False,DPE:2380E0393160S,aucun,0,adresse_absente_ou_incomplete,True,1560.279038,,,,,Non appariée,Simulation pédagogique locale,commune : médiane + surface/énergie + aléa,23.64059148,True,False,1111.879038,1111.879038,247.9658871,3.479658871,True,1,False
2380E0393186S,2251,2023,2023-02-06,etablissement,2026-01-02,True,conso_enedis_kwh,conso_enedis_kwh:simulation_locale_graine_fixe,Maison,D,D,CITE VOLTAIRE,Cité Nouvelle Voltaire 80080 Amiens,Cité Nouvelle Voltaire,Amiens,80080,80021,80,CITE NOUVELLE VOLTAIRE,66.7,66.7,9946.2,10351.1,Gaz naturel + Électricité,False,Gaz / GPL,449.8,1.818989404e-12,False,449.8,somme_des_seules_energies_electriques_EF,False,6.743628186,155.1889055,32.0149925,2135.4,982,982,1948-1974,1948,1948,2.32140706,49.90907196,adresse non géocodée ban car aucune correspondance trouvée,0.6,False,DPE:2380E0393186S,aucun,0,adresse_absente_ou_incomplete,True,1434.790793,,,,,Non appariée,Simulation pédagogique locale,commune : médiane + surface/énergie + aléa,21.51110634,True,False,984.9907928,984.9907928,218.9841691,3.189841691,True,1,False
2380E0393188U,2525,2023,2023-02-06,etablissement,2026-01-02,True,conso_enedis_kwh,conso_enedis_kwh:simulation_locale_graine_fixe,Maison,D,D,CITE VOLTAIRE,Cité Nouvelle Voltaire 80080 Amiens,Cité Nouvelle Voltaire,Amiens,80080,80021,80,CITE NOUVELLE VOLTAIRE,66,66,9556,9959,Gaz naturel + Électricité,False,Gaz / GPL,447.7,0,False,447.7,somme_des_seules_energies_electriques_EF,False,6.783333333,150.8939394,31,2046,954,954,1948-1974,1948,1948,2.32140706,49.90907196,adresse non géocodée ban car aucune correspondance trouvée,0.6,False,DPE:2380E0393188U,aucun,0,adresse_absente_ou_incomplete,True,1969.908162,,,,,Non appariée,Simulation pédagogique locale,commune : médiane + surface/énergie + aléa,29.84709336,True,False,1522.208162,1522.208162,340.0062903,4.400062903,True,1,False
2380E0393192Y,1164,2023,2023-02-06,etablissement,2026-01-02,True,conso_enedis_kwh,conso_enedis_kwh:simulation_locale_graine_fixe,Maison,D,D,CITE VOLTAIRE,Cité Nouvelle Voltaire 80080 Amiens,Cité Nouvelle Voltaire,Amiens,80080,80021,80,CITE NOUVELLE VOLTAIRE,68,68,9760.6,10167.3,Gaz naturel + Électricité,False,Gaz / GPL,451.8,1.818989404e-12,False,451.8,somme_des_seules_energies_electriques_EF,False,6.644117647,149.5191176,31,2108,968,968,1948-1974,1948,1948,2.32140706,49.90907196,adresse non géocodée ban car aucune correspondance trouvée,0.6,False,DPE:2380E0393192Y,aucun,0,adresse_absente_ou_incomplete,True,2103.43904,,,,,Non appariée,Simulation pédagogique locale,commune : médiane + surface/énergie + aléa,30.93292707,True,False,1651.63904,1651.63904,365.5686234,4.655686234,True,1,False
2380E0393217X,2257,2023,2023-02-06,etablissement,2026-01-02,True,conso_enedis_kwh,conso_enedis_kwh:simulation_locale_graine_fixe,Maison,D,D,CITE VOLTAIRE,Cité Nouvelle Voltaire 80080 Amiens,Cité Nouvelle Voltaire,Amiens,80080,80021,80,CITE NOUVELLE VOLTAIRE,66,66,9556,9959,Gaz naturel + Électricité,False,Gaz / GPL,447.7,0,False,447.7,somme_des_seules_energies_electriques_EF,False,6.783333333,150.8939394,31,2046,954,954,1948-1974,1948,1948,2.32140706,49.90907196,adresse non géocodée ban car aucune correspondance trouvée,0.6,False,DPE:2380E0393217X,aucun,0,adresse_absente_ou_incomplete,True,1510.019474,,,,,Non appariée,Simulation pédagogique locale,commune : médiane + surface/énergie + aléa,22.87908294,True,False,1062.319474,1062.319474,237.2837779,3.372837779,True,1,False
2380E0399969P,1926,2023,2023-02-07,etablissement,2026-01-02,True,conso_enedis_kwh,conso_enedis_kwh:simulation_locale_graine_fixe,Maison,C,C,DU TOURNAISIS,Square du Tournaisis 80090 Amiens,Square du Tournaisis,Amiens,80090,80021,80,SQUARE DU TOURNAISIS,50.4,50.4,6919.1,7293.8,Gaz naturel + Électricité,False,Gaz / GPL,416.3,0.1,False,416.3,somme_des_seules_energies_electriques_EF,False,8.259920635,144.718254,29.02380952,1462.8,776,776,1948-1974,1954,1954,2.325220027,49.87690697,adresse non géocodée ban car aucune correspondance trouvée,0.55,False,DPE:2380E0399969P,aucun,0,adresse_absente_ou_incomplete,True,1579.371368,,,,,Non appariée,Simulation pédagogique locale,commune : médiane + surface/énergie + aléa,31.33673349,True,False,1163.071368,1163.071368,279.3829854,3.793829854,True,1,False
2380E0400190C,9263,2023,2023-02-07,etablissement,2026-01-02,True,conso_enedis_kwh,conso_enedis_kwh:simulation_locale_graine_fixe,Maison,C,C,DU TOURNAISIS,Square du Tournaisis 80090 Amiens,Square du Tournaisis,Amiens,80090,80021,80,SQUARE DU TOURNAISIS,50.4,50.4,6953.4,7328.2,Gaz naturel + Électricité,False,Gaz / GPL,416.4,0.1,False,416.4,somme_des_seules_energies_electriques_EF,False,8.261904762,145.4007937,29.02380952,1462.8,778,778,1948-1974,1954,1954,2.325220027,49.87690697,adresse non géocodée ban car aucune correspondance trouvée,0.55,False,DPE:2380E0400190C,aucun,0,adresse_absente_ou_incomplete,True,1656.723683,,,,,Non appariée,Simulation pédagogique locale,commune : médiane + surface/énergie + aléa,32.87150165,True,False,1240.323683,1240.323683,297.8683197,3.978683197,True,1,False
2380E0408931H,2635,2023,2023-02-07,etablissement,2026-01-02,True,conso_enedis_kwh,conso_enedis_kwh:simulation_locale_graine_fixe,Appartement,C,C,132/134 Rue d'Elbeuf,134 Rue d'Elbeuf 80000 Amiens,134 Rue d'Elbeuf,Amiens,80000,80021,80,134 RUE D ELBEUF,54,54,4807.5,5145.8,Gaz naturel + Électricité,False,Gaz / GPL,69.3,306.7,True,69.3,somme_des_seules_energies_electriques_EF,False,1.283333333,95.29259259,19.08333333,1030.5,601.9,601.9,1948-1974,1948,1948,2.272025054,49.88870096,adresse non géocodée ban car aucune correspondance trouvée,0.72,False,80021|134 RUE D ELBEUF,aucun,0,adresse_absente_ou_incomplete,True,1114.782205,,,,,Non appariée,Simulation pédagogique locale,commune : médiane + surface/énergie + aléa,20.6441149,True,False,1045.482205,1045.482205,1508.63233,16.0863233,True,1,False
2380E0412988I,2224,2023,2023-02-08,etablissement,2026-01-02,True,conso_enedis_kwh,conso_enedis_kwh:simulation_locale_graine_fixe,Maison,C,C,RUE D'ELBEUF,Rue d'Elbeuf 80000 Amiens,Rue d'Elbeuf,Amiens,80000,80021,80,RUE D ELBEUF,71,71,7964.8,8647.1,Gaz naturel + Électricité,False,Gaz / GPL,758.1,0.1,False,758.1,somme_des_seules_energies_electriques_EF,False,10.67746479,121.7901408,23,1633,921,921,1948-1974,1948,1948,2.270639042,49.88799798,adresse non géocodée ban car aucune correspondance trouvée,0.79,False,DPE:2380E0412988I,aucun,0,adresse_absente_ou_incomplete,True,1481.017375,,,,,Non appariée,Simulation pédagogique locale,commune : médiane + surface/énergie + aléa,20.85939965,True,False,722.9173753,722.9173753,95.35910504,1.95359105,True,1,False
2380E0430004U,8100,2023,2023-02-07,etablissement,2026-01-02,True,conso_enedis_kwh,conso_enedis_kwh:simulation_locale_graine_fixe,Maison,C,C,DU TOURNAISIS,Rue Dufour 80000 Amiens,Rue Dufour,Amiens,80000,80021,80,RUE DUFOUR,50.4,50.4,6815.6,7190,Gaz naturel + Électricité,False,Gaz / GPL,416.1,0,False,416.1,somme_des_seules_energies_electriques_EF,False,8.255952381,142.6587302,29.02380952,1462.8,769,769,1948-1974,1954,1954,2.296768063,49.885076,adresse non géocodée ban car aucune correspondance trouvée,0.43,False,DPE:2380E0430004U,aucun,0,adresse_absente_ou_incomplete,True,2025.372649,,,,,Non appariée,Simulation pédagogique locale,commune : médiane + surface/énergie + aléa,40.18596526,True,False,1609.272649,1609.272649,386.7514177,4.867514177,True,1,False
2380E0432976C,3197,2023,2023-02-09,etablissement,2026-01-02,True,conso_enedis_kwh,conso_enedis_kwh:simulation_locale_graine_fixe,Maison,C,C,Résidence ARAGON / Cour Aragon,Cour Louis Aragon 80460 Ault,Cour Louis Aragon,Ault,80460,80039,80,COUR LOUIS ARAGON,100.9,100.9,6931.9,7391,Gaz naturel + Électricité,False,Gaz / GPL,510.2,0,False,510.2,somme_des_seules_energies_electriques_EF,False,5.056491576,73.25074331,14.00396432,1413,797,797,1983-1988,1986,1986,1.461276028,50.09680198,adresse non géocodée ban car aucune correspondance trouvée,0.41,False,DPE:2380E0432976C,aucun,0,adresse_absente_ou_incomplete,True,1625.400028,,,,,Non appariée,Simulation pédagogique locale,département : médiane + surface/énergie + aléa,16.10901911,True,False,1115.200028,1115.200028,218.5809541,3.185809541,True,1,False
2380E0442984A,4373,2023,2023-02-10,etablissement,2026-01-02,True,conso_enedis_kwh,conso_enedis_kwh:simulation_locale_graine_fixe,Maison,D,D,ROUTE DE DOULLENS,Route de Doullens 80630 Beauval,Route de Doullens,Beauval,80630,80071,80,ROUTE DE DOULLENS,49,49,8765.8,9534.7,Gaz naturel + Électricité,False,Gaz / GPL,854.4,-0.1,False,854.4,somme_des_seules_energies_electriques_EF,False,17.43673469,194.5857143,37,1813,995,995,1948-1974,1956,1956,2.340167058,50.11699296,adresse non géocodée ban car aucune correspondance trouvée,0.79,False,DPE:2380E0442984A,aucun,0,adresse_absente_ou_incomplete,True,1034.663445,,,,,Non appariée,Simulation pédagogique locale,département : médiane + surface/énergie + aléa,21.1155805,True,False,180.2634447,180.2634447,21.09824962,1.210982496,True,1,False
2380E0459533N,5221,2023,2023-02-10,etablissement,2026-01-02,True,conso_enedis_kwh,conso_enedis_kwh:simulation_locale_graine_fixe,Maison,D,D,RUE DUSEVAL / QUENOT,Rue Christian Duseval 80630 Beauval,Rue Christian Duseval,Beauval,80630,80071,80,RUE CHRISTIAN DUSEVAL,74,74,12375.3,12824.5,Gaz naturel + Électricité,False,Gaz / GPL,499.1,-1.818989404e-12,False,499.1,somme_des_seules_energies_electriques_EF,False,6.744594595,173.3040541,36,2664,1151,1151,1948-1974,1956,1956,2.336305052,50.11516696,adresse non géocodée ban car aucune correspondance trouvée,0.51,False,DPE:2380E0459533N,aucun,0,adresse_absente_ou_incomplete,True,1959.09774,,,,,Non appariée,Simulation pédagogique locale,département : médiane + surface/énergie + aléa,26.47429378,True,False,1459.99774,1459.99774,292.5260949,3.925260949,True,1,False
2380E0459537R,7065,2023,2023-02-10,etablissement,2026-01-02,True,conso_enedis_kwh,conso_enedis_kwh:simulation_locale_graine_fixe,Maison,D,D,RUE DUSEVAL / QUENOT,Rue Christian Duseval 80630 Beauval,Rue Christian Duseval,Beauval,80630,80071,80,RUE CHRISTIAN DUSEVAL,74,74,11802.1,12244,Gaz naturel + Électricité,False,Gaz / GPL,491,0.1,False,491,somme_des_seules_energies_electriques_EF,False,6.635135135,165.4594595,35,2590,1112,1112,1948-1974,1956,1956,2.336305052,50.11516696,adresse non géocodée ban car aucune correspondance trouvée,0.51,False,DPE:2380E0459537R,aucun,0,adresse_absente_ou_incomplete,True,1898.018924,,,,,Non appariée,Simulation pédagogique locale,département : médiane + surface/énergie + aléa,25.64890438,True,False,1407.018924,1407.018924,286.5618991,3.865618991,True,1,False
2380E0459541V,4816,2023,2023-02-10,etablissement,2026-01-02,True,conso_enedis_kwh,conso_enedis_kwh:simulation_locale_graine_fixe,Maison,D,D,RUE DUSEVAL / QUENOT,Rue Christian Duseval 80630 Beauval,Rue Christian Duseval,Beauval,80630,80071,80,RUE CHRISTIAN DUSEVAL,74,74,11802.1,12244,Gaz naturel + Électricité,False,Gaz / GPL,491,0.1,False,491,somme_des_seules_energies_electriques_EF,False,6.635135135,165.4594595,35,2590,1112,1112,1948-1974,1956,1956,2.336305052,50.11516696,adresse non géocodée ban car aucune correspondance trouvée,0.51,False,DPE:2380E0459541V,aucun,0,adresse_absente_ou_incomplete,True,2401.019162,,,,,Non appariée,Simulation pédagogique locale,département : médiane + surface/énergie + aléa,32.44620489,True,False,1910.019162,1910.019162,389.0059393,4.890059393,True,1,False
2380E0461494Y,6362,2023,2023-02-13,etablissement,2026-01-02,True,conso_enedis_kwh,conso_enedis_kwh:simulation_locale_graine_fixe,Maison,C,C,RUE MICHEL SANAUR,Rue Michel Sanaur 80430 Beaucamps-le-Vieux,Rue Michel Sanaur,Beaucamps-le-Vieux,80430,80062,80,RUE MICHEL SANAUR,80.9,80.9,7178.6,7602.8,Gaz naturel + Électricité,False,Gaz / GPL,471.3,0,False,471.3,somme_des_seules_energies_electriques_EF,False,5.825710754,93.97775031,18.99505562,1536.7,804,804,1948-1974,1970,1970,1.775780985,49.845142,adresse non géocodée ban car aucune correspondance trouvée,0.8,False,DPE:2380E0461494Y,aucun,0,adresse_absente_ou_incomplete,True,1551.998264,,,,,Non appariée,Simulation pédagogique locale,département : médiane + surface/énergie + aléa,19.18415654,True,False,1080.698264,1080.698264,229.3015625,3.293015625,True,1,False
2380E0466790Q,6188,2023,2023-02-13,etablissement,2026-01-02,True,conso_enedis_kwh,conso_enedis_kwh:simulation_locale_graine_fixe,Maison,C,B,CHEMIN DE LA GENDARMERIE,Rue Henriette Démuin 80620 Domart-en-Ponthieu,Rue Henriette Démuin,Domart-en-Ponthieu,80620,80241,80,RUE HENRIETTE DEMUIN,102.7,102.7,8620.1,16378.1,Électricité,True,Électricité,8620.1,0,False,8620.1,total_EF_logement_tout_electrique,False,83.93476144,159.4751704,6.00194742,616.4,1451,1451,1975-1977,1977,1977,2.124086008,50.07436499,adresse non géocodée ban car aucune correspondance trouvée,0.5,False,DPE:2380E0466790Q,aucun,0,adresse_absente_ou_incomplete,True,4333.712171,,,,,Non appariée,Simulation pédagogique locale,département : médiane + surface/énergie + aléa,42.1977816,True,False,-4286.387829,4286.387829,-49.72550004,0.5027449996,True,1,False
2380E0477269R,7240,2023,2023-02-13,etablissement,2026-01-08,True,conso_enedis_kwh,conso_enedis_kwh:simulation_locale_graine_fixe,Maison,C,C,RUE HENRI DUNANT,Rue Henri Dunant 80420 Flixecourt,Rue Henri Dunant,Flixecourt,80420,80318,80,RUE HENRI DUNANT,90,90,9330.6,9774.8,Gaz naturel + Électricité,False,Gaz / GPL,493.5,0,False,493.5,somme_des_seules_energies_electriques_EF,False,5.483333333,108.6088889,22,1980,950,950,1948-1974,1952,1952,2.07612605,50.02040803,adresse non géocodée ban car aucune correspondance trouvée,0.79,False,DPE:2380E0477269R,aucun,0,adresse_absente_ou_incomplete,True,2151.678684,,,,,Non appariée,Simulation pédagogique locale,département : médiane + surface/énergie + aléa,23.90754093,True,False,1658.178684,1658.178684,336.003786,4.36003786,True,1,False
2380E0477280C,55,2023,2023-02-13,etablissement,2026-01-08,True,conso_enedis_kwh,conso_enedis_kwh:simulation_locale_graine_fixe,Maison,C,C,RUE HENRI DUNANT,Rue Henri Dunant 80420 Flixecourt,Rue Henri Dunant,Flixecourt,80420,80318,80,RUE HENRI DUNANT,90,90,9330.6,9774.8,Gaz naturel + Électricité,False,Gaz / GPL,493.5,0,False,493.5,somme_des_seules_energies_electriques_EF,False,5.483333333,108.6088889,22,1980,950,950,1948-1974,1952,1952,2.07612605,50.02040803,adresse non géocodée ban car aucune correspondance trouvée,0.79,False,DPE:2380E0477280C,aucun,0,adresse_absente_ou_incomplete,True,2366.327194,,,,,Non appariée,Simulation pédagogique locale,département : médiane + surface/énergie + aléa,26.29252438,True,False,1872.827194,1872.827194,379.4989248,4.794989248,True,1,False
2380E0477322S,6826,2023,2023-02-13,etablissement,2026-01-08,True,conso_enedis_kwh,conso_enedis_kwh:simulation_locale_graine_fixe,Maison,C,C,RUE HENRI DUNANT,Rue Henri Dunant 80420 Flixecourt,Rue Henri Dunant,Flixecourt,80420,80318,80,RUE HENRI DUNANT,90,90,9367.4,9811.7,Gaz naturel + Électricité,False,Gaz / GPL,493.6,0,False,493.6,somme_des_seules_energies_electriques_EF,False,5.484444444,109.0188889,22,1980,951,951,1948-1974,1952,1952,2.07612605,50.02040803,adresse non géocodée ban car aucune correspondance trouvée,0.79,False,DPE:2380E0477322S,aucun,0,adresse_absente_ou_incomplete,True,1714.75671,,,,,Non appariée,Simulation pédagogique locale,département : médiane + surface/énergie + aléa,19.05285233,True,False,1221.15671,1221.15671,247.3980369,3.473980369,True,1,False
2380E0494848U,4263,2023,2023-02-15,etablissement,2026-01-02,True,Aucun,Aucune,Maison,C,C,179 RUE LESCOUVE,179 Rue Lescouvé 80000 Amiens,179 Rue Lescouvé,Amiens,80000,80021,80,179 RUE LESCOUVE,93,93,9255.9,9702,Gaz naturel + Électricité,False,Gaz / GPL,495.6,0,False,495.6,somme_des_seules_energies_electriques_EF,False,5.329032258,104.3225806,21,1953,945,945,1948-1974,1970,1970,2.271764952,49.88970001,adresse non géocodée ban car aucune correspondance trouvée,0.8,False,80021|179 RUE LESCOUVE,exact_normalise,1,apparie,False,2770.3125,2770.3125,88650,32,41823,179 RUE LESCOUVE,Moyenne observée à l'adresse,Sans simulation,29.78830645,True,False,2274.7125,2274.7125,458.9815375,5.589815375,False,3,False
2380E0494882C,4553,2023,2023-02-15,etablissement,2026-01-02,True,Aucun,Aucune,Maison,C,C,179 RUE LESCOUVE,179 Rue Lescouvé 80000 Amiens,179 Rue Lescouvé,Amiens,80000,80021,80,179 RUE LESCOUVE,93,93,9254.7,9700.7,Gaz naturel + Électricité,False,Gaz / GPL,495.6,0.1,False,495.6,somme_des_seules_energies_electriques_EF,False,5.329032258,104.3086022,21,1953,945,945,1948-1974,1970,1970,2.271764952,49.88970001,adresse non géocodée ban car aucune correspondance trouvée,0.8,False,80021|179 RUE LESCOUVE,exact_normalise,1,apparie,False,2770.3125,2770.3125,88650,32,41823,179 RUE LESCOUVE,Moyenne observée à l'adresse,Sans simulation,29.78830645,True,False,2274.7125,2274.7125,458.9815375,5.589815375,False,3,False
2380E0494891L,1982,2023,2023-02-15,etablissement,2026-01-02,True,Aucun,Aucune,Maison,C,C,179 RUE LESCOUVE,179 Rue Lescouvé 80000 Amiens,179 Rue Lescouvé,Amiens,80000,80021,80,179 RUE LESCOUVE,93,93,9254.7,9700.7,Gaz naturel + Électricité,False,Gaz / GPL,495.6,0.1,False,495.6,somme_des_seules_energies_electriques_EF,False,5.329032258,104.3086022,21,1953,945,945,1948-1974,1970,1970,2.271764952,49.88970001,adresse non géocodée ban car aucune correspondance trouvée,0.8,False,80021|179 RUE LESCOUVE,exact_normalise,1,apparie,False,2770.3125,2770.3125,88650,32,41823,179 RUE LESCOUVE,Moyenne observée à l'adresse,Sans simulation,29.78830645,True,False,2274.7125,2274.7125,458.9815375,5.589815375,False,3,False
2380E0677319X,3982,2023,2023-02-17,etablissement,2026-01-08,True,conso_enedis_kwh,conso_enedis_kwh:simulation_locale_graine_fixe,Maison,E,E,08 DES JONQUILLES RUE PASTEUR,8 Rue des Jonquilles 80490 Hallencourt,8 Rue des Jonquilles,Hallencourt,80490,80406,80,8 RUE DES JONQUILLES,70,70,19947.4,20649.3,Gaz naturel + Électricité,False,Gaz / GPL,779.9,0,False,779.9,somme_des_seules_energies_electriques_EF,False,11.14142857,294.99,62,4340,1708,1708,1948-1974,1948,1948,1.876195004,49.98931998,adresse non géocodée ban car aucune correspondance trouvée,0.68,False,80406|8 RUE DES JONQUILLES,aucun,0,adresse_absente_ou_incomplete,True,3041.310978,,,,,Non appariée,Simulation pédagogique locale,département : médiane + surface/énergie + aléa,43.44729968,True,False,2261.410978,2261.410978,289.9616589,3.899616589,True,1,False
2380E0677713B,1932,2023,2023-03-01,etablissement,2026-01-08,True,conso_enedis_kwh,conso_enedis_kwh:simulation_locale_graine_fixe,Maison,D,D,9 Justin Fialeix,9 Rue Justin Fialex 80131 Harbonnières,9 Rue Justin Fialex,Harbonnières,80131,80417,80,9 RUE JUSTIN FIALEX,78,78,17266.6,17976,Gaz naturel + Électricité,False,Gaz / GPL,788.3,0,False,788.3,somme_des_seules_energies_electriques_EF,False,10.10641026,230.4615385,48,3744,1536,1536,1948-1974,1948,1948,2.667615067,49.84591903,adresse non géocodée ban car aucune correspondance trouvée,0.66,False,80417|9 RUE JUSTIN FIALEX,aucun,0,adresse_absente_ou_incomplete,True,1197.470234,,,,,Non appariée,Simulation pédagogique locale,département : médiane + surface/énergie + aléa,15.35218249,True,False,409.1702344,409.1702344,51.90539571,1.519053957,True,1,False
2380E0915413J,8439,2023,2023-03-20,etablissement,2026-01-02,True,conso_enedis_kwh,conso_enedis_kwh:simulation_locale_graine_fixe,Appartement,E,E,RUE EMILE LESOT,Rue Emile Lesot 80080 Amiens,Rue Emile Lesot,Amiens,80080,80021,80,RUE EMILE LESOT,52,52,13316.1,13856.2,Gaz naturel + Électricité,False,Gaz / GPL,82.9,517.2,True,82.9,somme_des_seules_energies_electriques_EF,False,1.594230769,266.4653846,56.25769231,2925.4,1234.8,1234.8,1948-1974,1958,1958,2.295383048,49.90879701,adresse non géocodée ban car aucune correspondance trouvée,0.69,False,DPE:2380E0915413J,aucun,0,adresse_absente_ou_incomplete,True,1062.150108,,,,,Non appariée,Simulation pédagogique locale,commune : médiane + surface/énergie + aléa,20.42596362,True,False,979.2501085,979.2501085,1181.242592,12.81242592,True,1,False
2380E0915579T,7199,2023,2023-03-20,etablissement,2026-01-02,True,conso_enedis_kwh,conso_enedis_kwh:simulation_locale_graine_fixe,Appartement,D,D,RUE EMILE LESOT,Rue Emile Lesot 80080 Amiens,Rue Emile Lesot,Amiens,80080,80021,80,RUE EMILE LESOT,74,74,14997.6,15713.5,Gaz naturel + Électricité,False,Gaz / GPL,101,694.5,True,101,somme_des_seules_energies_electriques_EF,False,1.364864865,212.3445946,44.26351351,3275.5,1388.6,1388.6,1948-1974,1958,1958,2.295383048,49.90879701,adresse non géocodée ban car aucune correspondance trouvée,0.69,False,DPE:2380E0915579T,aucun,0,adresse_absente_ou_incomplete,True,1055.352052,,,,,Non appariée,Simulation pédagogique locale,commune : médiane + surface/énergie + aléa,14.26151422,True,False,954.3520521,954.3520521,944.9030219,10.44903022,True,1,False
2380E0915710U,920,2023,2023-03-20,etablissement,2026-01-02,True,conso_enedis_kwh,conso_enedis_kwh:simulation_locale_graine_fixe,Appartement,D,D,RUE EMILE LESOT,Rue Emile Lesot 80080 Amiens,Rue Emile Lesot,Amiens,80080,80021,80,RUE EMILE LESOT,88,88,15269.8,16082.8,Gaz naturel + Électricité,False,Gaz / GPL,107.7,795.6,True,107.7,somme_des_seules_energies_electriques_EF,False,1.223863636,182.7590909,37.725,3319.8,1430.6,1430.6,1948-1974,1958,1958,2.295383048,49.90879701,adresse non géocodée ban car aucune correspondance trouvée,0.69,False,DPE:2380E0915710U,aucun,0,adresse_absente_ou_incomplete,True,1801.844129,,,,,Non appariée,Simulation pédagogique locale,commune : médiane + surface/énergie + aléa,20.47550146,True,False,1694.144129,1694.144129,1573.021475,16.73021475,True,1,False
2380E0915911N,5176,2023,2023-03-20,etablissement,2026-01-02,True,conso_enedis_kwh,conso_enedis_kwh:simulation_locale_graine_fixe,Appartement,E,E,RUE EMILE LESOT,Rue Emile Lesot 80080 Amiens,Rue Emile Lesot,Amiens,80080,80021,80,RUE EMILE LESOT,74,74,19580.1,20298.9,Gaz naturel + Électricité,False,Gaz / GPL,101.9,696.7,True,101.9,somme_des_seules_energies_electriques_EF,False,1.377027027,274.3094595,58.31351351,4315.2,1688.6,1688.6,1948-1974,1958,1958,2.295383048,49.90879701,adresse non géocodée ban car aucune correspondance trouvée,0.69,False,DPE:2380E0915911N,aucun,0,adresse_absente_ou_incomplete,True,1765.80235,,,,,Non appariée,Simulation pédagogique locale,commune : médiane + surface/énergie + aléa,23.86219392,True,False,1663.90235,1663.90235,1632.877674,17.32877674,True,1,False
2380E0916006E,1487,2023,2023-03-20,etablissement,2026-01-02,True,conso_enedis_kwh,conso_enedis_kwh:simulation_locale_graine_fixe,Appartement,E,E,RUE EMILE LESOT,Rue Emile Lesot 80080 Amiens,Rue Emile Lesot,Amiens,80080,80021,80,RUE EMILE LESOT,88,88,20779.2,21607.7,Gaz naturel + Électricité,False,Gaz / GPL,112.7,807.8,True,112.7,somme_des_seules_energies_electriques_EF,False,1.280681818,245.5420455,51.90568182,4567.7,1794.4,1794.4,1948-1974,1958,1958,2.295383048,49.90879701,adresse non géocodée ban car aucune correspondance trouvée,0.69,False,DPE:2380E0916006E,aucun,0,adresse_absente_ou_incomplete,True,2323.007561,,,,,Non appariée,Simulation pédagogique locale,commune : médiane + surface/énergie + aléa,26.3978132,True,False,2210.307561,2210.307561,1961.231199,20.61231199,True,1,False
2380E0916095P,7956,2023,2023-03-20,etablissement,2026-01-02,True,conso_enedis_kwh,conso_enedis_kwh:simulation_locale_graine_fixe,Appartement,D,D,RUE EMILE LESOT,Rue Emile Lesot 80080 Amiens,Rue Emile Lesot,Amiens,80080,80021,80,RUE EMILE LESOT,52,52,9802.7,10277.5,Gaz naturel + Électricité,False,Gaz / GPL,61.8,465.7,True,61.8,somme_des_seules_energies_electriques_EF,False,1.188461538,197.6442308,41.14807692,2139.7,989,989,1948-1974,1958,1958,2.295383048,49.90879701,adresse non géocodée ban car aucune correspondance trouvée,0.69,False,DPE:2380E0916095P,aucun,0,adresse_absente_ou_incomplete,True,1341.826983,,,,,Non appariée,Simulation pédagogique locale,commune : médiane + surface/énergie + aléa,25.80436506,True,False,1280.026983,1280.026983,2071.241073,21.71241073,True,1,False
2380E0916153V,6312,2023,2023-03-20,etablissement,2026-01-02,True,conso_enedis_kwh,conso_enedis_kwh:simulation_locale_graine_fixe,Appartement,D,D,RUE EMILE LESOT,Rue Emile Lesot 80080 Amiens,Rue Emile Lesot,Amiens,80080,80021,80,RUE EMILE LESOT,74,74,14997.6,15713.5,Gaz naturel + Électricité,False,Gaz / GPL,101,694.5,True,101,somme_des_seules_energies_electriques_EF,False,1.364864865,212.3445946,44.26351351,3275.5,1388.6,1388.6,1948-1974,1958,1958,2.295383048,49.90879701,adresse non géocodée ban car aucune correspondance trouvée,0.69,False,DPE:2380E0916153V,aucun,0,adresse_absente_ou_incomplete,True,1806.740486,,,,,Non appariée,Simulation pédagogique locale,commune : médiane + surface/énergie + aléa,24.41541197,True,False,1705.740486,1705.740486,1688.851966,17.88851966,True,1,False
2380E0916171N,6772,2023,2023-03-20,etablissement,2026-01-02,True,conso_enedis_kwh,conso_enedis_kwh:simulation_locale_graine_fixe,Appartement,D,D,RUE EMILE LESOT,Rue Emile Lesot 80080 Amiens,Rue Emile Lesot,Amiens,80080,80021,80,RUE EMILE LESOT,52,52,9802.7,10277.5,Gaz naturel + Électricité,False,Gaz / GPL,61.8,465.7,True,61.8,somme_des_seules_energies_electriques_EF,False,1.188461538,197.6442308,41.14807692,2139.7,989,989,1948-1974,1958,1958,2.295383048,49.90879701,adresse non géocodée ban car aucune correspondance trouvée,0.69,False,DPE:2380E0916171N,aucun,0,adresse_absente_ou_incomplete,True,957.0608989,,,,,Non appariée,Simulation pédagogique locale,commune : médiane + surface/énergie + aléa,18.40501729,True,False,895.2608989,895.2608989,1448.642231,15.48642231,True,1,False
2380E0916207X,7995,2023,2023-03-20,etablissement,2026-01-02,True,conso_enedis_kwh,conso_enedis_kwh:simulation_locale_graine_fixe,Appartement,D,D,RUE EMILE LESOT,Rue Emile Lesot 80080 Amiens,Rue Emile Lesot,Amiens,80080,80021,80,RUE EMILE LESOT,52,52,11072,11570.3,Gaz naturel + Électricité,False,Gaz / GPL,69.4,484.4,True,69.4,somme_des_seules_energies_electriques_EF,False,1.334615385,222.5057692,46.60769231,2423.6,1077.8,1077.8,1948-1974,1958,1958,2.295383048,49.90879701,adresse non géocodée ban car aucune correspondance trouvée,0.69,False,DPE:2380E0916207X,aucun,0,adresse_absente_ou_incomplete,True,1246.009116,,,,,Non appariée,Simulation pédagogique locale,commune : médiane + surface/énergie + aléa,23.96171378,True,False,1176.609116,1176.609116,1695.402185,17.95402185,True,1,False
2380E0931163D,716,2023,2023-03-21,etablissement,2026-01-02,True,conso_enedis_kwh,conso_enedis_kwh:simulation_locale_graine_fixe,Appartement,D,D,13 RUE D'ANTIBES,13 Rue d'Abbeville 80000 Amiens,13 Rue d'Abbeville,Amiens,80000,80021,80,13 RUE D ABBEVILLE,89,89,12713.3,15053.3,Fioul domestique + Électricité,False,Fioul,1678.3,921.6,True,1678.3,somme_des_seules_energies_electriques_EF,False,18.85730337,169.1382022,38.71460674,3445.6,1441.1,1441.1,1948-1974,1970,1970,2.270645945,49.90588701,adresse non géocodée ban car aucune correspondance trouvée,0.55,False,80021|13 RUE D ABBEVILLE,aucun,0,adresse_absente_ou_incomplete,True,1597.144254,,,,,Non appariée,Simulation pédagogique locale,commune : médiane + surface/énergie + aléa,17.94544106,True,False,-81.15574594,81.15574594,-4.835592322,0.9516440768,True,1,False
2380E0931266C,2272,2023,2023-03-21,etablissement,2026-01-02,True,conso_enedis_kwh,conso_enedis_kwh:simulation_locale_graine_fixe,Appartement,D,D,15 RUE D'ANTIBES,15 Rue d'Antibes 80090 Amiens,15 Rue d'Antibes,Amiens,80090,80021,80,15 RUE D ANTIBES,89,89,10740.3,13055.9,Fioul domestique + Électricité,False,Fioul,1673,899.8,True,1673,somme_des_seules_energies_electriques_EF,False,18.79775281,146.6955056,31.61123596,2813.4,1259.1,1259.1,1948-1974,1970,1970,2.316013007,49.87334302,adresse non géocodée ban car aucune correspondance trouvée,0.7,False,80021|15 RUE D ANTIBES,aucun,0,adresse_absente_ou_incomplete,True,1954.42394,,,,,Non appariée,Simulation pédagogique locale,commune : médiane + surface/énergie + aléa,21.95981955,True,False,281.4239398,281.4239398,16.82151463,1.168215146,True,1,False
2380E0931315Z,3864,2023,2023-03-21,etablissement,2026-01-02,True,conso_enedis_kwh,conso_enedis_kwh:simulation_locale_graine_fixe,Appartement,D,D,2 RUE DE PRAGUE,2 Rue de Rouen 80000 Amiens,2 Rue de Rouen,Amiens,80000,80021,80,2 RUE DE ROUEN,89,89,15673.8,18043.6,Fioul domestique + Électricité,False,Fioul,1684.7,948.5,True,1684.7,somme_des_seules_energies_electriques_EF,False,18.92921348,202.7370787,49.39550562,4396.2,1713.8,1713.8,1948-1974,1970,1970,2.288948064,49.88945397,adresse non géocodée ban car aucune correspondance trouvée,0.59,False,80021|2 RUE DE ROUEN,aucun,0,adresse_absente_ou_incomplete,True,1719.200313,,,,,Non appariée,Simulation pédagogique locale,commune : médiane + surface/énergie + aléa,19.31685745,True,False,34.50031346,34.50031346,2.047860952,1.02047861,True,1,False
2380E0931383P,4630,2023,2023-03-21,etablissement,2026-01-02,True,conso_enedis_kwh,conso_enedis_kwh:simulation_locale_graine_fixe,Appartement,D,D,7 RUE D'ANTIBES,7 Rue d'Abbeville 80000 Amiens,7 Rue d'Abbeville,Amiens,80000,80021,80,7 RUE D ABBEVILLE,89,89,11290.5,13613.6,Fioul domestique + Électricité,False,Fioul,1674.6,906.7,True,1674.6,somme_des_seules_energies_electriques_EF,False,18.81573034,152.9617978,33.58876404,2989.4,1309.9,1309.9,1948-1974,1970,1970,2.270866947,49.90583999,adresse non géocodée ban car aucune correspondance trouvée,0.54,False,80021|7 RUE D ABBEVILLE,aucun,0,adresse_absente_ou_incomplete,True,1893.545965,,,,,Non appariée,Simulation pédagogique locale,commune : médiane + surface/énergie + aléa,21.27579736,True,False,218.9459654,218.9459654,13.0745232,1.130745232,True,1,False
2380E0931404K,2310,2023,2023-03-21,etablissement,2026-01-02,True,conso_enedis_kwh,conso_enedis_kwh:simulation_locale_graine_fixe,Appartement,D,D,9 RUE D'ANTIBES,9 Rue d'Abbeville 80000 Amiens,9 Rue d'Abbeville,Amiens,80000,80021,80,9 RUE D ABBEVILLE,89,89,12892,15235.5,Fioul domestique + Électricité,False,Fioul,1679,924.9,True,1679,somme_des_seules_energies_electriques_EF,False,18.86516854,171.1853933,39.35393258,3502.5,1457.7,1457.7,1948-1974,1970,1970,2.270797058,49.90585404,adresse non géocodée ban car aucune correspondance trouvée,0.54,False,80021|9 RUE D ABBEVILLE,aucun,0,adresse_absente_ou_incomplete,True,1790.994762,,,,,Non appariée,Simulation pédagogique locale,commune : médiane + surface/énergie + aléa,20.12353665,True,False,111.9947621,111.9947621,6.670325318,1.066703253,True,2,False
2380E0931424E,1390,2023,2023-03-21,etablissement,2026-01-02,True,conso_enedis_kwh,conso_enedis_kwh:simulation_locale_graine_fixe,Appartement,D,D,9 RUE D'ANTIBES,9 Rue d'Abbeville 80000 Amiens,9 Rue d'Abbeville,Amiens,80000,80021,80,9 RUE D ABBEVILLE,89,89,11307.7,13631,Fioul domestique + Électricité,False,Fioul,1674.7,906.8,True,1674.7,somme_des_seules_energies_electriques_EF,False,18.81685393,153.1573034,33.65168539,2995,1311.5,1311.5,1948-1974,1970,1970,2.270797058,49.90585404,adresse non géocodée ban car aucune correspondance trouvée,0.54,False,80021|9 RUE D ABBEVILLE,aucun,0,adresse_absente_ou_incomplete,True,1790.994762,,,,,Non appariée,Simulation pédagogique locale,commune : médiane + surface/énergie + aléa,20.12353665,True,False,116.2947621,116.2947621,6.944214611,1.069442146,True,2,False
2380E0931501D,2923,2023,2023-03-21,etablissement,2026-01-02,True,conso_enedis_kwh,conso_enedis_kwh:simulation_locale_graine_fixe,Appartement,E,E,1 RUE D'ANTIBES,1 Rue d'Antibes 80090 Amiens,1 Rue d'Antibes,Amiens,80090,80021,80,1 RUE D ANTIBES,89,89,15860.9,18241.5,Fioul domestique + Électricité,False,Fioul,1686.8,958.3,True,1686.8,somme_des_seules_energies_electriques_EF,False,18.95280899,204.9606742,50.04157303,4453.7,1731.6,1731.6,1948-1974,1970,1970,2.317570984,49.87404097,adresse non géocodée ban car aucune correspondance trouvée,0.69,False,80021|1 RUE D ANTIBES,aucun,0,adresse_absente_ou_incomplete,True,1955.311344,,,,,Non appariée,Simulation pédagogique locale,commune : médiane + surface/énergie + aléa,21.96979038,True,False,268.511344,268.511344,15.91838653,1.159183865,True,1,False
2380E0931531H,7506,2023,2023-03-21,etablissement,2026-01-02,True,conso_enedis_kwh,conso_enedis_kwh:simulation_locale_graine_fixe,Appartement,D,D,3 RUE D'ANTIBES,3 Rue d'Antibes 80090 Amiens,3 Rue d'Antibes,Amiens,80090,80021,80,3 RUE D ANTIBES,89,89,11293.8,13616.4,Fioul domestique + Électricité,False,Fioul,1674.3,906.2,True,1674.3,somme_des_seules_energies_electriques_EF,False,18.81235955,152.9932584,33.60337079,2990.7,1310.2,1310.2,1948-1974,1970,1970,2.316665062,49.87366703,adresse non géocodée ban car aucune correspondance trouvée,0.69,False,80021|3 RUE D ANTIBES,aucun,0,adresse_absente_ou_incomplete,True,1345.975802,,,,,Non appariée,Simulation pédagogique locale,commune : médiane + surface/énergie + aléa,15.12332362,True,False,-328.324198,328.324198,-19.60963973,0.8039036027,True,1,False
2380E0931565P,1312,2023,2023-03-21,etablissement,2026-01-02,True,conso_enedis_kwh,conso_enedis_kwh:simulation_locale_graine_fixe,Appartement,D,D,5 RUE D'ANTIBES,5 Rue d'Antibes 80090 Amiens,5 Rue d'Antibes,Amiens,80090,80021,80,5 RUE D ANTIBES,89,89,12875,15217.6,Fioul domestique + Électricité,False,Fioul,1678.6,924.3,True,1678.6,somme_des_seules_energies_electriques_EF,False,18.86067416,170.9842697,39.29438202,3497.2,1456.1,1456.1,1948-1974,1970,1970,2.316946977,49.87381199,adresse non géocodée ban car aucune correspondance trouvée,0.69,False,80021|5 RUE D ANTIBES,aucun,0,adresse_absente_ou_incomplete,True,1201.698187,,,,,Non appariée,Simulation pédagogique locale,commune : médiane + surface/énergie + aléa,13.50222682,True,False,-476.9018129,476.9018129,-28.41068824,0.7158931176,True,2,False
2380E0931571V,5102,2023,2023-03-21,etablissement,2026-01-02,True,conso_enedis_kwh,conso_enedis_kwh:simulation_locale_graine_fixe,Appartement,D,D,5 RUE D'ANTIBES,5 Rue d'Antibes 80090 Amiens,5 Rue d'Antibes,Amiens,80090,80021,80,5 RUE D ANTIBES,89,89,12875,15217.6,Fioul domestique + Électricité,False,Fioul,1678.6,924.3,True,1678.6,somme_des_seules_energies_electriques_EF,False,18.86067416,170.9842697,39.29438202,3497.2,1456.1,1456.1,1948-1974,1970,1970,2.316946977,49.87381199,adresse non géocodée ban car aucune correspondance trouvée,0.69,False,80021|5 RUE D ANTIBES,aucun,0,adresse_absente_ou_incomplete,True,1201.698187,,,,,Non appariée,Simulation pédagogique locale,commune : médiane + surface/énergie + aléa,13.50222682,True,False,-476.9018129,476.9018129,-28.41068824,0.7158931176,True,2,False
2380E1008583V,4362,2023,2023-03-23,etablissement,2026-01-02,True,Aucun,Aucune,Appartement,E,E,4 RUE MALAKOFF,4 Rue Malakoff 80000 Amiens,4 Rue Malakoff,Amiens,80000,80021,80,4 RUE MALAKOFF,63.6,63.6,16207.6,16930.3,Gaz naturel + Électricité,False,Gaz / GPL,121.5,681.6,True,121.5,somme_des_seules_energies_electriques_EF,False,1.910377358,266.1996855,55.79874214,3548.8,1469.3,1469.3,1989-2000,2000,2000,2.308597067,49.88501,adresse non géocodée ban car aucune correspondance trouvée,0.79,False,80021|4 RUE MALAKOFF,exact_normalise,1,apparie,False,1475.666667,1475.666667,22135,15,42214,4 RUE MALAKOFF,Moyenne observée à l'adresse,Sans simulation,23.20230608,True,False,1354.166667,1354.166667,1114.540466,12.14540466,False,3,False
2380E1008633T,3443,2023,2023-03-23,etablissement,2026-01-02,True,Aucun,Aucune,Appartement,E,E,4 RUE MALAKOFF,4 Rue Malakoff 80000 Amiens,4 Rue Malakoff,Amiens,80000,80021,80,4 RUE MALAKOFF,68.5,68.5,17360.7,18141.9,Gaz naturel + Électricité,False,Gaz / GPL,131.6,736.4,True,131.6,somme_des_seules_energies_electriques_EF,False,1.921167883,264.8452555,55.47445255,3800,1559.3,1559.3,1989-2000,2000,2000,2.308597067,49.88501,adresse non géocodée ban car aucune correspondance trouvée,0.79,False,80021|4 RUE MALAKOFF,exact_normalise,1,apparie,False,1475.666667,1475.666667,22135,15,42214,4 RUE MALAKOFF,Moyenne observée à l'adresse,Sans simulation,21.54257908,True,False,1344.066667,1344.066667,1021.327254,11.21327254,False,3,False
2380E1008658S,4676,2023,2023-03-23,etablissement,2026-01-02,True,Aucun,Aucune,Appartement,D,D,4 RUE MALAKOFF,4 Rue Malakoff 80000 Amiens,4 Rue Malakoff,Amiens,80000,80021,80,4 RUE MALAKOFF,71,71,15452.1,16205.5,Gaz naturel + Électricité,False,Gaz / GPL,118.4,718.8,True,118.4,somme_des_seules_energies_electriques_EF,False,1.667605634,228.2464789,47.49014085,3371.8,1427.6,1427.6,1989-2000,2000,2000,2.308597067,49.88501,adresse non géocodée ban car aucune correspondance trouvée,0.79,False,80021|4 RUE MALAKOFF,exact_normalise,1,apparie,False,1475.666667,1475.666667,22135,15,42214,4 RUE MALAKOFF,Moyenne observée à l'adresse,Sans simulation,20.78403756,True,False,1357.266667,1357.266667,1146.34009,12.4634009,False,3,False
2380E1008710S,4487,2023,2023-03-23,etablissement,2026-01-02,True,conso_enedis_kwh,conso_enedis_kwh:simulation_locale_graine_fixe,Appartement,C,C,8 RUE MALAKOFF,8 Rue Malakoff 80000 Amiens,8 Rue Malakoff,Amiens,80000,80021,80,8 RUE MALAKOFF,72.8,72.8,10027.7,10668.6,Gaz naturel + Électricité,False,Gaz / GPL,79,633.1,True,79,somme_des_seules_energies_electriques_EF,False,1.085164835,146.5467033,29.68269231,2160.9,1045.2,1045.2,1989-2000,2000,2000,2.308592937,49.88496596,adresse non géocodée ban car aucune correspondance trouvée,0.79,False,80021|8 RUE MALAKOFF,aucun,0,adresse_absente_ou_incomplete,True,2611.70933,,,,,Non appariée,Simulation pédagogique locale,commune : médiane + surface/énergie + aléa,35.87512815,True,False,2532.70933,2532.70933,3205.961177,33.05961177,True,1,False
2380E1008869V,9460,2023,2023-03-23,etablissement,2026-01-02,True,conso_enedis_kwh,conso_enedis_kwh:simulation_locale_graine_fixe,Appartement,D,D,18 IMPASSE RETEL,18 Impasse Retel 80000 Amiens,18 Impasse Retel,Amiens,80000,80021,80,18 IMPASSE RETEL,62.1,62.1,8840,9385,Gaz naturel + Électricité,False,Gaz / GPL,66.7,538.8,True,66.7,somme_des_seules_energies_electriques_EF,False,1.074074074,151.1272142,30.73429952,1908.6,943.6,943.6,1989-2000,2000,2000,2.308673001,49.88458802,adresse non géocodée ban car aucune correspondance trouvée,0.79,False,80021|18 IMPASSE RETEL,aucun,0,adresse_absente_ou_incomplete,True,2062.487579,,,,,Non appariée,Simulation pédagogique locale,commune : médiane + surface/énergie + aléa,33.21236037,True,False,1995.787579,1995.787579,2992.185276,30.92185276,True,1,False
2380E1010958E,8501,2023,2023-03-23,etablissement,2026-01-02,True,conso_enedis_kwh,conso_enedis_kwh:simulation_locale_graine_fixe,Appartement,C,C,12 IMPASSE RETEL,12 Impasse Retel 80000 Amiens,12 Impasse Retel,Amiens,80000,80021,80,12 IMPASSE RETEL,65.9,65.9,7172.3,7778.2,Gaz naturel + Électricité,False,Gaz / GPL,79.7,593.5,True,79.7,somme_des_seules_energies_electriques_EF,False,1.209408194,118.030349,23.05007587,1519,849.9,849.9,1989-2000,2000,2000,2.308936058,49.88457801,adresse non géocodée ban car aucune correspondance trouvée,0.79,False,80021|12 IMPASSE RETEL,aucun,0,adresse_absente_ou_incomplete,True,1512.391275,,,,,Non appariée,Simulation pédagogique locale,commune : médiane + surface/énergie + aléa,22.94979172,True,False,1432.691275,1432.691275,1797.605112,18.97605112,True,1,False
2380E1021020E,6314,2023,2023-03-27,etablissement,2026-01-02,True,conso_enedis_kwh,conso_enedis_kwh:simulation_locale_graine_fixe,Appartement,C,C,11 IMPASSE RETEL,11 Impasse Retel 80000 Amiens,11 Impasse Retel,Amiens,80000,80021,80,11 IMPASSE RETEL,52.1,52.1,7295.8,7827.4,Gaz naturel + Électricité,False,Gaz / GPL,83.6,507.1,True,83.6,somme_des_seules_energies_electriques_EF,False,1.604606526,150.2380038,29.95009597,1560.4,839.4,839.4,2006-2012,2011,2011,2.308333009,49.88438603,adresse non géocodée ban car aucune correspondance trouvée,0.79,False,80021|11 IMPASSE RETEL,aucun,0,adresse_absente_ou_incomplete,True,1249.63591,,,,,Non appariée,Simulation pédagogique locale,commune : médiane + surface/énergie + aléa,23.98533417,True,False,1166.03591,1166.03591,1394.779797,14.94779797,True,1,False
2380E1021025J,3688,2023,2023-03-27,etablissement,2026-01-02,True,conso_enedis_kwh,conso_enedis_kwh:simulation_locale_graine_fixe,Appartement,C,C,15 IMPASSE RETEL,15 Impasse Retel 80000 Amiens,15 Impasse Retel,Amiens,80000,80021,80,15 IMPASSE RETEL,64.7,64.7,8311.9,8959.5,Gaz naturel + Électricité,False,Gaz / GPL,99.9,619.7,True,99.9,somme_des_seules_energies_electriques_EF,False,1.544049459,138.4775889,27.35857805,1770.1,934.7,934.7,2006-2012,2011,2011,2.308048067,49.88434902,adresse non géocodée ban car aucune correspondance trouvée,0.79,False,80021|15 IMPASSE RETEL,aucun,0,adresse_absente_ou_incomplete,True,1572.754538,,,,,Non appariée,Simulation pédagogique locale,commune : médiane + surface/énergie + aléa,24.30841636,True,False,1472.854538,1472.854538,1474.328867,15.74328867,True,3,False
2380E1021028M,1928,2023,2023-03-27,etablissement,2026-01-02,True,conso_enedis_kwh,conso_enedis_kwh:simulation_locale_graine_fixe,Appartement,C,C,15 IMPASSE RETEL,15 Impasse Retel 80000 Amiens,15 Impasse Retel,Amiens,80000,80021,80,15 IMPASSE RETEL,65,65,6808.9,7397.5,Gaz naturel + Électricité,False,Gaz / GPL,80.4,573.7,True,80.4,somme_des_seules_energies_electriques_EF,False,1.236923077,113.8076923,22.14769231,1439.6,821.8,821.8,2006-2012,2011,2011,2.308048067,49.88434902,adresse non géocodée ban car aucune correspondance trouvée,0.79,False,80021|15 IMPASSE RETEL,aucun,0,adresse_absente_ou_incomplete,True,1572.754538,,,,,Non appariée,Simulation pédagogique locale,commune : médiane + surface/énergie + aléa,24.19622367,True,False,1492.354538,1492.354538,1856.162361,19.56162361,True,3,False
2380E1021054M,7126,2023,2023-03-27,etablissement,2026-01-02,True,conso_enedis_kwh,conso_enedis_kwh:simulation_locale_graine_fixe,Appartement,C,C,15 IMPASSE RETEL,15 Impasse Retel 80000 Amiens,15 Impasse Retel,Amiens,80000,80021,80,15 IMPASSE RETEL,48.5,48.5,6553.3,7034,Gaz naturel + Électricité,False,Gaz / GPL,73.3,460.9,True,73.3,somme_des_seules_energies_electriques_EF,False,1.511340206,145.0309278,28.88659794,1401,778.2,778.2,2006-2012,2011,2011,2.308048067,49.88434902,adresse non géocodée ban car aucune correspondance trouvée,0.79,False,80021|15 IMPASSE RETEL,aucun,0,adresse_absente_ou_incomplete,True,1572.754538,,,,,Non appariée,Simulation pédagogique locale,commune : médiane + surface/énergie + aléa,32.42792862,True,False,1499.454538,1499.454538,2045.640571,21.45640571,True,3,False
2380E1021085R,3894,2023,2023-03-27,etablissement,2026-01-02,True,conso_enedis_kwh,conso_enedis_kwh:simulation_locale_graine_fixe,Appartement,C,C,19 IMPASSE RETEL,19 Impasse Retel 80000 Amiens,19 Impasse Retel,Amiens,80000,80021,80,19 IMPASSE RETEL,44.9,44.9,5656,6136.1,Gaz naturel + Électricité,False,Gaz / GPL,79.2,454.2,True,79.2,somme_des_seules_energies_electriques_EF,False,1.763919822,136.6614699,26.66815145,1197.4,719.4,719.4,2006-2012,2011,2011,2.308076014,49.884349,adresse non géocodée ban car aucune correspondance trouvée,0.79,False,80021|19 IMPASSE RETEL,aucun,0,adresse_absente_ou_incomplete,True,1503.371707,,,,,Non appariée,Simulation pédagogique locale,commune : médiane + surface/énergie + aléa,33.48266609,True,False,1424.171707,1424.171707,1798.1966,18.981966,True,1,False
2380E1021109P,5313,2023,2023-03-27,etablissement,2026-01-02,True,conso_enedis_kwh,conso_enedis_kwh:simulation_locale_graine_fixe,Appartement,C,C,20 IMPASSE RETEL,20 Impasse Retel 80000 Amiens,20 Impasse Retel,Amiens,80000,80021,80,20 IMPASSE RETEL,57.9,57.9,5198.4,5733.5,Gaz naturel + Électricité,False,Gaz / GPL,75,519.5,True,75,somme_des_seules_energies_electriques_EF,False,1.295336788,99.02417962,18.71675302,1083.7,684.4,684.4,2006-2012,2011,2011,2.308090057,49.88434899,adresse non géocodée ban car aucune correspondance trouvée,0.79,False,80021|20 IMPASSE RETEL,aucun,0,adresse_absente_ou_incomplete,True,1370.35538,,,,,Non appariée,Simulation pédagogique locale,commune : médiane + surface/énergie + aléa,23.66762315,True,False,1295.35538,1295.35538,1727.140507,18.27140507,True,1,False
2380E1021719B,2432,2023,2023-03-27,etablissement,2026-01-02,True,Aucun,Aucune,Appartement,C,C,145 RUE VULFRAN WARME,145 Rue Vulfran Warmé 80000 Amiens,145 Rue Vulfran Warmé,Amiens,80000,80021,80,145 RUE VULFRAN WARME,53.4,53.4,6600.3,7245.8,Gaz naturel + Électricité,False,Gaz / GPL,118.2,599,True,118.2,somme_des_seules_energies_electriques_EF,False,2.213483146,135.6891386,25.87827715,1381.9,822.4,822.4,2006-2012,2011,2011,2.30727499,49.88435102,adresse non géocodée ban car aucune correspondance trouvée,0.82,False,80021|145 RUE VULFRAN WARME,exact_normalise,1,apparie,False,1128.2,1128.2,11282,10,43972,145 RUE VULFRAN WARME,Moyenne observée à l'adresse,Sans simulation,21.12734082,True,False,1010,1010,854.4839255,9.544839255,False,1,False
2380E1035143J,9876,2023,2023-03-28,etablissement,2026-01-02,True,conso_enedis_kwh,conso_enedis_kwh:simulation_locale_graine_fixe,Appartement,C,C,92 RUE COQUEREL,92 Rue Coquerel 80000 Amiens,92 Rue Coquerel,Amiens,80000,80021,80,92 RUE COQUEREL,86.2,86.2,8028.1,8810.9,Gaz naturel + Électricité,False,Gaz / GPL,107.2,762.6,True,107.2,somme_des_seules_energies_electriques_EF,False,1.24361949,102.2146172,19.50580046,1681.4,949.9,949.9,2001-2005,2003,2003,2.309155014,49.88323501,adresse non géocodée ban car aucune correspondance trouvée,0.8,False,80021|92 RUE COQUEREL,aucun,0,adresse_absente_ou_incomplete,True,1644.594938,,,,,Non appariée,Simulation pédagogique locale,commune : médiane + surface/énergie + aléa,19.07882758,True,False,1537.394938,1537.394938,1434.137069,15.34137069,True,2,False
2380E1035193H,1562,2023,2023-03-28,etablissement,2026-01-02,True,conso_enedis_kwh,conso_enedis_kwh:simulation_locale_graine_fixe,Appartement,C,C,92 RUE COQUEREL,92 Rue Coquerel 80000 Amiens,92 Rue Coquerel,Amiens,80000,80021,80,92 RUE COQUEREL,77.9,77.9,9509,10297.5,Gaz naturel + Électricité,False,Gaz / GPL,123,753,True,123,somme_des_seules_energies_electriques_EF,False,1.578947368,132.1887035,25.88575096,2016.5,1048.1,1048.1,2001-2005,2003,2003,2.309155014,49.88323501,adresse non géocodée ban car aucune correspondance trouvée,0.8,False,80021|92 RUE COQUEREL,aucun,0,adresse_absente_ou_incomplete,True,1644.594938,,,,,Non appariée,Simulation pédagogique locale,commune : médiane + surface/énergie + aléa,21.11161666,True,False,1521.594938,1521.594938,1237.069055,13.37069055,True,2,False
2380E1035266C,6876,2023,2023-03-28,etablissement,2026-01-02,True,conso_enedis_kwh,conso_enedis_kwh:simulation_locale_graine_fixe,Appartement,C,C,189 RUE VULFRAN WARME,189 Rue Vulfran Warmé 80000 Amiens,189 Rue Vulfran Warmé,Amiens,80000,80021,80,189 RUE VULFRAN WARME,63.5,63.5,5415,5958.9,Gaz naturel + Électricité,False,Gaz / GPL,68.4,535.9,True,68.4,somme_des_seules_energies_electriques_EF,False,1.077165354,93.84094488,17.81574803,1131.3,710.3,710.3,2001-2005,2003,2003,2.307413986,49.88320701,adresse non géocodée ban car aucune correspondance trouvée,0.82,False,80021|189 RUE VULFRAN WARME,aucun,0,adresse_absente_ou_incomplete,True,1353.818019,,,,,Non appariée,Simulation pédagogique locale,commune : médiane + surface/énergie + aléa,21.3199688,True,False,1285.418019,1285.418019,1879.26611,19.7926611,True,2,False
2380E1035273J,4607,2023,2023-03-28,etablissement,2026-01-02,True,conso_enedis_kwh,conso_enedis_kwh:simulation_locale_graine_fixe,Appartement,C,C,189 RUE VULFRAN WARME,189 Rue Vulfran Warmé 80000 Amiens,189 Rue Vulfran Warmé,Amiens,80000,80021,80,189 RUE VULFRAN WARME,67.3,67.3,5677.8,6255.2,Gaz naturel + Électricité,False,Gaz / GPL,72.8,568.7,True,72.8,somme_des_seules_energies_electriques_EF,False,1.081723626,92.94502229,17.60624071,1184.9,745.1,745.1,2001-2005,2003,2003,2.307413986,49.88320701,adresse non géocodée ban car aucune correspondance trouvée,0.82,False,80021|189 RUE VULFRAN WARME,aucun,0,adresse_absente_ou_incomplete,True,1353.818019,,,,,Non appariée,Simulation pédagogique locale,commune : médiane + surface/énergie + aléa,20.1161667,True,False,1281.018019,1281.018019,1759.640136,18.59640136,True,2,False
2380E1049485Z,6943,2023,2023-03-29,etablissement,2026-01-02,True,conso_enedis_kwh,conso_enedis_kwh:simulation_locale_graine_fixe,Appartement,B,A,5 PLACE DES LIBERTES,5 Place des Libertés 80450 Camon,5 Place des Libertés,Camon,80450,80164,80,5 PLACE DES LIBERTES,79.7,79.7,4453.3,8461.2,Électricité,True,Électricité,3800.1,653.2,True,4453.3,total_EF_logement_tout_electrique,False,55.87578419,106.1631117,4.040150565,322,797.8,797.8,1989-2000,1993,1993,2.34585401,49.89389096,adresse non géocodée ban car aucune correspondance trouvée,0.78,False,80164|5 PLACE DES LIBERTES,aucun,0,adresse_absente_ou_incomplete,True,2304.123634,,,,,Non appariée,Simulation pédagogique locale,département : médiane + surface/énergie + aléa,28.90995776,True,False,-2149.176366,2149.176366,-48.26030957,0.5173969043,True,1,False
2380E1409619H,8417,2023,2023-04-27,etablissement,2026-01-02,True,Aucun,Aucune,Maison,C,A,80 Rue du Vivier,80 Rue du Vivier 80000 Amiens,80 Rue du Vivier,Amiens,80000,80021,80,80 RUE DU VIVIER,99.7,99.7,7525.5,14298.5,Électricité,True,Électricité,7525.5,0,False,7525.5,total_EF_logement_tout_electrique,False,75.48144433,143.4152457,5.001003009,498.6,1278,1278,1989-2000,1992,1992,2.309749979,49.894023,adresse géocodée ban à l'adresse,0.6,False,80021|80 RUE DU VIVIER,exact_normalise,1,apparie,False,6794.137255,6794.137255,346501,51,40355,80 RUE DU VIVIER,Moyenne observée à l'adresse,Sans simulation,68.14580998,True,False,-731.3627451,731.3627451,-9.718460502,0.902815395,False,1,False
2380E1455004W,1657,2023,2023-04-27,etablissement,2026-01-09,True,conso_enedis_kwh,conso_enedis_kwh:simulation_locale_graine_fixe,Appartement,D,D,1 Allée Marc Siberchicot,1 Allée Marc Siberchicot 80480 Pont-de-Metz,1 Allée Marc Siberchicot,Pont-de-Metz,80480,80632,80,1 ALLEE MARC SIBERCHICOT,60.5,60.5,10543,10981.7,Gaz naturel + Électricité,False,Gaz / GPL,91.4,396,True,91.4,somme_des_seules_energies_electriques_EF,False,1.510743802,181.5157025,38.25454545,2314.4,1028.3,1028.3,après 2021,2013,2013,2.255649023,49.87874801,adresse non géocodée ban car aucune correspondance trouvée,0.8,False,80632|1 ALLEE MARC SIBERCHICOT,aucun,0,adresse_absente_ou_incomplete,True,1644.458016,,,,,Non appariée,Simulation pédagogique locale,département : médiane + surface/énergie + aléa,27.18112423,True,False,1553.058016,1553.058016,1699.188201,17.99188201,True,7,False
2380E1458744S,2663,2023,2023-04-27,etablissement,2026-01-02,True,conso_enedis_kwh,conso_enedis_kwh:simulation_locale_graine_fixe,Appartement,E,E,JEAN CATELAS,Rue Jean Catelas 80300 Albert,Rue Jean Catelas,Albert,80300,80016,80,RUE JEAN CATELAS,59,59,11488.1,11869.5,GPL + Électricité,False,Gaz / GPL,122.9,300.9,True,122.9,somme_des_seules_energies_electriques_EF,False,2.083050847,201.1779661,51.4779661,3037.2,1705.7,1705.7,1989-2000,1996,1996,2.65173095,49.99705498,adresse non géocodée ban car aucune correspondance trouvée,0.67,False,DPE:2380E1458744S,aucun,0,adresse_absente_ou_incomplete,True,3429.97104,,,,,Non appariée,Simulation pédagogique locale,commune : médiane + surface/énergie + aléa,58.13510238,True,False,3307.07104,3307.07104,2690.863336,27.90863336,True,1,False
2380E1458772U,2475,2023,2023-04-27,etablissement,2026-01-02,True,conso_enedis_kwh,conso_enedis_kwh:simulation_locale_graine_fixe,Appartement,E,E,JEAN CATELAS,Rue Jean Catelas 80300 Albert,Rue Jean Catelas,Albert,80300,80016,80,RUE JEAN CATELAS,59,59,11488.1,11869.5,GPL + Électricité,False,Gaz / GPL,122.9,300.9,True,122.9,somme_des_seules_energies_electriques_EF,False,2.083050847,201.1779661,51.4779661,3037.2,1705.7,1705.7,1989-2000,1996,1996,2.65173095,49.99705498,adresse non géocodée ban car aucune correspondance trouvée,0.67,False,DPE:2380E1458772U,aucun,0,adresse_absente_ou_incomplete,True,2019.686261,,,,,Non appariée,Simulation pédagogique locale,commune : médiane + surface/énergie + aléa,34.23197052,True,False,1896.786261,1896.786261,1543.357413,16.43357413,True,1,False
2380E1458876U,6632,2023,2023-04-27,etablissement,2026-01-02,True,conso_enedis_kwh,conso_enedis_kwh:simulation_locale_graine_fixe,Appartement,E,E,L'HALLUE JEAN CATELAS,L'Hallue Rue Jean Catelas 80300 Albert,L'Hallue Rue Jean Catelas,Albert,80300,80016,80,L HALLUE RUE JEAN CATELAS,71,71,13680.6,14141.8,GPL + Électricité,False,Gaz / GPL,148.6,363.8,True,148.6,somme_des_seules_energies_electriques_EF,False,2.092957746,199.1802817,50.91830986,3615.2,2032.3,2032.3,1989-2000,1996,1996,2.651542024,49.99774401,adresse non géocodée ban car aucune correspondance trouvée,0.71,False,DPE:2380E1458876U,aucun,0,adresse_absente_ou_incomplete,True,3379.173001,,,,,Non appariée,Simulation pédagogique locale,commune : médiane + surface/énergie + aléa,47.59398593,True,False,3230.573001,3230.573001,2174.006057,22.74006057,True,1,False
2380E1458887F,5008,2023,2023-04-27,etablissement,2026-01-02,True,conso_enedis_kwh,conso_enedis_kwh:simulation_locale_graine_fixe,Appartement,E,E,L'HALLUE JEAN CATELAS,L'Hallue Rue Jean Catelas 80300 Albert,L'Hallue Rue Jean Catelas,Albert,80300,80016,80,L HALLUE RUE JEAN CATELAS,71,71,14207,14683.4,GPL + Électricité,False,Gaz / GPL,153.5,375.8,True,153.5,somme_des_seules_energies_electriques_EF,False,2.161971831,206.8084507,52.88591549,3754.9,2110.1,2110.1,1989-2000,1996,1996,2.651542024,49.99774401,adresse non géocodée ban car aucune correspondance trouvée,0.71,False,DPE:2380E1458887F,aucun,0,adresse_absente_ou_incomplete,True,2387.060764,,,,,Non appariée,Simulation pédagogique locale,commune : médiane + surface/énergie + aléa,33.62057414,True,False,2233.560764,2233.560764,1455.088445,15.55088445,True,1,False
2380E1460491X,4443,2023,2023-04-27,etablissement,2026-01-02,True,conso_enedis_kwh,conso_enedis_kwh:simulation_locale_graine_fixe,Appartement,E,E,3 DOMS Jean Catelas,3 Doms Rue Jean Catelas 80300 Albert,3 Doms Rue Jean Catelas,Albert,80300,80016,80,3 DOMS RUE JEAN CATELAS,71,71,16137.3,17071.7,GPL + Électricité,False,Gaz / GPL,160.9,877.2,True,160.9,somme_des_seules_energies_electriques_EF,False,2.266197183,240.4464789,58.79014085,4174.1,2454.9,2454.9,1989-2000,1996,1996,2.651565973,49.99776698,adresse non géocodée ban car aucune correspondance trouvée,0.7,False,80016|3 DOMS RUE JEAN CATELAS,aucun,0,adresse_absente_ou_incomplete,True,3453.146546,,,,,Non appariée,Simulation pédagogique locale,commune : médiane + surface/énergie + aléa,48.63586685,True,False,3292.246546,3292.246546,2046.144529,21.46144529,True,1,False
2380E1461863R,6728,2023,2023-04-27,etablissement,2026-01-09,True,conso_enedis_kwh,conso_enedis_kwh:simulation_locale_graine_fixe,Appartement,C,C,1 Allée Marc Siberchicot,1 Allée Marc Siberchicot 80480 Pont-de-Metz,1 Allée Marc Siberchicot,Pont-de-Metz,80480,80632,80,1 ALLEE MARC SIBERCHICOT,60.4,60.4,7789.7,8204.7,Gaz naturel + Électricité,False,Gaz / GPL,83.7,377.5,True,83.7,somme_des_seules_energies_electriques_EF,False,1.385761589,135.839404,28.04139073,1693.7,842.5,842.5,après 2021,2013,2013,2.255649023,49.87874801,adresse non géocodée ban car aucune correspondance trouvée,0.5,False,80632|1 ALLEE MARC SIBERCHICOT,aucun,0,adresse_absente_ou_incomplete,True,1644.458016,,,,,Non appariée,Simulation pédagogique locale,département : médiane + surface/énergie + aléa,27.22612609,True,False,1560.758016,1560.758016,1864.704918,19.64704918,True,7,False
2380E1461873B,355,2023,2023-04-27,etablissement,2026-01-09,True,conso_enedis_kwh,conso_enedis_kwh:simulation_locale_graine_fixe,Appartement,D,D,1 Allée Marc Siberchicot,1 Allée Marc Siberchicot 80480 Pont-de-Metz,1 Allée Marc Siberchicot,Pont-de-Metz,80480,80632,80,1 ALLEE MARC SIBERCHICOT,51.8,51.8,7244.8,7612.8,Gaz naturel + Électricité,False,Gaz / GPL,75.7,333.2,True,75.7,somme_des_seules_energies_electriques_EF,False,1.461389961,146.965251,30.47104247,1578.4,795.2,795.2,après 2021,2013,2013,2.255649023,49.87874801,adresse non géocodée ban car aucune correspondance trouvée,0.5,False,80632|1 ALLEE MARC SIBERCHICOT,aucun,0,adresse_absente_ou_incomplete,True,1644.458016,,,,,Non appariée,Simulation pédagogique locale,département : médiane + surface/énergie + aléa,31.74629374,True,False,1568.758016,1568.758016,2072.335556,21.72335556,True,7,False
2380E1463883J,553,2023,2023-04-27,etablissement,2026-01-02,True,conso_enedis_kwh,conso_enedis_kwh:simulation_locale_graine_fixe,Appartement,E,E,LA NIEVRE Jean Catelas,La Nievre Rue Jean Catelas 80300 Albert,La Nievre Rue Jean Catelas,Albert,80300,80016,80,LA NIEVRE RUE JEAN CATELAS,59,59,11564.2,12300,GPL + Électricité,False,Gaz / GPL,123.4,694.2,True,123.4,somme_des_seules_energies_electriques_EF,False,2.091525424,208.4745763,50.44067797,2976,1774.5,1774.5,1989-2000,1996,1996,2.651565973,49.99776698,adresse non géocodée ban car aucune correspondance trouvée,0.71,False,DPE:2380E1463883J,aucun,0,adresse_absente_ou_incomplete,True,2600.562934,,,,,Non appariée,Simulation pédagogique locale,commune : médiane + surface/énergie + aléa,44.07733787,True,False,2477.162934,2477.162934,2007.425392,21.07425392,True,1,False
2380E1466040I,4352,2023,2023-04-27,etablissement,2026-01-02,True,conso_enedis_kwh,conso_enedis_kwh:simulation_locale_graine_fixe,Appartement,E,E,L'AUTHIE Jean Catelas,Rue Jean Catelas 80300 Albert,Rue Jean Catelas,Albert,80300,80016,80,RUE JEAN CATELAS,59,59,11858.4,12603.2,GPL + Électricité,False,Gaz / GPL,126.2,701.3,True,126.2,somme_des_seules_energies_electriques_EF,False,2.138983051,213.6135593,51.76101695,3053.9,1818,1818,1989-2000,1996,1996,2.65173095,49.99705498,adresse non géocodée ban car aucune correspondance trouvée,0.6,False,DPE:2380E1466040I,aucun,0,adresse_absente_ou_incomplete,True,2556.225544,,,,,Non appariée,Simulation pédagogique locale,commune : médiane + surface/énergie + aléa,43.32585668,True,False,2430.025544,2430.025544,1925.535296,20.25535296,True,1,False
2380E1466063F,8340,2023,2023-04-27,etablissement,2026-01-02,True,conso_enedis_kwh,conso_enedis_kwh:simulation_locale_graine_fixe,Appartement,D,D,LA BRESLE Jean Catelas,Rue Jean Catelas 80300 Albert,Rue Jean Catelas,Albert,80300,80016,80,RUE JEAN CATELAS,71,71,13488.8,14367.9,GPL + Électricité,False,Gaz / GPL,146.4,830.4,True,146.4,somme_des_seules_energies_electriques_EF,False,2.061971831,202.3647887,48.82253521,3466.4,2073.2,2073.2,1989-2000,1996,1996,2.65173095,49.99705498,adresse non géocodée ban car aucune correspondance trouvée,0.58,False,DPE:2380E1466063F,aucun,0,adresse_absente_ou_incomplete,True,4529.198933,,,,,Non appariée,Simulation pédagogique locale,commune : médiane + surface/énergie + aléa,63.79153427,True,False,4382.798933,4382.798933,2993.715118,30.93715118,True,1,False
2380E1467652I,1255,2023,2023-04-27,etablissement,2026-01-09,True,conso_enedis_kwh,conso_enedis_kwh:simulation_locale_graine_fixe,Appartement,D,D,1 1 Allée Marc Siberchicot,1 Allée Marc Siberchicot 80480 Pont-de-Metz,1 Allée Marc Siberchicot,Pont-de-Metz,80480,80632,80,1 ALLEE MARC SIBERCHICOT,63.2,63.2,14201.4,14660.3,Gaz naturel + Électricité,False,Gaz / GPL,95.7,414.2,True,95.7,somme_des_seules_energies_electriques_EF,False,1.514240506,231.9667722,49.70253165,3141.2,1272.4,1272.4,après 2021,2013,2013,2.255649023,49.87874801,adresse non géocodée ban car aucune correspondance trouvée,0.76,False,80632|1 ALLEE MARC SIBERCHICOT,aucun,0,adresse_absente_ou_incomplete,True,1644.458016,,,,,Non appariée,Simulation pédagogique locale,département : médiane + surface/énergie + aléa,26.01990532,True,False,1548.758016,1548.758016,1618.346934,17.18346934,True,7,False
2380E1467703H,7844,2023,2023-04-27,etablissement,2026-01-09,True,conso_enedis_kwh,conso_enedis_kwh:simulation_locale_graine_fixe,Appartement,D,D,1 1 Allée Marc Siberchicot,1 Allée Marc Siberchicot 80480 Pont-de-Metz,1 Allée Marc Siberchicot,Pont-de-Metz,80480,80632,80,1 ALLEE MARC SIBERCHICOT,66.6,66.6,14649.5,15128.9,Gaz naturel + Électricité,False,Gaz / GPL,99.5,433.2,True,99.5,somme_des_seules_energies_electriques_EF,False,1.493993994,227.1606607,48.63663664,3239.2,1306.8,1306.8,après 2021,2013,2013,2.255649023,49.87874801,adresse non géocodée ban car aucune correspondance trouvée,0.76,False,80632|1 ALLEE MARC SIBERCHICOT,aucun,0,adresse_absente_ou_incomplete,True,1644.458016,,,,,Non appariée,Simulation pédagogique locale,département : médiane + surface/énergie + aléa,24.6915618,True,False,1544.958016,1544.958016,1552.721624,16.52721624,True,7,False
2380E1467840O,6079,2023,2023-04-27,etablissement,2026-01-09,True,conso_enedis_kwh,conso_enedis_kwh:simulation_locale_graine_fixe,Appartement,E,E,1 1 Allée Marc Siberchicot,1 Allée Marc Siberchicot 80480 Pont-de-Metz,1 Allée Marc Siberchicot,Pont-de-Metz,80480,80632,80,1 ALLEE MARC SIBERCHICOT,58.7,58.7,13543.5,13974.3,Gaz naturel + Électricité,False,Gaz / GPL,90.4,388.3,True,90.4,somme_des_seules_energies_electriques_EF,False,1.540034072,238.0630324,51.05451448,2996.9,1222.4,1222.4,après 2021,2013,2013,2.255649023,49.87874801,adresse non géocodée ban car aucune correspondance trouvée,0.76,False,80632|1 ALLEE MARC SIBERCHICOT,aucun,0,adresse_absente_ou_incomplete,True,1644.458016,,,,,Non appariée,Simulation pédagogique locale,département : médiane + surface/énergie + aléa,28.01461697,True,False,1554.058016,1554.058016,1719.090726,18.19090726,True,7,False
2380E1474340O,3314,2023,2023-04-27,etablissement,2026-01-09,True,conso_enedis_kwh,conso_enedis_kwh:simulation_locale_graine_fixe,Appartement,D,D,1 Allée Marc Siberchicot,1 Allée Marc Siberchicot 80480 Pont-de-Metz,1 Allée Marc Siberchicot,Pont-de-Metz,80480,80632,80,1 ALLEE MARC SIBERCHICOT,50,50,10959,11273.7,Gaz naturel + Électricité,False,Gaz / GPL,60.1,289.6,True,60.1,somme_des_seules_energies_electriques_EF,False,1.202,225.474,48.624,2431.2,1024.5,1024.5,après 2021,2013,2013,2.255649023,49.87874801,adresse non géocodée ban car aucune correspondance trouvée,0.8,False,80632|1 ALLEE MARC SIBERCHICOT,aucun,0,adresse_absente_ou_incomplete,True,1644.458016,,,,,Non appariée,Simulation pédagogique locale,département : médiane + surface/énergie + aléa,32.88916032,True,False,1584.358016,1584.358016,2636.203022,27.36203022,True,7,False
2380E1505905P,1083,2023,2023-04-28,etablissement,2026-01-02,True,Aucun,Aucune,Appartement,E,E,2 Rue de la Hotoie,2 Rue de la Hotoie 80000 Amiens,2 Rue de la Hotoie,Amiens,80000,80021,80,2 RUE DE LA HOTOIE,27.7,27.7,5646.4,6029,GPL + Électricité,False,Gaz / GPL,69.8,355.3,True,69.8,somme_des_seules_energies_electriques_EF,False,2.519855596,217.6534296,52.26353791,1447.7,870.2,870.2,1989-2000,1993,1993,2.29249303,49.89653397,adresse non géocodée ban car aucune correspondance trouvée,0.8,False,80021|2 RUE DE LA HOTOIE,exact_normalise,1,apparie,False,1005.133333,1005.133333,30154,30,37600,2 RUE DE LA HOTOIE,Moyenne observée à l'adresse,Sans simulation,36.28640193,True,False,935.3333333,935.3333333,1340.019102,14.40019102,False,3,False
2380E1505925J,4284,2023,2023-04-28,etablissement,2026-01-02,True,Aucun,Aucune,Appartement,E,E,2 Rue de la Hotoie,2 Rue de la Hotoie 80000 Amiens,2 Rue de la Hotoie,Amiens,80000,80021,80,2 RUE DE LA HOTOIE,27.7,27.7,5651,6033.8,GPL + Électricité,False,Gaz / GPL,69.9,355.4,True,69.9,somme_des_seules_energies_electriques_EF,False,2.523465704,217.8267148,52.30685921,1448.9,870.9,870.9,1989-2000,1993,1993,2.29249303,49.89653397,adresse non géocodée ban car aucune correspondance trouvée,0.8,False,80021|2 RUE DE LA HOTOIE,exact_normalise,1,apparie,False,1005.133333,1005.133333,30154,30,37600,2 RUE DE LA HOTOIE,Moyenne observée à l'adresse,Sans simulation,36.28640193,True,False,935.2333333,935.2333333,1337.958989,14.37958989,False,3,False
2380E1505958Q,6336,2023,2023-04-28,etablissement,2026-01-02,True,Aucun,Aucune,Appartement,E,E,2 Rue de la Hotoie,2 Rue de la Hotoie 80000 Amiens,2 Rue de la Hotoie,Amiens,80000,80021,80,2 RUE DE LA HOTOIE,27.7,27.7,5651,6033.8,GPL + Électricité,False,Gaz / GPL,69.9,355.4,True,69.9,somme_des_seules_energies_electriques_EF,False,2.523465704,217.8267148,52.30685921,1448.9,870.9,870.9,1989-2000,1993,1993,2.29249303,49.89653397,adresse non géocodée ban car aucune correspondance trouvée,0.8,False,80021|2 RUE DE LA HOTOIE,exact_normalise,1,apparie,False,1005.133333,1005.133333,30154,30,37600,2 RUE DE LA HOTOIE,Moyenne observée à l'adresse,Sans simulation,36.28640193,True,False,935.2333333,935.2333333,1337.958989,14.37958989,False,3,False
2380E1506052G,232,2023,2023-04-28,etablissement,2026-01-02,True,Aucun,Aucune,Appartement,C,C,3 Rue Henri Dunant,3 Rue Henri Dunant 80000 Amiens,3 Rue Henri Dunant,Amiens,80000,80021,80,3 RUE HENRI DUNANT,51.8,51.8,5785,6344.7,GPL + Électricité,False,Gaz / GPL,80.5,541.2,True,80.5,somme_des_seules_energies_electriques_EF,False,1.554054054,122.484556,27.88996139,1444.7,919,919,1989-2000,1993,1993,2.293153044,49.89704698,adresse non géocodée ban car aucune correspondance trouvée,0.8,False,80021|3 RUE HENRI DUNANT,exact_normalise,1,apparie,False,1264.6,1264.6,12646,10,40992,3 RUE HENRI DUNANT,Moyenne observée à l'adresse,Sans simulation,24.41312741,True,False,1184.1,1184.1,1470.931677,15.70931677,False,3,False
2380E1506066U,8670,2023,2023-04-28,etablissement,2026-01-02,True,Aucun,Aucune,Appartement,C,C,5 Rue Henri Dunant,5 Rue Henri Dunant 80000 Amiens,5 Rue Henri Dunant,Amiens,80000,80021,80,5 RUE HENRI DUNANT,53.1,53.1,5903.8,6477.1,GPL + Électricité,False,Gaz / GPL,82.5,554.5,True,82.5,somme_des_seules_energies_electriques_EF,False,1.553672316,121.9792844,27.75517891,1473.8,938.2,938.2,1989-2000,1993,1993,2.29331102,49.89764001,adresse non géocodée ban car aucune correspondance trouvée,0.8,False,80021|5 RUE HENRI DUNANT,exact_normalise,1,apparie,False,1723.2,1723.2,17232,10,40986,5 RUE HENRI DUNANT,Moyenne observée à l'adresse,Sans simulation,32.4519774,True,False,1640.7,1640.7,1988.727273,20.88727273,False,1,False
2380E1507342W,9532,2023,2023-04-28,etablissement,2026-01-02,True,conso_enedis_kwh,conso_enedis_kwh:simulation_locale_graine_fixe,Appartement,D,D,8 Rue Henriette Dumuin,8 Rue Henriette Dumuin 80000 Amiens,8 Rue Henriette Dumuin,Amiens,80000,80021,80,8 RUE HENRIETTE DUMUIN,37.5,37.5,6689.8,7168.3,GPL + Électricité,False,Gaz / GPL,82,449.7,True,82,somme_des_seules_energies_electriques_EF,False,2.186666667,191.1546667,45.584,1709.4,1035.1,1035.1,1989-2000,1993,1993,2.292599981,49.89706499,adresse non géocodée ban car aucune correspondance trouvée,0.81,False,80021|8 RUE HENRIETTE DUMUIN,aucun,0,adresse_absente_ou_incomplete,True,1161.514676,,,,,Non appariée,Simulation pédagogique locale,commune : médiane + surface/énergie + aléa,30.97372469,True,False,1079.514676,1079.514676,1316.481312,14.16481312,True,2,False
2380E1507348C,1443,2023,2023-04-28,etablissement,2026-01-02,True,conso_enedis_kwh,conso_enedis_kwh:simulation_locale_graine_fixe,Appartement,D,D,8 Rue Henriette Dumuin,8 Rue Henriette Dumuin 80000 Amiens,8 Rue Henriette Dumuin,Amiens,80000,80021,80,8 RUE HENRIETTE DUMUIN,61.1,61.1,7682.3,8360.9,GPL + Électricité,False,Gaz / GPL,100.9,653,True,100.9,somme_des_seules_energies_electriques_EF,False,1.651391162,136.8396072,31.64157119,1933.3,1209.8,1209.8,1989-2000,1993,1993,2.292599981,49.89706499,adresse non géocodée ban car aucune correspondance trouvée,0.81,False,80021|8 RUE HENRIETTE DUMUIN,aucun,0,adresse_absente_ou_incomplete,True,1161.514676,,,,,Non appariée,Simulation pédagogique locale,commune : médiane + surface/énergie + aléa,19.01006016,True,False,1060.614676,1060.614676,1051.154287,11.51154287,True,2,False
2380E1507790C,7675,2023,2023-04-28,etablissement,2026-01-02,True,conso_enedis_kwh,conso_enedis_kwh:simulation_locale_graine_fixe,Appartement,D,D,2 Rue Anatole France,2 Rue Anatole France 80000 Amiens,2 Rue Anatole France,Amiens,80000,80021,80,2 RUE ANATOLE FRANCE,61.8,61.8,8361.7,9061.8,GPL + Électricité,False,Gaz / GPL,106.5,671.4,True,106.5,somme_des_seules_energies_electriques_EF,False,1.723300971,146.631068,34.19417476,2113.2,1310.5,1310.5,1989-2000,1993,1993,2.292689944,49.89732702,adresse non géocodée ban car aucune correspondance trouvée,0.8,False,80021|2 RUE ANATOLE FRANCE,aucun,0,adresse_absente_ou_incomplete,True,1861.063716,,,,,Non appariée,Simulation pédagogique locale,commune : médiane + surface/énergie + aléa,30.11429961,True,False,1754.563716,1754.563716,1647.477667,17.47477667,True,1,False
2380E1507808U,5325,2023,2023-04-28,etablissement,2026-01-02,True,conso_enedis_kwh,conso_enedis_kwh:simulation_locale_graine_fixe,Appartement,D,D,4 Rue Anatole France,4 Rue Anatole France 80000 Amiens,4 Rue Anatole France,Amiens,80000,80021,80,4 RUE ANATOLE FRANCE,62.2,62.2,7636.8,8314.1,GPL + Électricité,False,Gaz / GPL,98.3,654.3,True,98.3,somme_des_seules_energies_electriques_EF,False,1.580385852,133.6672026,30.88906752,1921.3,1203.1,1203.1,1989-2000,1993,1993,2.292726992,49.89762396,adresse non géocodée ban car aucune correspondance trouvée,0.8,False,80021|4 RUE ANATOLE FRANCE,aucun,0,adresse_absente_ou_incomplete,True,985.6891962,,,,,Non appariée,Simulation pédagogique locale,commune : médiane + surface/énergie + aléa,15.84709319,True,False,887.3891962,887.3891962,902.7357032,10.02735703,True,1,False
2380E1508206C,4442,2023,2023-04-28,etablissement,2026-01-02,True,Aucun,Aucune,Appartement,D,D,3 Rue Henri Dunant,3 Rue Henri Dunant 80000 Amiens,3 Rue Henri Dunant,Amiens,80000,80021,80,3 RUE HENRI DUNANT,52.1,52.1,8571.2,9213.9,GPL + Électricité,False,Gaz / GPL,106.6,607.5,True,106.6,somme_des_seules_energies_electriques_EF,False,2.046065259,176.8502879,41.9059501,2183.3,1331.1,1331.1,1989-2000,1993,1993,2.293153044,49.89704698,adresse non géocodée ban car aucune correspondance trouvée,0.8,False,80021|3 RUE HENRI DUNANT,exact_normalise,1,apparie,False,1264.6,1264.6,12646,10,40992,3 RUE HENRI DUNANT,Moyenne observée à l'adresse,Sans simulation,24.27255278,True,False,1158,1158,1086.30394,11.8630394,False,3,False
2380E1508211H,6157,2023,2023-04-28,etablissement,2026-01-02,True,Aucun,Aucune,Appartement,D,D,3 Rue Henri Dunant,3 Rue Henri Dunant 80000 Amiens,3 Rue Henri Dunant,Amiens,80000,80021,80,3 RUE HENRI DUNANT,61.8,61.8,8380.7,9084.3,GPL + Électricité,False,Gaz / GPL,107.7,674.1,True,107.7,somme_des_seules_energies_electriques_EF,False,1.742718447,146.9951456,34.26375405,2117.5,1313.8,1313.8,1989-2000,1993,1993,2.293153044,49.89704698,adresse non géocodée ban car aucune correspondance trouvée,0.8,False,80021|3 RUE HENRI DUNANT,exact_normalise,1,apparie,False,1264.6,1264.6,12646,10,40992,3 RUE HENRI DUNANT,Moyenne observée à l'adresse,Sans simulation,20.46278317,True,False,1156.9,1156.9,1074.187558,11.74187558,False,3,False
2380E1518698Q,3186,2023,2023-04-27,etablissement,2026-01-02,True,Aucun,Aucune,Appartement,E,B,67 67 Rue Boucher De Perthes,67 Rue Boucher de Perthes 80000 Amiens,67 Rue Boucher de Perthes,Amiens,80000,80021,80,67 RUE BOUCHER DE PERTHES,72,72,10652.5,20239.8,Électricité,True,Électricité,10334.4,318.1,True,10652.5,total_EF_logement_tout_electrique,False,147.9513889,281.1083333,10.94166667,787.8,1770.2,1770.2,1983-1988,1985,1985,2.297378975,49.88370501,adresse non géocodée ban car aucune correspondance trouvée,0.77,False,80021|67 RUE BOUCHER DE PERTHES,exact_normalise,1,apparie,False,5955.888889,5955.888889,160809,27,35942,67 RUE BOUCHER DE PERTHES,Moyenne observée à l'adresse,Sans simulation,82.72067901,True,False,-4696.611111,4696.611111,-44.08928525,0.5591071475,False,1,False
2380E1523826W,7030,2023,2023-04-27,etablissement,2026-01-02,True,Aucun,Aucune,Appartement,D,D,223 Rue De Cottenchy Les Entailles,223 Rue de Cottenchy 80000 Amiens,223 Rue de Cottenchy,Amiens,80000,80021,80,223 RUE DE COTTENCHY,75,75,14282.3,15970.5,Gaz naturel + Électricité,False,Gaz / GPL,1593.9,281.9,True,1593.9,somme_des_seules_energies_electriques_EF,False,21.252,212.94,39.18,2938.5,1453.4,1453.4,1948-1974,1964,1964,2.31215605,49.883041,adresse non géocodée ban car aucune correspondance trouvée,0.62,False,80021|223 RUE DE COTTENCHY,exact_normalise,1,apparie,False,1518.878788,1518.878788,100246,66,36962,223 RUE DE COTTENCHY,Moyenne observée à l'adresse,Sans simulation,20.25171717,True,False,-75.02121212,75.02121212,-4.706770319,0.9529322968,False,7,False
2380E1523862G,3168,2023,2023-04-27,etablissement,2026-01-02,True,Aucun,Aucune,Appartement,D,D,223 Rue De Cottenchy Les Entailles,223 Rue de Cottenchy 80000 Amiens,223 Rue de Cottenchy,Amiens,80000,80021,80,223 RUE DE COTTENCHY,74,74,14085.6,15762.1,Gaz naturel + Électricité,False,Gaz / GPL,1585,277.8,True,1585,somme_des_seules_energies_electriques_EF,False,21.41891892,213.0013514,39.13513514,2896,1439.5,1439.5,1948-1974,1964,1964,2.31215605,49.883041,adresse non géocodée ban car aucune correspondance trouvée,0.62,False,80021|223 RUE DE COTTENCHY,exact_normalise,1,apparie,False,1518.878788,1518.878788,100246,66,36962,223 RUE DE COTTENCHY,Moyenne observée à l'adresse,Sans simulation,20.52538903,True,False,-66.12121212,66.12121212,-4.171685307,0.9582831469,False,7,False
2380E1523914G,641,2023,2023-04-27,etablissement,2026-01-02,True,Aucun,Aucune,Appartement,D,D,223 Rue De Cottenchy Les Entailles,223 Rue de Cottenchy 80000 Amiens,223 Rue de Cottenchy,Amiens,80000,80021,80,223 RUE DE COTTENCHY,41,41,7485.1,8723,Gaz naturel + Électricité,False,Gaz / GPL,1236.1,139.4,True,1236.1,somme_des_seules_energies_electriques_EF,False,30.14878049,212.7560976,36.01219512,1476.5,971.6,971.6,1948-1974,1964,1964,2.31215605,49.883041,adresse non géocodée ban car aucune correspondance trouvée,0.62,False,80021|223 RUE DE COTTENCHY,exact_normalise,1,apparie,False,1518.878788,1518.878788,100246,66,36962,223 RUE DE COTTENCHY,Moyenne observée à l'adresse,Sans simulation,37.04582409,True,False,282.7787879,282.7787879,22.87669184,1.228766918,False,7,False
2380E1523920M,626,2023,2023-04-27,etablissement,2026-01-02,True,Aucun,Aucune,Appartement,E,D,223 Rue De Cottenchy Les Entailles,223 Rue de Cottenchy 80000 Amiens,223 Rue de Cottenchy,Amiens,80000,80021,80,223 RUE DE COTTENCHY,74,74,17566.2,19297.2,Gaz naturel + Électricité,False,Gaz / GPL,1597.4,326,True,1597.4,somme_des_seules_energies_electriques_EF,False,21.58648649,260.772973,49.67837838,3676.2,1671.5,1671.5,1948-1974,1964,1964,2.31215605,49.883041,adresse non géocodée ban car aucune correspondance trouvée,0.62,False,80021|223 RUE DE COTTENCHY,exact_normalise,1,apparie,False,1518.878788,1518.878788,100246,66,36962,223 RUE DE COTTENCHY,Moyenne observée à l'adresse,Sans simulation,20.52538903,True,False,-78.52121212,78.52121212,-4.915563548,0.9508443645,False,7,False
2380E1524147F,2754,2023,2023-04-27,etablissement,2026-01-02,True,Aucun,Aucune,Appartement,D,D,223 Rue De Cottenchy Les Entailles,223 Rue de Cottenchy 80000 Amiens,223 Rue de Cottenchy,Amiens,80000,80021,80,223 RUE DE COTTENCHY,57,57,12225.6,13725.6,Gaz naturel + Électricité,False,Gaz / GPL,1439.9,226.8,True,1439.9,somme_des_seules_energies_electriques_EF,False,25.26140351,240.8,43.95438596,2505.4,1303.3,1303.3,1948-1974,1964,1964,2.31215605,49.883041,adresse non géocodée ban car aucune correspondance trouvée,0.62,False,80021|223 RUE DE COTTENCHY,exact_normalise,1,apparie,False,1518.878788,1518.878788,100246,66,36962,223 RUE DE COTTENCHY,Moyenne observée à l'adresse,Sans simulation,26.64699628,True,False,78.97878788,78.97878788,5.485018951,1.05485019,False,7,False
2380E1647317N,7637,2023,2023-04-28,etablissement,2026-01-02,True,commune;code_postal;departement;code_commune;conso_enedis_kwh,commune:valeur_source_brute_existante;code_postal:valeur_source_brute_existante;departement:code_postal_source;code_commune:commune_departement_uniques_Enedis;conso_enedis_kwh:simulation_locale_graine_fixe,Appartement,D,B,- Parc De Berry,,- Parc De Berry,AMIENS,80000,80021,80,PARC DE BERRY,48.3,48.3,5028.7,9554.5,Électricité,True,Électricité,4830.9,197.8,True,5028.7,total_EF_logement_tout_electrique,False,104.1138716,197.815735,7.710144928,372.4,885.3,885.3,1948-1974,1970,1970,,,adresse non géocodée ban car aucune correspondance trouvée,,False,DPE:2380E1647317N,aucun,0,adresse_absente_ou_incomplete,True,2889.242929,,,,,Non appariée,Simulation pédagogique locale,commune : médiane + surface/énergie + aléa,59.81869419,True,False,-2139.457071,2139.457071,-42.5449335,0.574550665,True,1,False
2380E1647321R,9740,2023,2023-04-28,etablissement,2026-01-02,True,commune;code_postal;departement;code_commune;conso_enedis_kwh,commune:valeur_source_brute_existante;code_postal:valeur_source_brute_existante;departement:code_postal_source;code_commune:commune_departement_uniques_Enedis;conso_enedis_kwh:simulation_locale_graine_fixe,Appartement,D,B,- Parc De Berry,,- Parc De Berry,AMIENS,80000,80021,80,PARC DE BERRY,48.3,48.3,5028.7,9554.5,Électricité,True,Électricité,4830.9,197.8,True,5028.7,total_EF_logement_tout_electrique,False,104.1138716,197.815735,7.710144928,372.4,885.3,885.3,1948-1974,1970,1970,,,adresse non géocodée ban car aucune correspondance trouvée,,False,DPE:2380E1647321R,aucun,0,adresse_absente_ou_incomplete,True,2568.642412,,,,,Non appariée,Simulation pédagogique locale,commune : médiane + surface/énergie + aléa,53.18100232,True,False,-2460.057588,2460.057588,-48.92034896,0.5107965104,True,1,False
2380E1647327X,2215,2023,2023-04-28,etablissement,2026-01-02,True,commune;code_postal;departement;code_commune;conso_enedis_kwh,commune:valeur_source_brute_existante;code_postal:valeur_source_brute_existante;departement:code_postal_source;code_commune:commune_departement_uniques_Enedis;conso_enedis_kwh:simulation_locale_graine_fixe,Appartement,D,B,- Parc De Berry,,- Parc De Berry,AMIENS,80000,80021,80,PARC DE BERRY,44.1,44.1,5152.7,9790.2,Électricité,True,Électricité,4971.9,180.8,True,5152.7,total_EF_logement_tout_electrique,False,116.8412698,222,8.696145125,383.5,904.8,904.8,1948-1974,1970,1970,,,adresse non géocodée ban car aucune correspondance trouvée,,False,DPE:2380E1647327X,aucun,0,adresse_absente_ou_incomplete,True,2343.730927,,,,,Non appariée,Simulation pédagogique locale,commune : médiane + surface/énergie + aléa,53.14582601,True,False,-2808.969073,2808.969073,-54.51450837,0.4548549163,True,1,False
2380E1647348S,3873,2023,2023-04-28,etablissement,2026-01-02,True,commune;code_postal;departement;code_commune;conso_enedis_kwh,commune:valeur_source_brute_existante;code_postal:valeur_source_brute_existante;departement:code_postal_source;code_commune:commune_departement_uniques_Enedis;conso_enedis_kwh:simulation_locale_graine_fixe,Appartement,D,B,- Parc De Berry,,- Parc De Berry,AMIENS,80000,80021,80,PARC DE BERRY,48.3,48.3,5000.3,9500.6,Électricité,True,Électricité,4802.5,197.8,True,5000.3,total_EF_logement_tout_electrique,False,103.5258799,196.699793,7.664596273,370.2,880.8,880.8,1948-1974,1970,1970,,,adresse non géocodée ban car aucune correspondance trouvée,,False,DPE:2380E1647348S,aucun,0,adresse_absente_ou_incomplete,True,2079.815823,,,,,Non appariée,Simulation pédagogique locale,commune : médiane + surface/énergie + aléa,43.060369,True,False,-2920.484177,2920.484177,-58.40617917,0.4159382083,True,1,False
2380E1647349T,3892,2023,2023-04-28,etablissement,2026-01-02,True,commune;code_postal;departement;code_commune;conso_enedis_kwh,commune:valeur_source_brute_existante;code_postal:valeur_source_brute_existante;departement:code_postal_source;code_commune:commune_departement_uniques_Enedis;conso_enedis_kwh:simulation_locale_graine_fixe,Appartement,D,B,- Parc De Berry,,- Parc De Berry,AMIENS,80000,80021,80,PARC DE BERRY,44.1,44.1,4844.6,9204.7,Électricité,True,Électricité,4663.9,180.7,True,4844.6,total_EF_logement_tout_electrique,False,109.8548753,208.723356,8.142857143,359.1,857.2,857.2,1948-1974,1970,1970,,,adresse non géocodée ban car aucune correspondance trouvée,,False,DPE:2380E1647349T,aucun,0,adresse_absente_ou_incomplete,True,2967.301896,,,,,Non appariée,Simulation pédagogique locale,commune : médiane + surface/énergie + aléa,67.28575727,True,False,-1877.298104,1877.298104,-38.7503221,0.612496779,True,1,False
2380E1647364I,1424,2023,2023-04-28,etablissement,2026-01-02,True,commune;code_postal;departement;code_commune;conso_enedis_kwh,commune:valeur_source_brute_existante;code_postal:valeur_source_brute_existante;departement:code_postal_source;code_commune:commune_departement_uniques_Enedis;conso_enedis_kwh:simulation_locale_graine_fixe,Appartement,D,B,- Parc De Berry,,- Parc De Berry,AMIENS,80000,80021,80,PARC DE BERRY,48.3,48.3,5113.8,9716.2,Électricité,True,Électricité,4915.9,197.9,True,5113.8,total_EF_logement_tout_electrique,False,105.8757764,201.1635611,7.850931677,379.2,898.7,898.7,1948-1974,1970,1970,,,adresse non géocodée ban car aucune correspondance trouvée,,False,DPE:2380E1647364I,aucun,0,adresse_absente_ou_incomplete,True,2322.723191,,,,,Non appariée,Simulation pédagogique locale,commune : médiane + surface/énergie + aléa,48.08950707,True,False,-2791.076809,2791.076809,-54.57931105,0.4542068895,True,1,False
2380E1647370O,311,2023,2023-04-28,etablissement,2026-01-02,True,commune;code_postal;departement;code_commune;conso_enedis_kwh,commune:valeur_source_brute_existante;code_postal:valeur_source_brute_existante;departement:code_postal_source;code_commune:commune_departement_uniques_Enedis;conso_enedis_kwh:simulation_locale_graine_fixe,Appartement,D,B,- Parc De Berry,,- Parc De Berry,AMIENS,80000,80021,80,PARC DE BERRY,44.1,44.1,4819.3,9156.6,Électricité,True,Électricité,4638.6,180.7,True,4819.3,total_EF_logement_tout_electrique,False,109.2811791,207.6326531,8.097505669,357.1,853.4,853.4,1948-1974,1970,1970,,,adresse non géocodée ban car aucune correspondance trouvée,,False,DPE:2380E1647370O,aucun,0,adresse_absente_ou_incomplete,True,1319.64416,,,,,Non appariée,Simulation pédagogique locale,commune : médiane + surface/énergie + aléa,29.92390385,True,False,-3499.65584,3499.65584,-72.61751375,0.2738248625,True,1,False
2380E1647374S,3234,2023,2023-04-28,etablissement,2026-01-02,True,commune;code_postal;departement;code_commune;conso_enedis_kwh,commune:valeur_source_brute_existante;code_postal:valeur_source_brute_existante;departement:code_postal_source;code_commune:commune_departement_uniques_Enedis;conso_enedis_kwh:simulation_locale_graine_fixe,Appartement,D,B,- Parc De Berry,,- Parc De Berry,AMIENS,80000,80021,80,PARC DE BERRY,44.1,44.1,4819.3,9156.6,Électricité,True,Électricité,4638.6,180.7,True,4819.3,total_EF_logement_tout_electrique,False,109.2811791,207.6326531,8.097505669,357.1,853.4,853.4,1948-1974,1970,1970,,,adresse non géocodée ban car aucune correspondance trouvée,,False,DPE:2380E1647374S,aucun,0,adresse_absente_ou_incomplete,True,2516.850964,,,,,Non appariée,Simulation pédagogique locale,commune : médiane + surface/énergie + aléa,57.07145042,True,False,-2302.449036,2302.449036,-47.77559057,0.5222440943,True,1,False
2380E1647393L,1480,2023,2023-04-28,etablissement,2026-01-02,True,commune;code_postal;departement;code_commune;conso_enedis_kwh,commune:valeur_source_brute_existante;code_postal:valeur_source_brute_existante;departement:code_postal_source;code_commune:commune_departement_uniques_Enedis;conso_enedis_kwh:simulation_locale_graine_fixe,Appartement,D,B,- Parc De Berry,,- Parc De Berry,AMIENS,80000,80021,80,PARC DE BERRY,48.3,48.3,4971.9,9446.7,Électricité,True,Électricité,4774.1,197.8,True,4971.9,total_EF_logement_tout_electrique,False,102.9378882,195.5838509,7.616977226,367.9,876.5,876.5,1948-1974,1970,1970,,,adresse non géocodée ban car aucune correspondance trouvée,,False,DPE:2380E1647393L,aucun,0,adresse_absente_ou_incomplete,True,2152.10564,,,,,Non appariée,Simulation pédagogique locale,commune : médiane + surface/énergie + aléa,44.5570526,True,False,-2819.79436,2819.79436,-56.71462337,0.4328537663,True,1,False
2380E1827003N,4096,2023,2023-04-27,etablissement,2026-01-02,True,Aucun,Aucune,Appartement,D,D,223 Rue De Cottenchy Les Entailles,223 Rue de Cottenchy 80000 Amiens,223 Rue de Cottenchy,Amiens,80000,80021,80,223 RUE DE COTTENCHY,57,57,10983,11360.2,Gaz naturel + Électricité,False,Gaz / GPL,77,342.1,True,77,somme_des_seules_energies_electriques_EF,False,1.350877193,199.3017544,42.54912281,2425.3,1041.7,1041.7,1948-1974,1964,1964,2.31215605,49.883041,adresse non géocodée ban car aucune correspondance trouvée,0.62,False,80021|223 RUE DE COTTENCHY,exact_normalise,1,apparie,False,1518.878788,1518.878788,100246,66,36962,223 RUE DE COTTENCHY,Moyenne observée à l'adresse,Sans simulation,26.64699628,True,False,1441.878788,1441.878788,1872.569854,19.72569854,False,7,False
2380E1827128I,7287,2023,2023-04-27,etablissement,2026-01-02,True,Aucun,Aucune,Appartement,E,E,223 Rue De Cottenchy Les Entailles,223 Rue de Cottenchy 80000 Amiens,223 Rue de Cottenchy,Amiens,80000,80021,80,223 RUE DE COTTENCHY,74,74,16837.1,17371.6,Gaz naturel + Électricité,False,Gaz / GPL,114.4,479.5,True,114.4,somme_des_seules_energies_electriques_EF,False,1.545945946,234.7513514,50.35,3725.9,1463.4,1463.4,1948-1974,1964,1964,2.31215605,49.883041,adresse non géocodée ban car aucune correspondance trouvée,0.62,False,80021|223 RUE DE COTTENCHY,exact_normalise,1,apparie,False,1518.878788,1518.878788,100246,66,36962,223 RUE DE COTTENCHY,Moyenne observée à l'adresse,Sans simulation,20.52538903,True,False,1404.478788,1404.478788,1227.691248,13.27691248,False,7,False
2380E1908974G,7538,2023,2023-06-08,etablissement,2026-01-02,True,conso_enedis_kwh,conso_enedis_kwh:simulation_locale_graine_fixe,Appartement,D,B,40 LEDIEN,40 Rue Ledien 80100 Abbeville,40 Rue Ledien,Abbeville,80100,80001,80,40 RUE LEDIEN,50.5,50.5,6520.4,12388.7,Électricité,True,Électricité,6105.5,414.9,True,6520.4,total_EF_logement_tout_electrique,False,129.1168317,245.3207921,9.714851485,490.6,1120,1120,1989-2000,1997,1997,1.827343996,50.10953903,adresse non géocodée ban car aucune correspondance trouvée,0.68,False,80001|40 RUE LEDIEN,aucun,0,adresse_absente_ou_incomplete,True,2547.412048,,,,,Non appariée,Simulation pédagogique locale,commune : médiane + surface/énergie + aléa,50.44380293,True,False,-3972.987952,3972.987952,-60.9316599,0.390683401,True,2,False
2380E1909221T,6581,2023,2023-06-08,etablissement,2026-01-02,True,Aucun,Aucune,Appartement,D,B,44 LEDIEN,44 Rue Ledien 80100 Abbeville,44 Rue Ledien,Abbeville,80100,80001,80,44 RUE LEDIEN,61.6,61.6,7925.7,15058.8,Électricité,True,Électricité,7419.7,506,True,7925.7,total_EF_logement_tout_electrique,False,128.663961,244.461039,9.724025974,599,1341.1,1341.1,1989-2000,1997,1997,1.82765994,50.10965899,adresse non géocodée ban car aucune correspondance trouvée,0.68,False,80001|44 RUE LEDIEN,exact_normalise,1,apparie,False,3802.833333,3802.833333,45634,12,646,44 RUE LEDIEN,Moyenne observée à l'adresse,Sans simulation,61.73430736,True,False,-4122.866667,4122.866667,-52.01895942,0.4798104058,False,2,False
2380E1909281B,7167,2023,2023-06-08,etablissement,2026-01-02,True,conso_enedis_kwh,conso_enedis_kwh:simulation_locale_graine_fixe,Appartement,D,B,40 LEDIEN,40 Rue Ledien 80100 Abbeville,40 Rue Ledien,Abbeville,80100,80001,80,40 RUE LEDIEN,64,64,6809.7,12938.4,Électricité,True,Électricité,6284.1,525.6,True,6809.7,total_EF_logement_tout_electrique,False,106.4015625,202.1625,7.9734375,510.3,1165.5,1165.5,1989-2000,1997,1997,1.827343996,50.10953903,adresse non géocodée ban car aucune correspondance trouvée,0.68,False,80001|40 RUE LEDIEN,aucun,0,adresse_absente_ou_incomplete,True,2547.412048,,,,,Non appariée,Simulation pédagogique locale,commune : médiane + surface/énergie + aléa,39.80331325,True,False,-4262.287952,4262.287952,-62.59142035,0.3740857965,True,2,False
2380E1909296Q,9444,2023,2023-06-08,etablissement,2026-01-02,True,Aucun,Aucune,Appartement,D,B,44 LEDIEN,44 Rue Ledien 80100 Abbeville,44 Rue Ledien,Abbeville,80100,80001,80,44 RUE LEDIEN,61.6,61.6,6573.5,12489.7,Électricité,True,Électricité,6067.8,505.7,True,6573.5,total_EF_logement_tout_electrique,False,106.7126623,202.7548701,7.99025974,492.2,1128.3,1128.3,1989-2000,1997,1997,1.82765994,50.10965899,adresse non géocodée ban car aucune correspondance trouvée,0.68,False,80001|44 RUE LEDIEN,exact_normalise,1,apparie,False,3802.833333,3802.833333,45634,12,646,44 RUE LEDIEN,Moyenne observée à l'adresse,Sans simulation,61.73430736,True,False,-2770.666667,2770.666667,-42.14903273,0.5785096727,False,2,False
2380E1909324S,3496,2023,2023-06-08,etablissement,2026-01-02,True,conso_enedis_kwh,conso_enedis_kwh:simulation_locale_graine_fixe,Appartement,D,B,42 LEDIEN,42 Rue Ledien 80100 Abbeville,42 Rue Ledien,Abbeville,80100,80001,80,42 RUE LEDIEN,74.8,74.8,9527.3,18101.8,Électricité,True,Électricité,8911.8,615.5,True,9527.3,total_EF_logement_tout_electrique,False,127.3703209,242.0026738,9.659090909,722.5,1593.1,1593.1,1989-2000,1997,1997,1.827376052,50.10954796,adresse non géocodée ban car aucune correspondance trouvée,0.68,False,80001|42 RUE LEDIEN,aucun,0,adresse_absente_ou_incomplete,True,3836.663274,,,,,Non appariée,Simulation pédagogique locale,commune : médiane + surface/énergie + aléa,51.29228976,True,False,-5690.636726,5690.636726,-59.72979465,0.4027020535,True,1,False
2380E2152865R,8817,2023,2023-06-27,etablissement,2026-01-08,True,conso_enedis_kwh,conso_enedis_kwh:simulation_locale_graine_fixe,Maison,D,D,22 Rue des Platanes,22 Rue des Platanes 80400 Ham,22 Rue des Platanes,Ham,80400,80410,80,22 RUE DES PLATANES,70,70,11196.1,12003.9,Gaz naturel + Électricité,False,Gaz / GPL,897.6,0,False,897.6,somme_des_seules_energies_electriques_EF,False,12.82285714,171.4842857,34.02,2381.4,1163,1163,1948-1974,1974,1974,3.073994021,49.75455604,adresse non géocodée ban car aucune correspondance trouvée,0.78,False,80410|22 RUE DES PLATANES,aucun,0,adresse_absente_ou_incomplete,True,1768.115082,,,,,Non appariée,Simulation pédagogique locale,département : médiane + surface/énergie + aléa,25.25878688,True,False,870.5150819,870.5150819,96.98251803,1.96982518,True,1,False
2380E3049114U,1301,2023,2023-09-13,etablissement,2026-01-09,True,conso_enedis_kwh,conso_enedis_kwh:simulation_locale_graine_fixe,Appartement,E,E,30 des Iris,30 Rue des Iris 80780 Saint-Léger-lès-Domart,30 Rue des Iris,Saint-Léger-lès-Domart,80780,80706,80,30 RUE DES IRIS,47.8,47.8,12165.9,12831.6,Gaz naturel + Électricité,False,Gaz / GPL,114.4,625.3,True,114.4,somme_des_seules_energies_electriques_EF,False,2.393305439,268.4435146,55.26150628,2641.5,1191,1191,2006-2012,2006,2006,2.132855948,50.04722304,adresse non géocodée ban car aucune correspondance trouvée,0.73,False,80706|30 RUE DES IRIS,aucun,0,adresse_absente_ou_incomplete,True,1354.787198,,,,,Non appariée,Simulation pédagogique locale,département : médiane + surface/énergie + aléa,28.3428284,True,False,1240.387198,1240.387198,1084.254543,11.84254543,True,1,False
2380E3357305H,5697,2023,2023-10-06,etablissement,2026-01-09,True,adresse;conso_enedis_kwh,adresse:reconstruction_adresse_brute;conso_enedis_kwh:simulation_locale_graine_fixe,Appartement,C,C,39 Marc Siberchicot,Allée Marc Siberchicot 80480 Pont-de-Metz,39 Marc Siberchicot,Pont-de-Metz,80480,80632,80,39 MARC SIBERCHICOT,91.4,91.4,6486,6957.7,Gaz naturel + Électricité,False,Gaz / GPL,76.6,447.5,True,76.6,somme_des_seules_energies_electriques_EF,False,0.8380743982,76.12363239,15.18380744,1387.8,771.5,771.5,après 2021,2020,2020,2.256003044,49.87864802,adresse non géocodée ban car aucune correspondance trouvée,0.66,False,80632|39 MARC SIBERCHICOT,aucun,0,adresse_absente_ou_incomplete,True,1578.0413,,,,,Non appariée,Simulation pédagogique locale,département : médiane + surface/énergie + aléa,17.2652221,True,False,1501.4413,1501.4413,1960.106136,20.60106136,True,1,False
2380E3357320W,3043,2023,2023-10-06,etablissement,2026-01-09,True,adresse;conso_enedis_kwh,adresse:reconstruction_adresse_brute;conso_enedis_kwh:simulation_locale_graine_fixe,Appartement,C,C,40 Marc Siberchicot,Allée Marc Siberchicot 80480 Pont-de-Metz,40 Marc Siberchicot,Pont-de-Metz,80480,80632,80,40 MARC SIBERCHICOT,82.7,82.7,5017.3,5426,Gaz naturel + Électricité,False,Gaz / GPL,63.4,390.7,True,63.4,somme_des_seules_energies_electriques_EF,False,0.7666263603,65.61064087,12.88633615,1065.7,639.2,639.2,après 2021,2020,2020,2.256003044,49.87864802,adresse non géocodée ban car aucune correspondance trouvée,0.66,False,80632|40 MARC SIBERCHICOT,aucun,0,adresse_absente_ou_incomplete,True,1502.511313,,,,,Non appariée,Simulation pédagogique locale,département : médiane + surface/énergie + aléa,18.16821418,True,False,1439.111313,1439.111313,2269.89166,23.6989166,True,1,False
2380E3376537Z,1643,2023,2023-10-09,etablissement,2026-01-08,True,Aucun,Aucune,Appartement,D,D,24 des Platanes,24 Rue des Platanes 80400 Ham,24 Rue des Platanes,Ham,80400,80410,80,24 RUE DES PLATANES,49.4,49.4,8398.3,8808.8,Gaz naturel + Électricité,False,Gaz / GPL,57.3,398.8,True,57.3,somme_des_seules_energies_electriques_EF,False,1.159919028,178.3157895,37.0951417,1832.5,881.2,881.2,1975-1977,1976,1976,3.073983005,49.75441804,adresse non géocodée ban car aucune correspondance trouvée,0.67,False,80410|24 RUE DES PLATANES,exact_normalise,1,apparie,False,1450.541667,1450.541667,34813,24,709644,24 RUE DES PLATANES,Moyenne observée à l'adresse,Sans simulation,29.36319163,True,False,1393.241667,1393.241667,2431.486329,25.31486329,False,2,False
2380E3376883H,2902,2023,2023-10-09,etablissement,2026-01-08,True,Aucun,Aucune,Appartement,D,D,24 des Platanes,24 Rue des Platanes 80400 Ham,24 Rue des Platanes,Ham,80400,80410,80,24 RUE DES PLATANES,49.4,49.4,10336.2,10776.1,Gaz naturel + Électricité,False,Gaz / GPL,66.8,422.1,True,66.8,somme_des_seules_energies_electriques_EF,False,1.352226721,218.1396761,45.89271255,2267.1,1015.1,1015.1,1975-1977,1976,1976,3.073983005,49.75441804,adresse non géocodée ban car aucune correspondance trouvée,0.67,False,80410|24 RUE DES PLATANES,exact_normalise,1,apparie,False,1450.541667,1450.541667,34813,24,709644,24 RUE DES PLATANES,Moyenne observée à l'adresse,Sans simulation,29.36319163,True,False,1383.741667,1383.741667,2071.469561,21.71469561,False,2,False
2380E3434022Y,7193,2023,2023-08-18,etablissement,2026-01-02,True,Aucun,Aucune,Appartement,C,C,25 Rue des Drapiers,25 Rue des Drapiers 80100 Abbeville,25 Rue des Drapiers,Abbeville,80100,80001,80,25 RUE DES DRAPIERS,78,78,10282.2,11083.2,Gaz naturel + Électricité,False,Gaz / GPL,107.7,782.4,True,107.7,somme_des_seules_energies_electriques_EF,False,1.380769231,142.0923077,28.07307692,2189.7,1101.8,1101.8,1983-1988,1986,1986,1.821633036,50.11093303,adresse non géocodée ban car aucune correspondance trouvée,0.8,False,80001|25 RUE DES DRAPIERS,exact_normalise,1,apparie,False,1699.75,1699.75,61191,36,284,25 RUE DES DRAPIERS,Moyenne observée à l'adresse,Sans simulation,21.79166667,True,False,1592.05,1592.05,1478.226555,15.78226555,False,6,False
2380E3434763L,5947,2023,2023-08-18,etablissement,2026-01-02,True,Aucun,Aucune,Appartement,C,C,25 Rue des Drapiers,25 Rue des Drapiers 80100 Abbeville,25 Rue des Drapiers,Abbeville,80100,80001,80,25 RUE DES DRAPIERS,49,49,6419.8,6910.9,Gaz naturel + Électricité,False,Gaz / GPL,63.8,481.9,True,63.8,somme_des_seules_energies_electriques_EF,False,1.302040816,141.0387755,27.93469388,1368.8,772,772,1983-1988,1986,1986,1.821633036,50.11093303,adresse non géocodée ban car aucune correspondance trouvée,0.8,False,80001|25 RUE DES DRAPIERS,exact_normalise,1,apparie,False,1699.75,1699.75,61191,36,284,25 RUE DES DRAPIERS,Moyenne observée à l'adresse,Sans simulation,34.68877551,True,False,1635.95,1635.95,2564.184953,26.64184953,False,6,False
2380E3435059V,2947,2023,2023-08-18,etablissement,2026-01-02,True,Aucun,Aucune,Appartement,C,C,25 Rue des Drapiers,25 Rue des Drapiers 80100 Abbeville,25 Rue des Drapiers,Abbeville,80100,80001,80,25 RUE DES DRAPIERS,54,54,6231,6751.8,Gaz naturel + Électricité,False,Gaz / GPL,63.7,514.9,True,63.7,somme_des_seules_energies_electriques_EF,False,1.17962963,125.0333333,24.45555556,1320.6,767.1,767.1,1983-1988,1986,1986,1.821633036,50.11093303,adresse non géocodée ban car aucune correspondance trouvée,0.8,False,80001|25 RUE DES DRAPIERS,exact_normalise,1,apparie,False,1699.75,1699.75,61191,36,284,25 RUE DES DRAPIERS,Moyenne observée à l'adresse,Sans simulation,31.47685185,True,False,1636.05,1636.05,2568.367347,26.68367347,False,6,False
2380E3435633X,9087,2023,2023-08-18,etablissement,2026-01-02,True,Aucun,Aucune,Appartement,C,C,25 Rue des Drapiers,25 Rue des Drapiers 80100 Abbeville,25 Rue des Drapiers,Abbeville,80100,80001,80,25 RUE DES DRAPIERS,89,89,10702.1,11592.1,Gaz naturel + Électricité,False,Gaz / GPL,115.2,873.8,True,115.2,somme_des_seules_energies_electriques_EF,False,1.294382022,130.2483146,25.49438202,2269,1151.4,1151.4,1983-1988,1986,1986,1.821633036,50.11093303,adresse non géocodée ban car aucune correspondance trouvée,0.8,False,80001|25 RUE DES DRAPIERS,exact_normalise,1,apparie,False,1699.75,1699.75,61191,36,284,25 RUE DES DRAPIERS,Moyenne observée à l'adresse,Sans simulation,19.09831461,True,False,1584.55,1584.55,1375.477431,14.75477431,False,6,False
2380E3435786U,6601,2023,2023-08-18,etablissement,2026-01-02,True,Aucun,Aucune,Appartement,C,C,25 Rue des Drapiers,25 Rue des Drapiers 80100 Abbeville,25 Rue des Drapiers,Abbeville,80100,80001,80,25 RUE DES DRAPIERS,85,85,10727.2,11589.7,Gaz naturel + Électricité,False,Gaz / GPL,114.1,844.3,True,114.1,somme_des_seules_energies_electriques_EF,False,1.342352941,136.3494118,26.82,2279.7,1146.2,1146.2,1983-1988,1986,1986,1.821633036,50.11093303,adresse non géocodée ban car aucune correspondance trouvée,0.8,False,80001|25 RUE DES DRAPIERS,exact_normalise,1,apparie,False,1699.75,1699.75,61191,36,284,25 RUE DES DRAPIERS,Moyenne observée à l'adresse,Sans simulation,19.99705882,True,False,1585.65,1585.65,1389.702016,14.89702016,False,6,False
2380E3436034I,7392,2023,2023-08-18,etablissement,2026-01-02,True,Aucun,Aucune,Appartement,C,C,25 Rue des Drapiers,25 Rue des Drapiers 80100 Abbeville,25 Rue des Drapiers,Abbeville,80100,80001,80,25 RUE DES DRAPIERS,75,75,9539.8,10299.2,Gaz naturel + Électricité,False,Gaz / GPL,100.1,743.8,True,100.1,somme_des_seules_energies_electriques_EF,False,1.334666667,137.3226667,27.04933333,2028.7,1042.9,1042.9,1983-1988,1986,1986,1.821633036,50.11093303,adresse non géocodée ban car aucune correspondance trouvée,0.8,False,80001|25 RUE DES DRAPIERS,exact_normalise,1,apparie,False,1699.75,1699.75,61191,36,284,25 RUE DES DRAPIERS,Moyenne observée à l'adresse,Sans simulation,22.66333333,True,False,1599.65,1599.65,1598.051948,16.98051948,False,6,False
2380E3468021P,7936,2023,2023-10-16,etablissement,2026-01-02,True,conso_enedis_kwh,conso_enedis_kwh:simulation_locale_graine_fixe,Appartement,D,B,53 Résidence du Prince Noir,53 Résidence du Prince Noir 80090 Amiens,53 Résidence du Prince Noir,Amiens,80090,80021,80,53 RESIDENCE DU PRINCE NOIR,72,72,9283.9,17639.4,Électricité,True,Électricité,8692.1,591.8,True,9283.9,total_EF_logement_tout_electrique,False,128.9430556,244.9916667,9.669444444,696.2,1554.8,1554.8,1989-2000,1996,1996,2.326437061,49.87987096,adresse non géocodée ban car aucune correspondance trouvée,0.82,False,80021|53 RESIDENCE DU PRINCE NOIR,aucun,0,adresse_absente_ou_incomplete,True,2119.880155,,,,,Non appariée,Simulation pédagogique locale,commune : médiane + surface/énergie + aléa,29.44277992,True,False,-7164.019845,7164.019845,-77.16606001,0.2283393999,True,1,False
2380E3486676C,6575,2023,2023-10-09,etablissement,2026-01-02,True,conso_enedis_kwh,conso_enedis_kwh:simulation_locale_graine_fixe,Appartement,D,B,46 Résidence du Prince Noir,46 Résidence du Prince Noir 80090 Amiens,46 Résidence du Prince Noir,Amiens,80090,80021,80,46 RESIDENCE DU PRINCE NOIR,94.6,94.6,10261.4,19496.6,Électricité,True,Électricité,9483.2,778.2,True,10261.4,total_EF_logement_tout_electrique,False,108.4714588,206.0951374,8.098308668,766.1,1708.6,1708.6,1989-2000,1996,1996,2.325966052,49.879281,adresse non géocodée ban car aucune correspondance trouvée,0.82,False,80021|46 RESIDENCE DU PRINCE NOIR,aucun,0,adresse_absente_ou_incomplete,True,3750.81032,,,,,Non appariée,Simulation pédagogique locale,commune : médiane + surface/énergie + aléa,39.64915772,True,False,-6510.58968,6510.58968,-63.44738223,0.3655261777,True,1,False
2380E3486699Z,2229,2023,2023-10-09,etablissement,2026-01-02,True,conso_enedis_kwh,conso_enedis_kwh:simulation_locale_graine_fixe,Appartement,D,B,50 Résidence du Prince Noir,50 Résidence du Prince Noir 80090 Amiens,50 Résidence du Prince Noir,Amiens,80090,80021,80,50 RESIDENCE DU PRINCE NOIR,85.1,85.1,9240,17555.9,Électricité,True,Électricité,8539.9,700.1,True,9240,total_EF_logement_tout_electrique,False,108.5781434,206.2972973,8.091656874,688.6,1547.9,1547.9,1989-2000,1996,1996,2.325948977,49.87945798,adresse non géocodée ban car aucune correspondance trouvée,0.82,False,80021|50 RESIDENCE DU PRINCE NOIR,aucun,0,adresse_absente_ou_incomplete,True,3804.320978,,,,,Non appariée,Simulation pédagogique locale,commune : médiane + surface/énergie + aléa,44.7041243,True,False,-5435.679022,5435.679022,-58.82769504,0.4117230496,True,1,False
2380E3489976A,5094,2023,2023-10-17,etablissement,2026-01-02,True,conso_enedis_kwh,conso_enedis_kwh:simulation_locale_graine_fixe,Appartement,D,B,41 Résidence du Prince Noir,41 Résidence du Prince Noir 80090 Amiens,41 Résidence du Prince Noir,Amiens,80090,80021,80,41 RESIDENCE DU PRINCE NOIR,85.7,85.7,9964.3,18932.1,Électricité,True,Électricité,9259.4,704.9,True,9964.3,total_EF_logement_tout_electrique,False,116.2695449,220.9113186,8.700116686,745.6,1661.9,1661.9,1989-2000,1996,1996,2.325720033,49.87951897,adresse non géocodée ban car aucune correspondance trouvée,0.82,False,80021|41 RESIDENCE DU PRINCE NOIR,aucun,0,adresse_absente_ou_incomplete,True,3771.837027,,,,,Non appariée,Simulation pédagogique locale,commune : médiane + surface/énergie + aléa,44.01210067,True,False,-6192.462973,6192.462973,-62.1464927,0.378535073,True,1,False
2380E3493978Y,8192,2023,2023-10-17,etablissement,2026-01-02,True,conso_enedis_kwh,conso_enedis_kwh:simulation_locale_graine_fixe,Appartement,C,A,18 Résidence du Prince Noir,18 Résidence du Prince Noir 80090 Amiens,18 Résidence du Prince Noir,Amiens,80090,80021,80,18 RESIDENCE DU PRINCE NOIR,67.2,67.2,5463.6,10380.9,Électricité,True,Électricité,4912.1,551.5,True,5463.6,total_EF_logement_tout_electrique,False,81.30357143,154.4776786,5.854166667,393.4,953.7,953.7,1989-2000,1996,1996,2.325590033,49.87870999,adresse non géocodée ban car aucune correspondance trouvée,0.82,False,80021|18 RESIDENCE DU PRINCE NOIR,aucun,0,adresse_absente_ou_incomplete,True,2870.481169,,,,,Non appariée,Simulation pédagogique locale,commune : médiane + surface/énergie + aléa,42.71549358,True,False,-2593.118831,2593.118831,-47.46172544,0.5253827456,True,1,False
2380E3656445R,2195,2023,2023-10-27,etablissement,2026-01-02,True,conso_enedis_kwh,conso_enedis_kwh:simulation_locale_graine_fixe,Appartement,C,C,14 Passage Sandrine,14 Passage Sandrine 80000 Amiens,14 Passage Sandrine,Amiens,80000,80021,80,14 PASSAGE SANDRINE,65,65,8543.2,8993.6,Gaz naturel + Électricité,False,Gaz / GPL,500.4,0,False,500.4,somme_des_seules_energies_electriques_EF,False,7.698461538,138.3630769,28,1820,902,902,1983-1988,1987,1987,2.303258948,49.90023901,adresse non géocodée ban car aucune correspondance trouvée,0.8,False,80021|14 PASSAGE SANDRINE,aucun,0,adresse_absente_ou_incomplete,True,1730.900163,,,,,Non appariée,Simulation pédagogique locale,commune : médiane + surface/énergie + aléa,26.62923328,True,False,1230.500163,1230.500163,245.90331,3.4590331,True,1,False
2380E3657067P,6017,2023,2023-10-27,etablissement,2026-01-02,True,Aucun,Aucune,Appartement,E,E,Entrée 02 Rue Fernel,2 Rue Fernel 80000 Amiens,2 Rue Fernel,Amiens,80000,80021,80,2 RUE FERNEL,40.1,40.1,11786.1,12212.2,Gaz naturel + Électricité,False,Gaz / GPL,53.2,420.3,True,53.2,somme_des_seules_energies_electriques_EF,False,1.326683292,304.5436409,64.80299252,2598.6,1016.1,1016.1,1948-1974,1960,1960,2.300689014,49.89744904,adresse non géocodée ban car aucune correspondance trouvée,0.61,False,80021|2 RUE FERNEL,exact_normalise,1,apparie,False,850.4615385,850.4615385,11056,13,40662,2 RUE FERNEL,Moyenne observée à l'adresse,Sans simulation,21.20851717,True,False,797.2615385,797.2615385,1498.611914,15.98611914,False,1,False
2380E3657866I,3997,2023,2023-10-27,etablissement,2026-01-02,True,Aucun,Aucune,Appartement,E,E,Entrée 19 Rue Sint Leu,19 Rue Saint-Leu 80000 Amiens,19 Rue Saint-Leu,Amiens,80000,80021,80,19 RUE SAINT LEU,44.6,44.6,12514.7,12981.7,Gaz naturel + Électricité,False,Gaz / GPL,57,461.8,True,57,somme_des_seules_energies_electriques_EF,False,1.278026906,291.0695067,61.80941704,2756.7,1081.1,1081.1,1948-1974,1960,1960,2.300755044,49.89750197,adresse non géocodée ban car aucune correspondance trouvée,0.6,False,80021|19 RUE SAINT LEU,exact_normalise,1,apparie,False,1137,1137,11370,10,43577,19 RUE SAINT LEU,Moyenne observée à l'adresse,Sans simulation,25.49327354,True,False,1080,1080,1894.736842,19.94736842,False,1,False
2380E3683567V,1159,2023,2023-10-30,etablissement,2026-01-02,True,conso_enedis_kwh,conso_enedis_kwh:simulation_locale_graine_fixe,Appartement,C,C,"Entrée 01 -14,Rue du 08-mai-45",14 Rue du 08-mai-45 80090 Amiens,14 Rue du 08-mai-45,Amiens,80090,80021,80,14 RUE DU 08 MAI 45,34.9,34.9,4401.7,4725.4,Gaz naturel + Électricité,False,Gaz / GPL,37.1,322.6,True,37.1,somme_des_seules_energies_electriques_EF,False,1.063037249,135.3982808,26.95988539,940.9,553.8,553.8,1983-1988,1983,1983,2.309719034,49.87449303,adresse non géocodée ban car aucune correspondance trouvée,0.63,False,80021|14 RUE DU 08 MAI 45,aucun,0,adresse_absente_ou_incomplete,True,1822.464703,,,,,Non appariée,Simulation pédagogique locale,commune : médiane + surface/énergie + aléa,52.21961901,True,False,1785.364703,1785.364703,4812.303783,49.12303783,True,6,False
2380E3683631H,5598,2023,2023-10-30,etablissement,2026-01-02,True,conso_enedis_kwh,conso_enedis_kwh:simulation_locale_graine_fixe,Appartement,C,C,"Entrée 01 -14,Rue du 08-mai-45",14 Rue du 08-mai-45 80090 Amiens,14 Rue du 08-mai-45,Amiens,80090,80021,80,14 RUE DU 08 MAI 45,101.2,101.2,11188.7,12142.8,Gaz naturel + Électricité,False,Gaz / GPL,109,951.1,True,109,somme_des_seules_energies_electriques_EF,False,1.077075099,119.9881423,23.39920949,2368,1189.8,1189.8,1983-1988,1983,1983,2.309719034,49.87449303,adresse non géocodée ban car aucune correspondance trouvée,0.63,False,80021|14 RUE DU 08 MAI 45,aucun,0,adresse_absente_ou_incomplete,True,1822.464703,,,,,Non appariée,Simulation pédagogique locale,commune : médiane + surface/énergie + aléa,18.0085445,True,False,1713.464703,1713.464703,1571.985966,16.71985966,True,6,False
2380E3688818U,2022,2023,2023-10-31,etablissement,2026-01-02,True,Aucun,Aucune,Appartement,D,D,14 rue du 8 MAI 1945,14 Rue du 08-mai-45 80090 Amiens,14 Rue du 08-mai-45,Amiens,80090,80021,80,14 RUE DU 08 MAI 45,35.5,35.5,8266.1,8706.5,Gaz naturel + Électricité,False,Gaz / GPL,73.6,415.8,True,73.6,somme_des_seules_energies_electriques_EF,False,2.073239437,245.2535211,50.61971831,1797,880,880,1983-1988,1983,1983,2.309719034,49.87449303,adresse non géocodée ban car aucune correspondance trouvée,0.69,False,80021|14 RUE DU 8 MAI 1945,exact_adresse_brute,1,apparie,False,1299.345455,1299.345455,71464,55,39262,14 RUE DU 8 MAI 1945,Moyenne observée à l'adresse,Sans simulation,36.60128041,True,False,1225.745455,1225.745455,1665.41502,17.6541502,False,1,False
2380E3688819V,6753,2023,2023-10-31,etablissement,2026-01-02,True,conso_enedis_kwh,conso_enedis_kwh:simulation_locale_graine_fixe,Appartement,D,D,"Entrée 02 14, rue du 8 MAI 1945",14 Rue du 08-mai-45 80090 Amiens,14 Rue du 08-mai-45,Amiens,80090,80021,80,14 RUE DU 08 MAI 45,35.5,35.5,6538.5,6932.4,Gaz naturel + Électricité,False,Gaz / GPL,58.5,379.1,True,58.5,somme_des_seules_energies_electriques_EF,False,1.647887324,195.2788732,39.8084507,1413.2,755.5,755.5,1983-1988,1983,1983,2.309719034,49.87449303,adresse non géocodée ban car aucune correspondance trouvée,0.58,False,80021|14 RUE DU 08 MAI 45,aucun,0,adresse_absente_ou_incomplete,True,1822.464703,,,,,Non appariée,Simulation pédagogique locale,commune : médiane + surface/énergie + aléa,51.3370339,True,False,1763.964703,1763.964703,3015.324279,31.15324279,True,6,False
2380E3688844U,6235,2023,2023-10-31,etablissement,2026-01-02,True,conso_enedis_kwh,conso_enedis_kwh:simulation_locale_graine_fixe,Appartement,D,D,"Entrée 03 14, rue du 8 MAI 1945",14 Rue du 08-mai-45 80090 Amiens,14 Rue du 08-mai-45,Amiens,80090,80021,80,14 RUE DU 08 MAI 45,64.9,64.9,11666.5,12400.2,Gaz naturel + Électricité,False,Gaz / GPL,111.3,704,True,111.3,somme_des_seules_energies_electriques_EF,False,1.714946071,191.0662558,38.76733436,2516,1175.4,1175.4,1983-1988,1983,1983,2.309719034,49.87449303,adresse non géocodée ban car aucune correspondance trouvée,0.58,False,80021|14 RUE DU 08 MAI 45,aucun,0,adresse_absente_ou_incomplete,True,1822.464703,,,,,Non appariée,Simulation pédagogique locale,commune : médiane + surface/énergie + aléa,28.08112024,True,False,1711.164703,1711.164703,1537.434594,16.37434594,True,6,False
2380E3688845V,6637,2023,2023-10-31,etablissement,2026-01-02,True,conso_enedis_kwh,conso_enedis_kwh:simulation_locale_graine_fixe,Appartement,D,D,"Entrée 03 14, rue du 8 MAI 1945",14 Rue du 08-mai-45 80090 Amiens,14 Rue du 08-mai-45,Amiens,80090,80021,80,14 RUE DU 08 MAI 45,34.9,34.9,5151,5503.5,Gaz naturel + Électricité,False,Gaz / GPL,46.3,345.3,True,46.3,somme_des_seules_energies_electriques_EF,False,1.326647564,157.6934097,31.68481375,1105.8,642.9,642.9,1983-1988,1983,1983,2.309719034,49.87449303,adresse non géocodée ban car aucune correspondance trouvée,0.58,False,80021|14 RUE DU 08 MAI 45,aucun,0,adresse_absente_ou_incomplete,True,1822.464703,,,,,Non appariée,Simulation pédagogique locale,commune : médiane + surface/énergie + aléa,52.21961901,True,False,1776.164703,1776.164703,3836.208862,39.36208862,True,6,False
2380E3688848Y,2517,2023,2023-10-31,etablissement,2026-01-02,True,conso_enedis_kwh,conso_enedis_kwh:simulation_locale_graine_fixe,Appartement,D,D,"Entrée 03 14, rue du 8 MAI 1945",14 Rue du 08-mai-45 80090 Amiens,14 Rue du 08-mai-45,Amiens,80090,80021,80,14 RUE DU 08 MAI 45,52.7,52.7,8102.2,8655.1,Gaz naturel + Électricité,False,Gaz / GPL,76.5,537.9,True,76.5,somme_des_seules_energies_electriques_EF,False,1.451612903,164.2333966,33.00948767,1739.6,897.4,897.4,1983-1988,1983,1983,2.309719034,49.87449303,adresse non géocodée ban car aucune correspondance trouvée,0.58,False,80021|14 RUE DU 08 MAI 45,aucun,0,adresse_absente_ou_incomplete,True,1822.464703,,,,,Non appariée,Simulation pédagogique locale,commune : médiane + surface/énergie + aléa,34.58187293,True,False,1745.964703,1745.964703,2282.306802,23.82306802,True,6,False
2380E3710834O,8006,2023,2023-10-31,etablissement,2026-01-02,True,conso_enedis_kwh,conso_enedis_kwh:simulation_locale_graine_fixe,Appartement,C,C,16 Rue Jean Mermoz,16 Rue Jean Mermoz 80300 Albert,16 Rue Jean Mermoz,Albert,80300,80016,80,16 RUE JEAN MERMOZ,52.4,52.4,7213.4,7786.3,Gaz naturel + Électricité,False,Gaz / GPL,636.6,-9.094947018e-13,False,636.6,somme_des_seules_energies_electriques_EF,False,12.14885496,148.5935115,28.98282443,1518.7,845,845,2006-2012,2009,2009,2.651990061,49.99891898,adresse non géocodée ban car aucune correspondance trouvée,0.79,False,80016|16 RUE JEAN MERMOZ,aucun,0,adresse_absente_ou_incomplete,True,3325.172593,,,,,Non appariée,Simulation pédagogique locale,commune : médiane + surface/énergie + aléa,63.45749223,True,False,2688.572593,2688.572593,422.3331123,5.223331123,True,1,False
2380E4023660I,3552,2023,2023-11-24,etablissement,2026-01-08,True,conso_enedis_kwh,conso_enedis_kwh:simulation_locale_graine_fixe,Appartement,D,D,6bis Rue des Peupliers,6bis Rue des Peupliers 80400 Ham,6bis Rue des Peupliers,Ham,80400,80410,80,6 BIS RUE DES PEUPLIERS,55,55,9944.2,10510.4,Gaz naturel + Électricité,False,Gaz / GPL,629.1,0.1,False,629.1,somme_des_seules_energies_electriques_EF,False,11.43818182,191.0981818,39,2145,1020,1020,1983-1988,1983,1983,3.072610038,49.75565903,adresse non géocodée ban car aucune correspondance trouvée,0.79,False,80410|6 BIS RUE DES PEUPLIERS,aucun,0,adresse_absente_ou_incomplete,True,2134.768666,,,,,Non appariée,Simulation pédagogique locale,département : médiane + surface/énergie + aléa,38.81397574,True,False,1505.668666,1505.668666,239.3369362,3.393369362,True,1,False
2380E4040916A,3927,2023,2023-11-27,etablissement,2026-01-02,True,conso_enedis_kwh,conso_enedis_kwh:simulation_locale_graine_fixe,Appartement,D,D,477 Avenue du 14 Juillet 1789,477 Avenue du 14 Juillet 1789 80000 Amiens,477 Avenue du 14 Juillet 1789,Amiens,80000,80021,80,477 AVENUE DU 14 JUILLET 1789,67,67,10915.4,11199.2,Gaz naturel + Électricité,False,Gaz / GPL,315.3,0,False,315.3,somme_des_seules_energies_electriques_EF,False,4.705970149,167.1522388,36,2412,1013,1013,1983-1988,1983,1983,2.283530967,49.87894298,adresse non géocodée ban car aucune correspondance trouvée,0.83,False,80021|477 AVENUE DU 14 JUILLET 1789,aucun,0,adresse_absente_ou_incomplete,True,1716.81217,,,,,Non appariée,Simulation pédagogique locale,commune : médiane + surface/énergie + aléa,25.62406223,True,False,1401.51217,1401.51217,444.5011638,5.445011638,True,1,False
2380E4248952K,1189,2023,2023-12-11,etablissement,2026-01-02,True,conso_enedis_kwh,conso_enedis_kwh:simulation_locale_graine_fixe,Appartement,C,C,4B Rue Pierre Brossolette,4b Rue Pierre Brossolette 80470 Ailly-sur-Somme,4b Rue Pierre Brossolette,Ailly-sur-Somme,80470,80011,80,4 B RUE PIERRE BROSSOLETTE,72.6,72.6,5968.4,6665.6,Gaz naturel + Électricité,False,Gaz / GPL,97.3,677.2,True,97.3,somme_des_seules_energies_electriques_EF,False,1.340220386,91.81267218,16.93250689,1229.3,794,794,2001-2005,2002,2002,2.19918997,49.92797902,adresse non géocodée ban car aucune correspondance trouvée,0.82,False,80011|4 B RUE PIERRE BROSSOLETTE,aucun,0,adresse_absente_ou_incomplete,True,1760.745805,,,,,Non appariée,Simulation pédagogique locale,département : médiane + surface/énergie + aléa,24.25269705,True,False,1663.445805,1663.445805,1709.605144,18.09605144,True,1,False
2380E4366555P,3723,2023,2023-12-18,etablissement,2026-01-02,True,conso_enedis_kwh,conso_enedis_kwh:simulation_locale_graine_fixe,Appartement,C,C,02 Rue Christian Laurent,2 Rue Christian Laurent 80270 Airaines,2 Rue Christian Laurent,Airaines,80270,80013,80,2 RUE CHRISTIAN LAURENT,89,89,9927.8,10735.1,Gaz naturel + Électricité,False,Gaz / GPL,104.1,792.8,True,104.1,somme_des_seules_energies_electriques_EF,False,1.169662921,120.6191011,23.68876404,2108.3,1080.2,1080.2,1948-1974,1963,1963,1.94553804,49.96282302,adresse non géocodée ban car aucune correspondance trouvée,0.78,False,80013|2 RUE CHRISTIAN LAURENT,aucun,0,adresse_absente_ou_incomplete,True,3735.602155,,,,,Non appariée,Simulation pédagogique locale,commune : médiane + surface/énergie + aléa,41.97305792,True,False,3631.502155,3631.502155,3488.474692,35.88474692,True,1,False
2380E4402273J,8358,2023,2023-12-14,etablissement,2026-01-09,True,conso_enedis_kwh,conso_enedis_kwh:simulation_locale_graine_fixe,Maison,C,B,3 Jean Giono,3 Rue Jean Giono 80480 Salouël,3 Rue Jean Giono,Salouël,80480,80725,80,3 RUE JEAN GIONO,63.3,63.3,5935.7,11277.8,Électricité,True,Électricité,5935.7,0,False,5935.7,total_EF_logement_tout_electrique,False,93.77093207,178.164297,6,379.8,1029,1029,1989-2000,1991,1991,2.256636997,49.86703399,adresse non géocodée ban car aucune correspondance trouvée,0.67,False,80725|3 RUE JEAN GIONO,aucun,0,adresse_absente_ou_incomplete,True,4320.605415,,,,,Non appariée,Simulation pédagogique locale,département : médiane + surface/énergie + aléa,68.25600971,True,False,-1615.094585,1615.094585,-27.20984189,0.7279015811,True,1,False
2380E4402553D,5770,2023,2023-12-14,etablissement,2026-01-09,True,conso_enedis_kwh,conso_enedis_kwh:simulation_locale_graine_fixe,Maison,D,B,2 Marcel Pagnol,2 Rue Marcel Pagnol 80480 Salouël,2 Rue Marcel Pagnol,Salouël,80480,80725,80,2 RUE MARCEL PAGNOL,63.7,63.7,7048.7,13392.5,Électricité,True,Électricité,7048.7,0,False,7048.7,total_EF_logement_tout_electrique,False,110.6546311,210.2433281,8,509.6,1203,1203,1989-2000,1991,1991,2.256868034,49.86731803,adresse non géocodée ban car aucune correspondance trouvée,0.69,False,80725|2 RUE MARCEL PAGNOL,aucun,0,adresse_absente_ou_incomplete,True,2529.4106,,,,,Non appariée,Simulation pédagogique locale,département : médiane + surface/énergie + aléa,39.70817269,True,False,-4519.2894,4519.2894,-64.11521841,0.3588478159,True,1,False
2380E4418138O,8402,2023,2023-12-20,etablissement,2026-01-02,True,conso_enedis_kwh,conso_enedis_kwh:simulation_locale_graine_fixe,Appartement,C,C,5 Rue Paul Langevin,5 Rue Paul Langevin 80270 Airaines,5 Rue Paul Langevin,Airaines,80270,80013,80,5 RUE PAUL LANGEVIN,69,69,8836.8,9499.7,Gaz naturel + Électricité,False,Gaz / GPL,736.5,0,False,736.5,somme_des_seules_energies_electriques_EF,False,10.67391304,137.6768116,27,1863,974,974,1948-1974,1971,1971,1.952588931,49.96627303,adresse non géocodée ban car aucune correspondance trouvée,0.79,False,80013|5 RUE PAUL LANGEVIN,aucun,0,adresse_absente_ou_incomplete,True,3400.639268,,,,,Non appariée,Simulation pédagogique locale,commune : médiane + surface/énergie + aléa,49.28462708,True,False,2664.139268,2664.139268,361.7297038,4.617297038,True,1,False
2380E4428817H,5403,2023,2023-12-21,etablissement,2026-01-02,True,conso_enedis_kwh,conso_enedis_kwh:simulation_locale_graine_fixe,Appartement,C,C,35 Rue Paul Langevin,35 Rue Paul Langevin 80270 Airaines,35 Rue Paul Langevin,Airaines,80270,80013,80,35 RUE PAUL LANGEVIN,69,69,8935.6,9595.6,Gaz naturel + Électricité,False,Gaz / GPL,91.7,641.5,True,91.7,somme_des_seules_energies_electriques_EF,False,1.328985507,139.0666667,27.67391304,1909.5,978.6,978.6,1948-1974,1971,1971,1.954108938,49.96519304,adresse non géocodée ban car aucune correspondance trouvée,0.79,False,80013|35 RUE PAUL LANGEVIN,aucun,0,adresse_absente_ou_incomplete,True,2080.945677,,,,,Non appariée,Simulation pédagogique locale,commune : médiane + surface/énergie + aléa,30.158633,True,False,1989.245677,1989.245677,2169.297357,22.69297357,True,1,False
2380E4436013B,3232,2023,2023-12-21,etablissement,2026-01-02,True,conso_enedis_kwh,conso_enedis_kwh:simulation_locale_graine_fixe,Appartement,C,C,20 Rue Paul Langevin,20 Rue Paul Langevin 80270 Airaines,20 Rue Paul Langevin,Airaines,80270,80013,80,20 RUE PAUL LANGEVIN,94,94,9831.3,10774.1,Gaz naturel + Électricité,False,Gaz / GPL,104.2,943.4,True,104.2,somme_des_seules_energies_electriques_EF,False,1.108510638,114.6180851,21.93404255,2061.8,1100.2,1100.2,1948-1974,1971,1971,1.953403971,49.96490197,adresse non géocodée ban car aucune correspondance trouvée,0.79,False,80013|20 RUE PAUL LANGEVIN,aucun,0,adresse_absente_ou_incomplete,True,3627.550696,,,,,Non appariée,Simulation pédagogique locale,commune : médiane + surface/énergie + aléa,38.59096485,True,False,3523.350696,3523.350696,3381.334641,34.81334641,True,1,False
2380E4491660I,1120,2023,2023-12-22,etablissement,2026-01-02,True,Aucun,Aucune,Appartement,C,B,14 Quai de la Pointe,14 Quai de la Pointe 80100 Abbeville,14 Quai de la Pointe,Abbeville,80100,80001,80,14 QUAI DE LA POINTE,62.4,62.4,5473.5,10399.6,Électricité,True,Électricité,5082.4,391.1,True,5473.5,total_EF_logement_tout_electrique,False,87.71634615,166.6602564,6.411858974,400.1,955.3,955.3,1989-2000,1996,1996,1.825661997,50.10969702,adresse non géocodée ban car aucune correspondance trouvée,0.81,False,80001|14 QUAI DE LA POINTE,exact_normalise,1,apparie,False,5435.057692,5435.057692,282623,52,118,14 QUAI DE LA POINTE,Moyenne observée à l'adresse,Sans simulation,87.10028353,True,False,-38.44230769,38.44230769,-0.7023350268,0.9929766497,False,4,False
2380E4528531L,27,2023,2023-12-22,etablissement,2026-01-02,True,Aucun,Aucune,Appartement,D,B,14 Quai de la Pointe,14 Quai de la Pointe 80100 Abbeville,14 Quai de la Pointe,Abbeville,80100,80001,80,14 QUAI DE LA POINTE,78,78,9634.5,18305.5,Électricité,True,Électricité,9129.7,504.8,True,9634.5,total_EF_logement_tout_electrique,False,123.5192308,234.6858974,9.262820513,722.5,1610,1610,1989-2000,1996,1996,1.825661997,50.10969702,adresse non géocodée ban car aucune correspondance trouvée,0.81,False,80001|14 QUAI DE LA POINTE,exact_normalise,1,apparie,False,5435.057692,5435.057692,282623,52,118,14 QUAI DE LA POINTE,Moyenne observée à l'adresse,Sans simulation,69.68022682,True,False,-4199.442308,4199.442308,-43.58754795,0.5641245205,False,4,False
2380E4528544Y,2488,2023,2023-12-22,etablissement,2026-01-02,True,Aucun,Aucune,Appartement,C,B,14 Quai de la Pointe,14 Quai de la Pointe 80100 Abbeville,14 Quai de la Pointe,Abbeville,80100,80001,80,14 QUAI DE LA POINTE,65.2,65.2,5985.8,11373.1,Électricité,True,Électricité,5564.6,421.2,True,5985.8,total_EF_logement_tout_electrique,False,91.80674847,174.4340491,6.72392638,438.4,1035.9,1035.9,1989-2000,1996,1996,1.825661997,50.10969702,adresse non géocodée ban car aucune correspondance trouvée,0.81,False,80001|14 QUAI DE LA POINTE,exact_normalise,1,apparie,False,5435.057692,5435.057692,282623,52,118,14 QUAI DE LA POINTE,Moyenne observée à l'adresse,Sans simulation,83.35978056,True,False,-550.7423077,550.7423077,-9.200813721,0.9079918628,False,4,False
2380E4528582K,1180,2023,2023-12-22,etablissement,2026-01-02,True,Aucun,Aucune,Appartement,D,B,14 Quai de la Pointe,14 Quai de la Pointe 80100 Abbeville,14 Quai de la Pointe,Abbeville,80100,80001,80,14 QUAI DE LA POINTE,62.4,62.4,6493.3,12337.2,Électricité,True,Électricité,6089.9,403.4,True,6493.3,total_EF_logement_tout_electrique,False,104.0592949,197.7115385,7.684294872,479.5,1115.7,1115.7,1989-2000,1996,1996,1.825661997,50.10969702,adresse non géocodée ban car aucune correspondance trouvée,0.81,False,80001|14 QUAI DE LA POINTE,exact_normalise,1,apparie,False,5435.057692,5435.057692,282623,52,118,14 QUAI DE LA POINTE,Moyenne observée à l'adresse,Sans simulation,87.10028353,True,False,-1058.242308,1058.242308,-16.2974498,0.837025502,False,4,False
2381E0364376R,6360,2023,2023-02-03,etablissement,2026-01-07,True,conso_enedis_kwh,conso_enedis_kwh:simulation_locale_graine_fixe,Appartement,D,B,centre d'hébergement Le martinet,Allée du Martinet 81100 Castres,Allée du Martinet,Castres,81100,81065,81,ALLEE DU MARTINET,16.7,16.7,2433.4,4623.4,Électricité,True,Électricité,2433.4,0,False,2433.4,total_EF_logement_tout_electrique,False,145.7125749,276.8502994,10,167,491,491,1989-2000,1989,1989,2.25920697,43.62083698,adresse non géocodée ban car aucune correspondance trouvée,0.44,False,DPE:2381E0364376R,aucun,0,adresse_absente_ou_incomplete,True,1419.865465,,,,,Non appariée,Simulation pédagogique locale,commune : médiane + surface/énergie + aléa,85.02188411,True,False,-1013.534535,1013.534535,-41.65096307,0.5834903693,True,1,False
2381E0364596D,5174,2023,2023-02-03,etablissement,2026-01-07,True,conso_enedis_kwh,conso_enedis_kwh:simulation_locale_graine_fixe,Appartement,D,B,centre d'hébergement Le martinet,Allée du Martinet 81100 Castres,Allée du Martinet,Castres,81100,81065,81,ALLEE DU MARTINET,17,17,2707.9,5145,Électricité,True,Électricité,2707.9,0,False,2707.9,total_EF_logement_tout_electrique,False,159.2882353,302.6470588,11,187,533,533,1989-2000,1989,1989,2.25920697,43.62083698,adresse non géocodée ban car aucune correspondance trouvée,0.44,False,DPE:2381E0364596D,aucun,0,adresse_absente_ou_incomplete,True,1378.241917,,,,,Non appariée,Simulation pédagogique locale,commune : médiane + surface/énergie + aléa,81.07305392,True,False,-1329.658083,1329.658083,-49.10292416,0.5089707584,True,1,False
2383E0573367W,6469,2023,2023-02-22,etablissement,2026-01-02,True,conso_enedis_kwh,conso_enedis_kwh:simulation_locale_graine_fixe,Appartement,E,C,1 Rue du Noyer,1 Rue du Noyer 83000 Toulon,1 Rue du Noyer,Toulon,83000,83137,83,1 RUE DU NOYER,16.5,16.5,3113.9,5916.4,Électricité,True,Électricité,3113.9,0,False,3113.9,total_EF_logement_tout_electrique,False,188.7212121,358.569697,14,231,594,594,avant 1948,1945,1945,5.931704043,43.12252502,adresse non géocodée ban car aucune correspondance trouvée,0.78,False,83137|1 RUE DU NOYER,aucun,0,adresse_absente_ou_incomplete,True,3243.872071,,,,,Non appariée,Simulation pédagogique locale,département : médiane + surface/énergie + aléa,196.5983073,True,False,129.9720705,129.9720705,4.173932064,1.041739321,True,1,False
2383E0724825E,4975,2023,2023-03-06,etablissement,2026-01-07,True,conso_enedis_kwh,conso_enedis_kwh:simulation_locale_graine_fixe,Appartement,C,A,RUE DES TANEURS,Rue des Tanneurs 83300 Draguignan,Rue des Tanneurs,Draguignan,83300,83050,83,RUE DES TANNEURS,18.4,18.4,1819.6,3457.3,Électricité,True,Électricité,1670,149.6,True,1819.6,total_EF_logement_tout_electrique,False,98.89130435,187.8967391,6.858695652,126.2,405,405,1989-2000,1989,1989,6.46614203,43.54123497,adresse non géocodée ban car aucune correspondance trouvée,0.77,False,DPE:2383E0724825E,aucun,0,adresse_absente_ou_incomplete,True,4064.338353,,,,,Non appariée,Simulation pédagogique locale,commune : médiane + surface/énergie + aléa,220.887954,True,False,2244.738353,2244.738353,123.3643852,2.233643852,True,1,False
2383E1050949K,6902,2023,2023-03-29,etablissement,2026-01-12,True,conso_enedis_kwh,conso_enedis_kwh:simulation_locale_graine_fixe,Maison,C,A,2250 Chemin de la Seyne a Bastian,2250 Chemin de la Seyne a Bastian 83500 La Seyne-sur-Mer,2250 Chemin de la Seyne a Bastian,La Seyne-sur-Mer,83500,83126,83,2250 CHEMIN DE LA SEYNE A BASTIAN,158,158,9163.9,17411.5,Électricité,True,Électricité,9163.9,0,False,9163.9,total_EF_logement_tout_electrique,False,57.99936709,110.1993671,4,632,1536,1536,1978-1982,1980,1980,5.860595047,43.088553,adresse non géocodée ban car aucune correspondance trouvée,0.84,False,83126|2250 CHEMIN DE LA SEYNE A BASTIAN,aucun,0,adresse_absente_ou_incomplete,True,5701.374051,,,,,Non appariée,Simulation pédagogique locale,commune : médiane + surface/énergie + aléa,36.0846459,True,False,-3462.525949,3462.525949,-37.78441437,0.6221558563,True,1,False
2383E1988786B,3992,2023,2023-06-15,etablissement,2026-01-06,True,conso_enedis_kwh,conso_enedis_kwh:simulation_locale_graine_fixe,Appartement,G,C,42 Place Gustave Balles,42 Place Gustave Balles 83000 Toulon,42 Place Gustave Balles,Toulon,83000,83137,83,42 PLACE GUSTAVE BALLES,29,29,6776.4,12875.3,Électricité,True,Électricité,6776.4,0,False,6776.4,total_EF_logement_tout_electrique,False,233.6689655,443.9758621,17,493,1160,1160,avant 1948,1945,1945,5.950260978,43.11913298,adresse non géocodée ban car aucune correspondance trouvée,0.81,False,83137|42 PLACE GUSTAVE BALLES,aucun,0,adresse_absente_ou_incomplete,True,2371.407129,,,,,Non appariée,Simulation pédagogique locale,département : médiane + surface/énergie + aléa,81.77265963,True,False,-4404.992871,4404.992871,-65.00491221,0.3499508779,True,1,False
2383E2114576D,2479,2023,2023-06-23,etablissement,2026-01-07,True,conso_enedis_kwh,conso_enedis_kwh:simulation_locale_graine_fixe,Appartement,B,A,"Les terres cuites - BATIMENT C BOULEVARD DE LA TOMETTE,",Boulevard de la Tommette 83640 Saint-Zacharie,Boulevard de la Tommette,Saint-Zacharie,83640,83120,83,BOULEVARD DE LA TOMMETTE,50.2,50.2,2563.8,4871.2,Électricité,True,Électricité,2563.8,0,False,2563.8,total_EF_logement_tout_electrique,False,51.07171315,97.03585657,3.685258964,185,511.1,511.1,2006-2012,2009,2009,5.709714984,43.38529603,adresse non géocodée ban car aucune correspondance trouvée,0.49,False,DPE:2383E2114576D,aucun,0,adresse_absente_ou_incomplete,True,4080.540842,,,,,Non appariée,Simulation pédagogique locale,département : médiane + surface/énergie + aléa,81.28567414,True,False,1516.740842,1516.740842,59.1598737,1.591598737,True,1,False
2383E3491376Z,1527,2023,2023-10-17,etablissement,2026-01-08,True,conso_enedis_kwh,conso_enedis_kwh:simulation_locale_graine_fixe,Appartement,F,C,47 Rue Docteur Jouany,47 Rue Docteur Jouany 83000 Toulon,47 Rue Docteur Jouany,Toulon,83000,83137,83,47 RUE DOCTEUR JOUANY,35,35,7693.4,14617.4,Électricité,True,Électricité,7693.4,0,False,7693.4,total_EF_logement_tout_electrique,False,219.8114286,417.64,16,560,1305,1305,avant 1948,1945,1945,5.925292036,43.13189799,adresse non géocodée ban car aucune correspondance trouvée,0.81,False,83137|47 RUE DOCTEUR JOUANY,aucun,0,adresse_absente_ou_incomplete,True,5510.303757,,,,,Non appariée,Simulation pédagogique locale,département : médiane + surface/énergie + aléa,157.4372502,True,False,-2183.096243,2183.096243,-28.37622173,0.7162377827,True,1,False
2383E4029975I,8917,2023,2023-11-23,etablissement,2026-01-06,True,conso_enedis_kwh,conso_enedis_kwh:simulation_locale_graine_fixe,Appartement,D,B,218 rue Rosa Bonheur,218 Rue Rosa Bonheur 83000 Toulon,218 Rue Rosa Bonheur,Toulon,83000,83137,83,218 RUE ROSA BONHEUR,20,20,2657.1,5048.5,Électricité,True,Électricité,2657.1,0,False,2657.1,total_EF_logement_tout_electrique,False,132.855,252.425,9,180,526,526,avant 1948,1945,1945,5.945232043,43.12687504,adresse non géocodée ban car aucune correspondance trouvée,0.81,False,83137|218 RUE ROSA BONHEUR,aucun,0,adresse_absente_ou_incomplete,True,2577.480827,,,,,Non appariée,Simulation pédagogique locale,département : médiane + surface/énergie + aléa,128.8740414,True,False,-79.619173,79.619173,-2.996468819,0.9700353118,True,1,False
2385E0322151U,7693,2023,2023-02-01,etablissement,2026-01-06,True,adresse;annee_construction;conso_enedis_kwh,adresse:reconstruction_adresse_brute;annee_construction:milieu_periode_ou_20_ans_avant_seuil;conso_enedis_kwh:simulation_locale_graine_fixe,Maison,C,C,4 IMPASSE DES IFS,Impasse des Ifs 85470 Bretignolles-sur-Mer,4 IMPASSE DES IFS,Bretignolles-sur-Mer,85470,85035,85,4 IMPASSE DES IFS,86,86,6837,7234.6,Gaz naturel + Électricité,False,Gaz / GPL,441.7,0,False,441.7,somme_des_seules_energies_electriques_EF,False,5.136046512,84.12325581,17.21860465,1480.8,775.9,775.9,2013-2021,,2017,-1.85323703,46.62652304,adresse non géocodée ban car aucune correspondance trouvée,0.82,False,85035|4 IMPASSE DES IFS,aucun,0,adresse_absente_ou_incomplete,True,1527.561582,,,,,Non appariée,Simulation pédagogique locale,commune : médiane + surface/énergie + aléa,17.76234398,True,False,1085.861582,1085.861582,245.8368989,3.458368989,True,1,False
2385E0327087Q,7908,2023,2023-02-01,etablissement,2026-01-06,True,adresse;annee_construction;conso_enedis_kwh,adresse:reconstruction_adresse_brute;annee_construction:milieu_periode_ou_20_ans_avant_seuil;conso_enedis_kwh:simulation_locale_graine_fixe,Maison,C,C,8 IMPASSE DES IFS,Impasse des Ifs 85470 Bretignolles-sur-Mer,8 IMPASSE DES IFS,Bretignolles-sur-Mer,85470,85035,85,8 IMPASSE DES IFS,79,79,6976.6,7361.1,Gaz naturel + Électricité,False,Gaz / GPL,427.2,9.094947018e-13,False,427.2,somme_des_seules_energies_electriques_EF,False,5.407594937,93.17848101,19.17468354,1514.8,781.8,781.8,2013-2021,,2017,-1.85323703,46.62652304,adresse non géocodée ban car aucune correspondance trouvée,0.82,False,85035|8 IMPASSE DES IFS,aucun,0,adresse_absente_ou_incomplete,True,1330.538112,,,,,Non appariée,Simulation pédagogique locale,commune : médiane + surface/énergie + aléa,16.84225459,True,False,903.3381123,903.3381123,211.4555506,3.114555506,True,1,False
2385E3140456D,9778,2023,2023-09-20,etablissement,2026-01-06,True,conso_enedis_kwh,conso_enedis_kwh:simulation_locale_graine_fixe,Maison,C,C,15 RUE SABOTIER,15 Rue du Sabotier 85220 L'Aiguillon-sur-Vie,15 Rue du Sabotier,L'Aiguillon-sur-Vie,85220,85002,85,15 RUE DU SABOTIER,66,66,4615.9,4983.6,Gaz naturel + Électricité,False,Gaz / GPL,408.6,0.1,False,408.6,somme_des_seules_energies_electriques_EF,False,6.190909091,75.50909091,14.87575758,981.8,586.4,586.4,2013-2021,2020,2020,-1.827701947,46.67238701,adresse géocodée ban à l'adresse,0.46,False,85002|15 RUE DU SABOTIER,aucun,0,adresse_absente_ou_incomplete,True,1792.141715,,,,,Non appariée,Simulation pédagogique locale,département : médiane + surface/énergie + aléa,27.15366235,True,False,1383.541715,1383.541715,338.6054124,4.386054124,True,3,False
2385E3142910N,8066,2023,2023-09-21,etablissement,2026-01-06,True,conso_enedis_kwh,conso_enedis_kwh:simulation_locale_graine_fixe,Maison,C,C,13 RUE SABOTIER,15 Rue du Sabotier 85220 L'Aiguillon-sur-Vie,15 Rue du Sabotier,L'Aiguillon-sur-Vie,85220,85002,85,15 RUE DU SABOTIER,66,66,4695.1,5063,Gaz naturel + Électricité,False,Gaz / GPL,408.8,-0.1,False,408.8,somme_des_seules_energies_electriques_EF,False,6.193939394,76.71212121,15.14848485,999.8,595.3,595.3,2013-2021,2020,2020,-1.827701947,46.67238701,adresse géocodée ban à l'adresse,0.46,False,85002|15 RUE DU SABOTIER,aucun,0,adresse_absente_ou_incomplete,True,1792.141715,,,,,Non appariée,Simulation pédagogique locale,département : médiane + surface/énergie + aléa,27.15366235,True,False,1383.341715,1383.341715,338.3908305,4.383908305,True,3,False
2385E3142933K,6909,2023,2023-09-20,etablissement,2026-01-06,True,conso_enedis_kwh,conso_enedis_kwh:simulation_locale_graine_fixe,Maison,C,C,11 RUE SABOTIER,15 Rue du Sabotier 85220 L'Aiguillon-sur-Vie,15 Rue du Sabotier,L'Aiguillon-sur-Vie,85220,85002,85,15 RUE DU SABOTIER,66,66,4615.9,4983.6,Gaz naturel + Électricité,False,Gaz / GPL,408.6,0.1,False,408.6,somme_des_seules_energies_electriques_EF,False,6.190909091,75.50909091,14.87575758,981.8,586.4,586.4,2013-2021,2020,2020,-1.827701947,46.67238701,adresse géocodée ban à l'adresse,0.46,False,85002|15 RUE DU SABOTIER,aucun,0,adresse_absente_ou_incomplete,True,1792.141715,,,,,Non appariée,Simulation pédagogique locale,département : médiane + surface/énergie + aléa,27.15366235,True,False,1383.541715,1383.541715,338.6054124,4.386054124,True,3,False
2385E3171175Q,6488,2023,2023-09-22,etablissement,2026-01-06,True,conso_enedis_kwh,conso_enedis_kwh:simulation_locale_graine_fixe,Maison,C,C,19 RUE SABOTIER,19 Rue du Sabotier 85220 L'Aiguillon-sur-Vie,19 Rue du Sabotier,L'Aiguillon-sur-Vie,85220,85002,85,19 RUE DU SABOTIER,63,63,5974.9,6340.3,Gaz naturel + Électricité,False,Gaz / GPL,406,0,False,406,somme_des_seules_energies_electriques_EF,False,6.444444444,100.6396825,20.48730159,1290.7,711.6,711.6,2013-2021,2020,2020,-1.82765995,46.67243497,adresse non géocodée ban car aucune correspondance trouvée,0.8,False,85002|19 RUE DU SABOTIER,aucun,0,adresse_absente_ou_incomplete,True,1774.837076,,,,,Non appariée,Simulation pédagogique locale,département : médiane + surface/énergie + aléa,28.17201708,True,False,1368.837076,1368.837076,337.1519892,4.371519892,True,1,False
2385E3252881E,5016,2023,2023-09-28,etablissement,2026-01-02,True,conso_enedis_kwh,conso_enedis_kwh:simulation_locale_graine_fixe,Maison,D,D,29 Monseigneur Cazaux,29 Rue monseigneur cazaux 85290 Saint-Laurent-sur-Sèvre,29 Rue monseigneur cazaux,Saint-Laurent-sur-Sèvre,85290,85238,85,29 RUE MONSEIGNEUR CAZAUX,88.7,88.7,12779.6,13423.8,Gaz naturel + Électricité,False,Gaz / GPL,715.8,1.818989404e-12,False,715.8,somme_des_seules_energies_electriques_EF,False,8.069898534,151.3393461,30.99661781,2749.4,1226,1226,1989-2000,1998,1998,-0.8968749789,46.95509701,adresse non géocodée ban car aucune correspondance trouvée,0.77,False,85238|29 RUE MONSEIGNEUR CAZAUX,aucun,0,adresse_absente_ou_incomplete,True,2602.669779,,,,,Non appariée,Simulation pédagogique locale,département : médiane + surface/énergie + aléa,29.34238758,True,False,1886.869779,1886.869779,263.6029308,3.636029308,True,1,False
2386E0442838Q,9997,2023,2023-02-10,etablissement,2026-01-05,True,annee_construction;conso_enedis_kwh,annee_construction:milieu_periode_ou_20_ans_avant_seuil;conso_enedis_kwh:simulation_locale_graine_fixe,Maison,C,C,4 Rue Neuve,4 Rue Neuve 86200 Pouant,4 Rue Neuve,Pouant,86200,86197,86,4 RUE NEUVE,223.9,223.9,26770.9,35539.4,Bois – Granulés (pellets) ou briquettes + Électricité + Fioul domestique,False,Bois,9742.8,-0.1,False,9742.8,somme_des_seules_energies_electriques_EF,False,43.51406878,158.7288968,13.65073694,3056.4,2839.9,2839.9,avant 1948,,1928,0.2730760012,47.00363599,adresse géocodée ban à l'adresse,0.36,False,86197|4 RUE NEUVE,aucun,0,adresse_absente_ou_incomplete,True,2152.428804,,,,,Non appariée,Simulation pédagogique locale,département : médiane + surface/énergie + aléa,9.613348835,True,False,-7590.371196,7590.371196,-77.90749267,0.2209250733,True,1,False
2386E0859938Y,2909,2023,2023-03-15,etablissement,2026-01-07,True,conso_enedis_kwh,conso_enedis_kwh:simulation_locale_graine_fixe,Appartement,C,C,22 22 AVENUE DE LA LIBÉRATION,22 Avenue de la Libération 86000 Poitiers,22 Avenue de la Libération,Poitiers,86000,86194,86,22 AVENUE DE LA LIBERATION,44,44,5760.7,7595.2,Gaz naturel + Électricité,False,Gaz / GPL,2038.4,-9.094947018e-13,False,2038.4,somme_des_seules_energies_electriques_EF,False,46.32727273,172.6181818,22,968,849,849,1948-1974,1948,1948,0.3274709849,46.57282498,adresse non géocodée ban car aucune correspondance trouvée,0.78,False,86194|22 AVENUE DE LA LIBERATION,aucun,0,adresse_absente_ou_incomplete,True,940.7699978,,,,,Non appariée,Simulation pédagogique locale,département : médiane + surface/énergie + aléa,21.38113631,True,False,-1097.630002,1097.630002,-53.84762569,0.4615237431,True,1,False
2386E3151027T,7630,2023,2023-09-21,etablissement,2026-01-05,True,conso_enedis_kwh,conso_enedis_kwh:simulation_locale_graine_fixe,Maison,D,B,20 Impasse de Bel Air,20 Impasse de la rue de Bel'Air 86000 Poitiers,20 Impasse de la rue de Bel'Air,Poitiers,86000,86194,86,20 IMPASSE DE LA RUE DE BEL AIR,57.6,57.6,8943,11138,Bois – Granulés (pellets) ou briquettes + Électricité,False,Bois,2438.9,0.1,False,2438.9,somme_des_seules_energies_electriques_EF,False,42.34201389,193.3680556,6,345.6,882,882,1989-2000,1997,1997,0.332796054,46.59421901,adresse non géocodée ban car aucune correspondance trouvée,0.65,False,86194|20 IMPASSE DE LA RUE DE BEL AIR,aucun,0,adresse_absente_ou_incomplete,True,1778.783206,,,,,Non appariée,Simulation pédagogique locale,département : médiane + surface/énergie + aléa,30.88165289,True,False,-660.1167935,660.1167935,-27.06616891,0.7293383109,True,1,False
2391E0016630F,6005,2023,2023-01-03,etablissement,2026-01-04,True,conso_enedis_kwh,conso_enedis_kwh:simulation_locale_graine_fixe,Maison,C,A,7 RUE HENRI DUNANT,7 Rue Henri Dunant 91330 Yerres,7 Rue Henri Dunant,Yerres,91330,91691,91,7 RUE HENRI DUNANT,112.3,112.3,10732.2,17030.9,Électricité + Bois – Bûches,False,Électricité,6998.5,0,False,6998.5,somme_des_seules_energies_electriques_EF,False,62.31967943,151.6553874,5,561.5,1315,1315,1983-1988,1987,1987,2.512107036,48.73132501,adresse non géocodée ban car aucune correspondance trouvée,0.8,False,91691|7 RUE HENRI DUNANT,aucun,0,adresse_absente_ou_incomplete,True,2783.801466,,,,,Non appariée,Simulation pédagogique locale,département : médiane + surface/énergie + aléa,24.7889712,True,False,-4214.698534,4214.698534,-60.22288396,0.3977711604,True,1,False
2391E0467069U,6650,2023,2023-02-13,etablissement,2026-01-07,True,conso_enedis_kwh,conso_enedis_kwh:simulation_locale_graine_fixe,Appartement,D,B,"18 Passage du Chemin de Fer, Résidence l'Esplanade",18 Passage du Chemin de Fer 91400 Orsay,18 Passage du Chemin de Fer,Orsay,91400,91471,91,18 PASSAGE DU CHEMIN DE FER,38,38,3852.1,7319,Électricité,True,Électricité,3852.1,0,False,3852.1,total_EF_logement_tout_electrique,False,101.3710526,192.6052632,6.997368421,265.9,706,706,1983-1988,1983,1983,2.184265972,48.69684598,adresse non géocodée ban car aucune correspondance trouvée,0.56,False,91471|18 PASSAGE DU CHEMIN DE FER,aucun,0,adresse_absente_ou_incomplete,True,2134.386891,,,,,Non appariée,Simulation pédagogique locale,département : médiane + surface/énergie + aléa,56.16807609,True,False,-1717.713109,1717.713109,-44.5916022,0.554083978,True,1,False
2391E0642339Y,6958,2023,2023-02-24,etablissement,2026-01-07,True,conso_enedis_kwh,conso_enedis_kwh:simulation_locale_graine_fixe,Appartement,D,C,"La Vaucouleur Bis, Rue de l'Armagnac",Rue de l'Armagnac 91940 Les Ulis,Rue de l'Armagnac,Les Ulis,91940,91692,91,RUE DE L ARMAGNAC,46.9,46.9,8645.2,9140.8,Réseau de Chauffage urbain + Électricité,False,Réseau de chaleur,550.7,0.1,False,550.7,somme_des_seules_energies_electriques_EF,False,11.74200426,194.8997868,15.98294243,749.6,797,797,1989-2000,1989,1989,2.16464902,48.678203,adresse non géocodée ban car aucune correspondance trouvée,0.52,False,DPE:2391E0642339Y,aucun,0,adresse_absente_ou_incomplete,True,1329.529655,,,,,Non appariée,Simulation pédagogique locale,commune : médiane + surface/énergie + aléa,28.34818028,True,False,778.8296552,778.8296552,141.4253959,2.414253959,True,1,False
2391E0646274H,3764,2023,2023-02-24,etablissement,2026-01-07,True,conso_enedis_kwh,conso_enedis_kwh:simulation_locale_graine_fixe,Appartement,E,B,9 Rue du Ruisseau,9 Rue du Ruisseau 91400 Orsay,9 Rue du Ruisseau,Orsay,91400,91471,91,9 RUE DU RUISSEAU,28,28,4411.6,8382.1,Électricité,True,Électricité,4411.6,0,False,4411.6,total_EF_logement_tout_electrique,False,157.5571429,299.3607143,10.99285714,307.8,790,790,1989-2000,1989,1989,2.200171955,48.69828603,adresse non géocodée ban car aucune correspondance trouvée,0.79,False,91471|9 RUE DU RUISSEAU,aucun,0,adresse_absente_ou_incomplete,True,1657.177901,,,,,Non appariée,Simulation pédagogique locale,département : médiane + surface/énergie + aléa,59.18492504,True,False,-2754.422099,2754.422099,-62.43589851,0.3756410149,True,1,False
2391E0930093K,5530,2023,2023-03-17,etablissement,2026-01-07,True,Aucun,Aucune,Appartement,E,E,"Résidence Fontaine St-Mathieu, 4 Place de la Poste",4 Place de la Poste 91440 Bures-sur-Yvette,4 Place de la Poste,Bures-sur-Yvette,91440,91122,91,4 PLACE DE LA POSTE,48.1,48.1,10283.8,10881.5,GPL + Électricité,False,Gaz / GPL,664.2,0.1,False,664.2,somme_des_seules_energies_electriques_EF,False,13.80873181,226.2266112,54.98960499,2645,1569,1569,1975-1977,1975,1975,2.162909971,48.69737003,adresse non géocodée ban car aucune correspondance trouvée,0.51,False,91122|4 PLACE DE LA POSTE,exact_normalise,1,apparie,False,827.1428571,827.1428571,11580,14,321642,4 PLACE DE LA POSTE,Moyenne observée à l'adresse,Sans simulation,17.1963172,True,False,162.9428571,162.9428571,24.5321977,1.245321977,False,1,False
2391E1012712B,4667,2023,2023-03-24,etablissement,2026-01-07,True,conso_enedis_kwh,conso_enedis_kwh:simulation_locale_graine_fixe,Appartement,C,B,"50 Bis Route d'Orléans, Les Jardins de Montlhéry 3",50bis Route d’Orléans 91310 Montlhéry,50bis Route d’Orléans,Montlhéry,91310,91425,91,50 BIS ROUTE D ORLEANS,49.7,49.7,4363.4,8290.5,Électricité,True,Électricité,4363.4,0,False,4363.4,total_EF_logement_tout_electrique,False,87.79476861,166.8108652,6.004024145,298.4,784,784,2006-2012,2006,2006,2.269489946,48.64288304,adresse non géocodée ban car aucune correspondance trouvée,0.48,False,91425|50 BIS ROUTE D ORLEANS,aucun,0,adresse_absente_ou_incomplete,True,2483.51108,,,,,Non appariée,Simulation pédagogique locale,département : médiane + surface/énergie + aléa,49.97004185,True,False,-1879.88892,1879.88892,-43.08312142,0.5691687858,True,1,False
2391E1109340N,6121,2023,2023-03-31,etablissement,2026-01-07,True,conso_enedis_kwh,conso_enedis_kwh:simulation_locale_graine_fixe,Appartement,C,C,1 Rue des Bonomées,1 Rue des Bonomées 91160 Saulx-les-Chartreux,1 Rue des Bonomées,Saulx-les-Chartreux,91160,91587,91,1 RUE DES BONOMEES,42.6,42.6,3716.7,4042.4,Gaz naturel + Électricité,False,Gaz / GPL,361.9,-4.547473509e-13,False,361.9,somme_des_seules_energies_electriques_EF,False,8.495305164,94.89201878,18,766.8,477,477,après 2021,2013,2013,2.277241008,48.69298801,adresse non géocodée ban car aucune correspondance trouvée,0.81,False,91587|1 RUE DES BONOMEES,aucun,0,adresse_absente_ou_incomplete,True,2525.782912,,,,,Non appariée,Simulation pédagogique locale,département : médiane + surface/énergie + aléa,59.29067869,True,False,2163.882912,2163.882912,597.9228826,6.979228826,True,1,False
2391E1539678Z,9389,2023,2023-05-09,etablissement,2026-01-08,True,conso_enedis_kwh,conso_enedis_kwh:simulation_locale_graine_fixe,Maison,E,B,85bis Rue René Coty,85bis Rue René Coty 91330 Yerres,85bis Rue René Coty,Yerres,91330,91691,91,85 BIS RUE RENE COTY,88.5,88.5,12326,23419.5,Électricité,True,Électricité,12326,0,False,12326,total_EF_logement_tout_electrique,False,139.2768362,264.6271186,10,885,2034,2034,1978-1982,1978,1978,2.49367303,48.71836002,adresse non géocodée ban car aucune correspondance trouvée,0.81,False,91691|85 BIS RUE RENE COTY,aucun,0,adresse_absente_ou_incomplete,True,4866.995122,,,,,Non appariée,Simulation pédagogique locale,département : médiane + surface/énergie + aléa,54.99429516,True,False,-7459.004878,7459.004878,-60.51439946,0.3948560054,True,1,False
2391E1807942V,9622,2023,2023-05-31,etablissement,2026-01-07,True,conso_enedis_kwh,conso_enedis_kwh:simulation_locale_graine_fixe,Maison,D,D,5 Rue des Acacias,5 Rue des Acacias 91620 Nozay,5 Rue des Acacias,Nozay,91620,91458,91,5 RUE DES ACACIAS,83.5,83.5,14786.5,15659.6,Gaz naturel + Électricité,False,Gaz / GPL,970.1,0,False,970.1,somme_des_seules_energies_electriques_EF,False,11.61796407,187.5401198,37.98203593,3171.5,1415,1415,1989-2000,1989,1989,2.250561955,48.65384096,adresse non géocodée ban car aucune correspondance trouvée,0.78,False,91458|5 RUE DES ACACIAS,aucun,0,adresse_absente_ou_incomplete,True,1736.878474,,,,,Non appariée,Simulation pédagogique locale,département : médiane + surface/énergie + aléa,20.80093981,True,False,766.7784738,766.7784738,79.04117862,1.790411786,True,1,False
2391E1907225K,3299,2023,2023-04-28,etablissement,2026-01-07,True,conso_enedis_kwh,conso_enedis_kwh:simulation_locale_graine_fixe,Appartement,C,B,1 Rue Pierre Gilles de Gennes,1 Rue Pierre-gilles de Gennes 91120 Palaiseau,1 Rue Pierre-gilles de Gennes,Palaiseau,91120,91477,91,1 RUE PIERRE GILLES DE GENNES,40.4,40.4,4804.3,5119.9,Réseau de Chauffage urbain + Électricité,False,Réseau de chaleur,350.7,0.1,False,350.7,somme_des_seules_energies_electriques_EF,False,8.680693069,126.730198,7.995049505,323,451,451,après 2021,2013,2013,2.235185949,48.71622096,adresse non géocodée ban car aucune correspondance trouvée,0.82,False,91477|1 RUE PIERRE GILLES DE GENNES,aucun,0,adresse_absente_ou_incomplete,True,1712.677101,,,,,Non appariée,Simulation pédagogique locale,département : médiane + surface/énergie + aléa,42.39299754,True,False,1361.977101,1361.977101,388.3595953,4.883595953,True,1,False
2391E1990131C,6164,2023,2023-06-09,etablissement,2026-01-07,True,conso_enedis_kwh,conso_enedis_kwh:simulation_locale_graine_fixe,Appartement,B,B,"8 A Rue Magellan, Le Jardin des Muses",8a Rue Magellan 91300 Massy,8a Rue Magellan,Massy,91300,91377,91,8 A RUE MAGELLAN,78.4,78.4,6741,7388.3,Réseau de Chauffage urbain + Électricité,False,Réseau de chaleur,719.2,0,False,719.2,somme_des_seules_energies_electriques_EF,False,9.173469388,94.23852041,6.996173469,548.5,683,683,2006-2012,2006,2006,2.268242951,48.72742999,adresse non géocodée ban car aucune correspondance trouvée,0.47,False,91377|8 A RUE MAGELLAN,aucun,0,adresse_absente_ou_incomplete,True,1651.391738,,,,,Non appariée,Simulation pédagogique locale,département : médiane + surface/énergie + aléa,21.06367013,True,False,932.1917381,932.1917381,129.6150915,2.296150915,True,1,False
2391E2110013Y,84,2023,2023-05-05,etablissement,2026-01-07,True,conso_enedis_kwh,conso_enedis_kwh:simulation_locale_graine_fixe,Appartement,B,B,7 Rue Ampère,7 Rue Ampère 91300 Massy,7 Rue Ampère,Massy,91300,91377,91,7 RUE AMPERE,77.8,77.8,7682.3,8329.4,Réseau de Chauffage urbain + Électricité,False,Réseau de chaleur,719.1,0,False,719.1,somme_des_seules_energies_electriques_EF,False,9.242930591,107.0616967,7.997429306,622.2,757,757,2006-2012,2006,2006,2.26414295,48.72100698,adresse non géocodée ban car aucune correspondance trouvée,0.78,False,91377|7 RUE AMPERE,aucun,0,adresse_absente_ou_incomplete,True,1585.368596,,,,,Non appariée,Simulation pédagogique locale,département : médiane + surface/énergie + aléa,20.37748838,True,False,866.2685956,866.2685956,120.4656648,2.204656648,True,1,False
2391E2188868V,8243,2023,2023-06-28,etablissement,2026-01-07,True,conso_enedis_kwh,conso_enedis_kwh:simulation_locale_graine_fixe,Appartement,B,B,22 Rue Pierre Gilles de Gennes,22 Rue Pierre-gilles de Gennes 91120 Palaiseau,22 Rue Pierre-gilles de Gennes,Palaiseau,91120,91477,91,22 RUE PIERRE GILLES DE GENNES,38.8,38.8,3689.4,3999.2,Réseau de Chauffage urbain + Électricité,False,Réseau de chaleur,344.2,4.547473509e-13,False,344.2,somme_des_seules_energies_electriques_EF,False,8.871134021,103.0721649,8,310.4,362,362,après 2021,2013,2013,2.232624035,48.71722497,adresse non géocodée ban car aucune correspondance trouvée,0.82,False,91477|22 RUE PIERRE GILLES DE GENNES,aucun,0,adresse_absente_ou_incomplete,True,1282.2425,,,,,Non appariée,Simulation pédagogique locale,département : médiane + surface/énergie + aléa,33.04748712,True,False,938.0425004,938.0425004,272.5283267,3.725283267,True,1,False
2391E2665479A,6674,2023,2023-08-07,etablissement,2026-01-02,True,conso_enedis_kwh,conso_enedis_kwh:simulation_locale_graine_fixe,Maison,D,B,27 Avenue du Panorama,27 Avenue du Panorama 91400 Orsay,27 Avenue du Panorama,Orsay,91400,91471,91,27 AVENUE DU PANORAMA,132,132,14113.1,26815,Électricité,True,Électricité,14113.1,0,False,14113.1,total_EF_logement_tout_electrique,False,106.9174242,203.1439394,8.028787879,1059.8,2314.7,2314.7,1978-1982,1978,1978,2.177039018,48.69066302,adresse géocodée ban à l'adresse,0.61,False,91471|27 AVENUE DU PANORAMA,aucun,0,adresse_absente_ou_incomplete,True,6020.521031,,,,,Non appariée,Simulation pédagogique locale,département : médiane + surface/énergie + aléa,45.61000781,True,False,-8092.578969,8092.578969,-57.34090291,0.4265909709,True,1,False
2391E2671570H,3366,2023,2023-08-08,etablissement,2026-01-01,True,conso_enedis_kwh,conso_enedis_kwh:simulation_locale_graine_fixe,Appartement,E,C,3 Rue Danielle Casanova,3 Rue Danielle Casanova 91330 Yerres,3 Rue Danielle Casanova,Yerres,91330,91691,91,3 RUE DANIELLE CASANOVA,54.3,54.3,8024.7,15247,Électricité,True,Électricité,8024.7,0,False,8024.7,total_EF_logement_tout_electrique,False,147.7845304,280.7918969,11,597.3,1356,1356,avant 1948,1945,1945,2.493582002,48.71473701,adresse non géocodée ban car aucune correspondance trouvée,0.81,False,91691|3 RUE DANIELLE CASANOVA,aucun,0,adresse_absente_ou_incomplete,True,2712.362357,,,,,Non appariée,Simulation pédagogique locale,département : médiane + surface/énergie + aléa,49.95142463,True,False,-5312.337643,5312.337643,-66.19982856,0.3380017144,True,1,False
2391E2722449E,6809,2023,2023-08-09,etablissement,2026-01-07,True,conso_enedis_kwh,conso_enedis_kwh:simulation_locale_graine_fixe,Appartement,B,B,"12 A Rue Magellan, Le Jardin des Dames",12a Rue Magellan 91300 Massy,12a Rue Magellan,Massy,91300,91377,91,12 A RUE MAGELLAN,64.3,64.3,5875.5,6435.2,Réseau de Chauffage urbain + Électricité,False,Réseau de chaleur,621.9,0,False,621.9,somme_des_seules_energies_electriques_EF,False,9.6718507,100.0808709,7.00311042,450.3,592,592,2006-2012,2006,2006,2.267135959,48.72708302,adresse non géocodée ban car aucune correspondance trouvée,0.48,False,91377|12 A RUE MAGELLAN,aucun,0,adresse_absente_ou_incomplete,True,1580.103612,,,,,Non appariée,Simulation pédagogique locale,département : médiane + surface/énergie + aléa,24.57392865,True,False,958.2036123,958.2036123,154.0767989,2.540767989,True,1,False
2391E2810377A,5992,2023,2023-05-10,etablissement,2026-01-04,True,conso_enedis_kwh,conso_enedis_kwh:simulation_locale_graine_fixe,Appartement,C,B,53 Rue Charles de Gaulle,53 Rue Charles de Gaulle 91440 Bures-sur-Yvette,53 Rue Charles de Gaulle,Bures-sur-Yvette,91440,91122,91,53 RUE CHARLES DE GAULLE,12.6,12.6,1726.1,3279.6,Électricité,True,Électricité,1726.1,0,False,1726.1,total_EF_logement_tout_electrique,False,136.9920635,260.2857143,8.976190476,113.1,391,391,1948-1974,1948,1948,2.163191039,48.69698396,adresse non géocodée ban car aucune correspondance trouvée,0.83,False,91122|53 RUE CHARLES DE GAULLE,aucun,0,adresse_absente_ou_incomplete,True,1335.031651,,,,,Non appariée,Simulation pédagogique locale,commune : médiane + surface/énergie + aléa,105.954893,True,False,-391.0683488,391.0683488,-22.65618149,0.7734381851,True,2,False
2391E2811609K,769,2023,2023-05-10,etablissement,2026-01-04,True,conso_enedis_kwh,conso_enedis_kwh:simulation_locale_graine_fixe,Appartement,D,B,53 Rue Charles de Gaulle,53 Rue Charles de Gaulle 91440 Bures-sur-Yvette,53 Rue Charles de Gaulle,Bures-sur-Yvette,91440,91122,91,53 RUE CHARLES DE GAULLE,10.1,10.1,1962.2,3728.1,Électricité,True,Électricité,1962.2,0,False,1962.2,total_EF_logement_tout_electrique,False,194.2772277,369.1188119,13,131.3,424,424,1948-1974,1948,1948,2.163191039,48.69698396,adresse non géocodée ban car aucune correspondance trouvée,0.83,False,91122|53 RUE CHARLES DE GAULLE,aucun,0,adresse_absente_ou_incomplete,True,1335.031651,,,,,Non appariée,Simulation pédagogique locale,commune : médiane + surface/énergie + aléa,132.1813516,True,False,-627.1683488,627.1683488,-31.96250885,0.6803749115,True,2,False
2391E3599888V,6896,2023,2023-10-09,etablissement,2026-01-06,True,conso_enedis_kwh,conso_enedis_kwh:simulation_locale_graine_fixe,Maison,D,D,7 Avenue de la Remise,7 Avenue de la Remise 91390 Morsang-sur-Orge,7 Avenue de la Remise,Morsang-sur-Orge,91390,91434,91,7 AVENUE DE LA REMISE,124.6,124.6,26129.8,27061.1,Gaz naturel + Électricité,False,Gaz / GPL,1034.8,0,False,1034.8,somme_des_seules_energies_electriques_EF,False,8.304975923,217.1837881,46.00401284,5732.1,2164,2164,1983-1988,1983,1983,2.353238976,48.659216,adresse non géocodée ban car aucune correspondance trouvée,0.82,False,91434|7 AVENUE DE LA REMISE,aucun,0,adresse_absente_ou_incomplete,True,2565.394617,,,,,Non appariée,Simulation pédagogique locale,département : médiane + surface/énergie + aléa,20.58904187,True,False,1530.594617,1530.594617,147.9121199,2.479121199,True,1,False
2392E0460749T,7302,2023,2023-02-13,etablissement,2026-01-07,True,Aucun,Aucune,Appartement,C,A,42 Rue Maurice Labrousse,42 Rue Maurice Labrousse 92160 Antony,42 Rue Maurice Labrousse,Antony,92160,92002,92,42 RUE MAURICE LABROUSSE,35.2,35.2,3400.6,6461.1,Électricité,True,Électricité,3400.6,0,False,3400.6,total_EF_logement_tout_electrique,False,96.60795455,183.5539773,5.994318182,211,638,638,1989-2000,1989,1989,2.296235991,48.75549399,adresse non géocodée ban car aucune correspondance trouvée,0.81,False,92002|42 RUE MAURICE LABROUSSE,exact_normalise,1,apparie,False,6365.933333,6365.933333,95489,15,96469,42 RUE MAURICE LABROUSSE,Moyenne observée à l'adresse,Sans simulation,180.8503788,True,False,2965.333333,2965.333333,87.20029799,1.87200298,False,1,False
2392E1288796S,5627,2023,2023-04-15,etablissement,2026-01-07,True,Aucun,Aucune,Appartement,E,C,36 Rue Prosper Legouté,36 Rue Prosper Legoute 92160 Antony,36 Rue Prosper Legoute,Antony,92160,92002,92,36 RUE PROSPER LEGOUTE,22.8,22.8,3955.9,7516.3,Électricité,True,Électricité,3955.9,0,False,3955.9,total_EF_logement_tout_electrique,False,173.504386,329.6622807,12,273.6,722,722,1989-2000,1989,1989,2.293763962,48.74696304,adresse non géocodée ban car aucune correspondance trouvée,0.81,False,92002|36 RUE PROSPER LEGOUTE,exact_normalise,1,apparie,False,3843.4375,3843.4375,61495,16,96670,36 RUE PROSPER LEGOUTE,Moyenne observée à l'adresse,Sans simulation,168.5718202,True,False,-112.4625,112.4625,-2.842905534,0.9715709447,False,1,False
2392E1602447F,1619,2023,2023-05-05,etablissement,2026-01-07,True,Aucun,Aucune,Appartement,G,G,"51 Rue Raymond Aron, Résidence d'Alembert",51 Avenue Raymond Aron 92160 Antony,51 Avenue Raymond Aron,Antony,92160,92002,92,51 AVENUE RAYMOND ARON,20.7,20.7,10511,10887.6,GPL + Électricité,False,Gaz / GPL,418.5,-0.1,False,418.5,somme_des_seules_energies_electriques_EF,False,20.2173913,525.9710145,133.0628019,2754.4,1563,1563,1948-1974,1948,1948,2.310839062,48.76870598,adresse non géocodée ban car aucune correspondance trouvée,0.51,False,92002|51 AVENUE RAYMOND ARON,exact_normalise,1,apparie,False,953.3076923,953.3076923,24786,26,96782,51 AVENUE RAYMOND ARON,Moyenne observée à l'adresse,Sans simulation,46.05351171,True,False,534.8076923,534.8076923,127.7915633,2.277915633,False,1,False
2392E2884250I,5431,2023,2023-08-30,etablissement,2026-01-07,True,Aucun,Aucune,Appartement,C,B,1 Rue de l'Annapurna,1 Rue de l'Annapurna 92160 Antony,1 Rue de l'Annapurna,Antony,92160,92002,92,1 RUE DE L ANNAPURNA,117.7,117.7,14088.1,15022.5,Réseau de Chauffage urbain + Électricité,False,Réseau de chaleur,1038.2,0,False,1038.2,somme_des_seules_energies_electriques_EF,False,8.820730671,127.6338148,10.00339847,1177.4,1322,1322,2006-2012,2006,2006,2.284966989,48.73634396,adresse non géocodée ban car aucune correspondance trouvée,0.8,False,92002|1 RUE DE L ANNAPURNA,exact_normalise,1,apparie,False,2204.75,2204.75,35276,16,93803,1 RUE DE L ANNAPURNA,Moyenne observée à l'adresse,Sans simulation,18.73194562,True,False,1166.55,1166.55,112.3627432,2.123627432,False,1,False
2392E3569717L,5545,2023,2023-10-17,etablissement,2026-01-07,True,conso_enedis_kwh,conso_enedis_kwh:simulation_locale_graine_fixe,Appartement,G,C,1 Rue des Ecoles,1 Rue des Ecoles 92330 Sceaux,1 Rue des Ecoles,Sceaux,92330,92071,92,1 RUE DES ECOLES,13.2,13.2,4388.1,8337.3,Électricité,True,Électricité,4388.1,0,False,4388.1,total_EF_logement_tout_electrique,False,332.4318182,631.6136364,24.9469697,329.3,788,788,avant 1948,1945,1945,2.295432047,48.77677297,adresse non géocodée ban car aucune correspondance trouvée,0.79,False,92071|1 RUE DES ECOLES,aucun,0,adresse_absente_ou_incomplete,True,3194.866185,,,,,Non appariée,Simulation pédagogique locale,département : médiane + surface/énergie + aléa,242.035317,True,False,-1193.233815,1193.233815,-27.19249369,0.7280750631,True,1,False
2393E2844522J,8321,2023,2023-08-25,etablissement,2026-01-07,True,conso_enedis_kwh,conso_enedis_kwh:simulation_locale_graine_fixe,Appartement,F,C,11 Rue Lanne,11 Rue Lanne 93200 Saint-Denis,11 Rue Lanne,Saint-Denis,93200,93066,93,11 RUE LANNE,45,45,8023.7,15245.1,Électricité,True,Électricité,8023.7,0,False,8023.7,total_EF_logement_tout_electrique,False,178.3044444,338.78,13,585,1356,1356,avant 1948,1945,1945,2.356830003,48.93330904,adresse non géocodée ban car aucune correspondance trouvée,0.8,False,93066|11 RUE LANNE,aucun,0,adresse_absente_ou_incomplete,True,3679.794499,,,,,Non appariée,Simulation pédagogique locale,département : médiane + surface/énergie + aléa,81.77321108,True,False,-4343.905501,4343.905501,-54.13843366,0.4586156634,True,1,False
2394E0323380K,5967,2023,2023-01-31,etablissement,2026-01-07,True,conso_enedis_kwh,conso_enedis_kwh:simulation_locale_graine_fixe,Appartement,C,A,1 -3 Rue René Panhard,3 Avenue René Panhard 94320 Thiais,3 Avenue René Panhard,Thiais,94320,94073,94,3 AVENUE RENE PANHARD,46.5,46.5,3145,5975.6,Électricité,True,Électricité,3145,0,False,3145,total_EF_logement_tout_electrique,False,67.6344086,128.5075269,4,186,599,599,2001-2005,2001,2001,2.40073098,48.76295601,adresse non géocodée ban car aucune correspondance trouvée,0.62,False,94073|3 AVENUE RENE PANHARD,aucun,0,adresse_absente_ou_incomplete,True,2606.956624,,,,,Non appariée,Simulation pédagogique locale,département : médiane + surface/énergie + aléa,56.06358331,True,False,-538.0433763,538.0433763,-17.1078975,0.828921025,True,1,False
2394E2287072A,3439,2023,2023-07-04,etablissement,2026-01-12,True,conso_enedis_kwh,conso_enedis_kwh:simulation_locale_graine_fixe,Appartement,C,A,55 Avenue des Lacs,55 Avenue des Lacs 94100 Saint-Maur-des-Fossés,55 Avenue des Lacs,Saint-Maur-des-Fossés,94100,94068,94,55 AVENUE DES LACS,34.6,34.6,2963.6,5630.8,Électricité,True,Électricité,2821.3,142.3,True,2963.6,total_EF_logement_tout_electrique,False,85.65317919,162.7398844,6.26300578,216.7,571.7,571.7,1948-1974,1948,1948,2.504032051,48.80607801,adresse non géocodée ban car aucune correspondance trouvée,0.83,False,94068|55 AVENUE DES LACS,aucun,0,adresse_absente_ou_incomplete,True,2572.289881,,,,,Non appariée,Simulation pédagogique locale,département : médiane + surface/énergie + aléa,74.34363819,True,False,-391.3101186,391.3101186,-13.20387767,0.8679612233,True,1,False
2394E3285286W,1220,2023,2023-09-25,etablissement,2026-01-07,True,Aucun,Aucune,Appartement,D,C,2 -4 Allée du Commerce,4 Allée du Commerce 94260 Fresnes,4 Allée du Commerce,Fresnes,94260,94034,94,4 ALLEE DU COMMERCE,53.5,53.5,10600.3,11142.4,Réseau de Chauffage urbain + Électricité,False,Réseau de chaleur,602.3,0,False,602.3,somme_des_seules_energies_electriques_EF,False,11.25794393,208.2691589,19.00747664,1016.9,961,961,1948-1974,1948,1948,2.328312007,48.75683197,adresse non géocodée ban car aucune correspondance trouvée,0.75,False,94034|4 ALLEE DU COMMERCE,exact_normalise,1,apparie,False,2016,2016,24192,12,655914,4 ALLEE DU COMMERCE,Moyenne observée à l'adresse,Sans simulation,37.68224299,True,False,1413.7,1413.7,234.7169185,3.347169185,False,1,False
2395E2435060X,6881,2023,2023-07-17,etablissement,2026-01-07,True,Aucun,Aucune,Appartement,C,A,5 Rue RAOUL SBERRO,5 Rue Raoul Sberro 95120 Ermont,5 Rue Raoul Sberro,Ermont,95120,95219,95,5 RUE RAOUL SBERRO,42.7,42.7,2499.9,4749.8,Électricité,True,Électricité,2526.1,-26.2,True,2499.9,total_EF_logement_tout_electrique,False,58.54566745,111.236534,4.281030445,182.8,526,526,2013-2021,2013,2013,2.269243936,48.98167296,adresse non géocodée ban car aucune correspondance trouvée,0.96,False,95219|5 RUE RAOUL SBERRO,exact_normalise,1,apparie,False,2437.071429,2437.071429,272952,112,619319,5 RUE RAOUL SBERRO,Moyenne observée à l'adresse,Sans simulation,57.07427233,True,False,-62.82857143,62.82857143,-2.513243387,0.9748675661,False,1,False
2395E3140176T,3505,2023,2023-09-20,etablissement,2026-01-04,True,conso_enedis_kwh,conso_enedis_kwh:simulation_locale_graine_fixe,Appartement,D,B,75 du Général de Gaulle,75 Rue du Général de Gaulle 95880 Enghien-les-Bains,75 Rue du Général de Gaulle,Enghien-les-Bains,95880,95210,95,75 RUE DU GENERAL DE GAULLE,26.6,26.6,3521.7,6691.2,Électricité,True,Électricité,3521.7,0,False,3521.7,total_EF_logement_tout_electrique,False,132.3947368,251.5488722,8.984962406,239,656,656,avant 1948,1945,1945,2.305545969,48.96942004,adresse non géocodée ban car aucune correspondance trouvée,0.76,False,95210|75 RUE DU GENERAL DE GAULLE,aucun,0,adresse_absente_ou_incomplete,True,2088.609002,,,,,Non appariée,Simulation pédagogique locale,commune : médiane + surface/énergie + aléa,78.51913541,True,False,-1433.090998,1433.090998,-40.6931595,0.593068405,True,1,False
2395E4091831W,5773,2023,2023-11-29,etablissement,2026-01-11,True,conso_enedis_kwh,conso_enedis_kwh:simulation_locale_graine_fixe,Appartement,D,B,128 de la Ceinture,128 Avenue de Ceinture 95210 Saint-Gratien,128 Avenue de Ceinture,Saint-Gratien,95210,95555,95,128 AVENUE DE CEINTURE,25.5,25.5,2908.1,5525.4,Électricité,True,Électricité,2908.1,0,False,2908.1,total_EF_logement_tout_electrique,False,114.0431373,216.6823529,6.996078431,178.4,563,563,1975-1977,1975,1975,2.294235988,48.97219299,adresse non géocodée ban car aucune correspondance trouvée,0.64,False,95555|128 AVENUE DE CEINTURE,aucun,0,adresse_absente_ou_incomplete,True,1789.071158,,,,,Non appariée,Simulation pédagogique locale,département : médiane + surface/énergie + aléa,70.15965325,True,False,-1119.028842,1119.028842,-38.4797236,0.615202764,True,1,False
